id,userName,fullName,profilePicUrl,isVerified
56743862300,msrit_confessions24,MSRIT'24 | Confessions,https://instagram.fblr2-2.fna.fbcdn.net/v/t51.2885-19/317629127_1603964026708320_9013036633096133125_n.jpg?stp=dst-jpg_s150x150&_nc_ht=instagram.fblr2-2.fna.fbcdn.net&_nc_cat=100&_nc_ohc=aR2JqGTo-sMAX9orOfP&edm=AOG-cTkBAAAA&ccb=7-5&oh=00_AfBNw2vBQqIDZGoT5m3U5VsaWHSbj8TGhsvbKkrm02E--w&oe=638E67A5&_nc_sid=282b66,false
7029548839,___shubhampatil5206______,Shiv Shubham,https://instagram.fblr2-1.fna.fbcdn.net/v/t51.2885-19/301878801_1420950048428596_8854667983044759383_n.jpg?stp=dst-jpg_s150x150&_nc_ht=instagram.fblr2-1.fna.fbcdn.net&_nc_cat=104&_nc_ohc=VfqvxQS2L6AAX-rSvMJ&edm=AOG-cTkBAAAA&ccb=7-5&oh=00_AfBF_cZG5wAxO1QerH4u1f47JtSjMNsBUK7nLixtg9R1Mw&oe=638DB3E6&_nc_sid=282b66,false
56547582986,_msrit_confessions,MSRIT | Confessions,https://instagram.fblr2-2.fna.fbcdn.net/v/t51.2885-19/317186012_916110222707699_231281772653282652_n.jpg?stp=dst-jpg_s150x150&_nc_ht=instagram.fblr2-2.fna.fbcdn.net&_nc_cat=111&_nc_ohc=vMfvEKt2ox4AX8Qd_oo&edm=AOG-cTkBAAAA&ccb=7-5&oh=00_AfCTRsqnex8JiXDqbzXsgnDbBNdoqRnly3g8B-6vmIhphg&oe=638EDC3D&_nc_sid=282b66,false
2322938871,vyomaa_bharadwaj,Vyomaa Bharadwaj,https://instagram.fblr2-1.fna.fbcdn.net/v/t51.2885-19/259746115_266173138875423_2931939083023358837_n.jpg?stp=dst-jpg_s150x150&_nc_ht=instagram.fblr2-1.fna.fbcdn.net&_nc_cat=103&_nc_ohc=65O9Qm4Ga6sAX82Z4Wm&edm=AOG-cTkBAAAA&ccb=7-5&oh=00_AfDgOhBz6d15DKSnVMyAfVMv5IHxsN2kRppJX7r2iK8qMA&oe=638F559E&_nc_sid=282b66,false
12063539925,___nayan05___,...NAYAN KUMAR...🤩,https://instagram.fblr2-1.fna.fbcdn.net/v/t51.2885-19/300092826_481246750487043_8633666991841130899_n.jpg?stp=dst-jpg_s150x150&_nc_ht=instagram.fblr2-1.fna.fbcdn.net&_nc_cat=103&_nc_ohc=pia6RPUrJEgAX-X2oMJ&edm=AOG-cTkBAAAA&ccb=7-5&oh=00_AfCymezYkO-Dsbrx2eL9-mNBt93OJLfm-rWuJa6mdQss7Q&oe=638E3742&_nc_sid=282b66,false
45384881848,varu_n_23,Ⓥ Ⓐ Ⓡ Ⓤ Ⓝ∅,https://instagram.fblr2-2.fna.fbcdn.net/v/t51.2885-19/180753237_556801445338881_1472992289644273011_n.jpg?stp=dst-jpg_s150x150&_nc_ht=instagram.fblr2-2.fna.fbcdn.net&_nc_cat=109&_nc_ohc=Lwy7C1CoPZ4AX9g4xOC&edm=AOG-cTkBAAAA&ccb=7-5&oh=00_AfDlTCCMY1n1NWA76-Mui8Lhu4ERgjK6Q1L9BS1VOc6zXw&oe=638E8F27&_nc_sid=282b66,false
47795254429,aryan_k0d,Aryan Kumar,https://instagram.fblr2-2.fna.fbcdn.net/v/t51.2885-19/317183256_1112605286286765_398385688608098185_n.jpg?stp=dst-jpg_s150x150&_nc_ht=instagram.fblr2-2.fna.fbcdn.net&_nc_cat=109&_nc_ohc=eY0yqs4yEbIAX-vGUs3&edm=AOG-cTkBAAAA&ccb=7-5&oh=00_AfCaVcLVhyueE3SA0hRa3QxZUSF9zaijNCQK-54rD2T66Q&oe=638E7197&_nc_sid=282b66,false
44429278808,abhishikta_05,Abhishikta Datta,https://instagram.fblr2-1.fna.fbcdn.net/v/t51.2885-19/272116761_1121757485345846_6045884775941124316_n.jpg?stp=dst-jpg_s150x150&_nc_ht=instagram.fblr2-1.fna.fbcdn.net&_nc_cat=102&_nc_ohc=TQMR8HH8vrYAX9PqFX4&tn=DBNlXcUCKOf1RGaQ&edm=AOG-cTkBAAAA&ccb=7-5&oh=00_AfAzJcNbNCNxc4EJzDihD_ZjHewXnyb-JTiofpA0FRoMiA&oe=638E9FB9&_nc_sid=282b66,false
44540520580,iamsouvikkeshri,Souvik Keshri,https://instagram.fblr2-2.fna.fbcdn.net/v/t51.2885-19/270400002_667941607906425_5116468318698098060_n.jpg?stp=dst-jpg_s150x150&_nc_ht=instagram.fblr2-2.fna.fbcdn.net&_nc_cat=109&_nc_ohc=fntysOHQ3d0AX8pnoOn&edm=AOG-cTkBAAAA&ccb=7-5&oh=00_AfBCePByAUFuwLHwiIW43o2Xlsz2b1xP4oxqeafkvR6L3Q&oe=638DADA7&_nc_sid=282b66,false
55815772788,bangal_pola_69,Abhishek Ganguly,https://instagram.fblr2-2.fna.fbcdn.net/v/t51.2885-19/311733377_1161660617756348_3319529599728150151_n.jpg?stp=dst-jpg_s150x150&_nc_ht=instagram.fblr2-2.fna.fbcdn.net&_nc_cat=108&_nc_ohc=lXTkpmWXhVYAX_SetoB&edm=AOG-cTkBAAAA&ccb=7-5&oh=00_AfAJM0tFaY_1cpdlR8G5xndGsVCK_aBnfqWGac0mKxlyKg&oe=638E75F3&_nc_sid=282b66,false
23699037356,world__motivational_09,WORLD MOTIVATIONAL,https://instagram.fblr2-2.fna.fbcdn.net/v/t51.2885-19/317482448_848258499653448_7174280174435825463_n.jpg?stp=dst-jpg_s150x150&_nc_ht=instagram.fblr2-2.fna.fbcdn.net&_nc_cat=100&_nc_ohc=0jN_UYd3xPEAX-88UZx&edm=AOG-cTkBAAAA&ccb=7-5&oh=00_AfBkmgDgwPL_mkKW70Hvzdbb-BcpOUsNwEfsICeDsFrdpA&oe=638ED881&_nc_sid=282b66,false
55526835143,ruhiatif2022,,https://instagram.fblr2-1.fna.fbcdn.net/v/t51.2885-19/308670998_1945246805679496_673826795613034716_n.jpg?stp=dst-jpg_s150x150&_nc_ht=instagram.fblr2-1.fna.fbcdn.net&_nc_cat=104&_nc_ohc=5tIgO4gPLP4AX8RonHz&tn=DBNlXcUCKOf1RGaQ&edm=AOG-cTkBAAAA&ccb=7-5&oh=00_AfB2KXCoqnMy12pXdJjfgzYz8ZsfEXVLaW-m6nMCM7hpPQ&oe=638E6703&_nc_sid=282b66,false
34465269410,soumalyoadhikary,Soumalyo Adhikary,https://instagram.fblr2-2.fna.fbcdn.net/v/t51.2885-19/300099147_812378766436481_2544489770334865233_n.jpg?stp=dst-jpg_s150x150&_nc_ht=instagram.fblr2-2.fna.fbcdn.net&_nc_cat=105&_nc_ohc=L87-Sg69CoAAX_g_woj&tn=DBNlXcUCKOf1RGaQ&edm=AOG-cTkBAAAA&ccb=7-5&oh=00_AfAbaaq91067YSdL8orRFvGSxfzpUQOhLVk947PQwvvWpw&oe=638E93F4&_nc_sid=282b66,false
48767298388,vaish_d30,Vaishnavi Dinesh,https://instagram.fbkk2-3.fna.fbcdn.net/v/t51.2885-19/44884218_345707102882519_2446069589734326272_n.jpg?_nc_ht=instagram.fbkk2-3.fna.fbcdn.net&_nc_cat=1&_nc_ohc=v6hG0j-H7LQAX_T1ZgY&edm=AEF8tYYBAAAA&ccb=7-5&ig_cache_key=YW5vbnltb3VzX3Byb2ZpbGVfcGlj.2-ccb7-5&oh=00_AfBD5bvfNZfXiNL3wmu9BHgBeDgFTd2Rx4gBtGNELElkDg&oe=638EA58F&_nc_sid=a9513d,false
7771962636,ashmita419,Ashmita Dutta,https://instagram.fblr2-2.fna.fbcdn.net/v/t51.2885-19/308349055_631358041683046_6160186515712666341_n.jpg?stp=dst-jpg_s150x150&_nc_ht=instagram.fblr2-2.fna.fbcdn.net&_nc_cat=110&_nc_ohc=cB-E8eImLykAX8vNmwq&edm=AOG-cTkBAAAA&ccb=7-5&oh=00_AfAIq4sjO65i05QGq1_lQM4nzA0siEVVsMMJtwkaN0KIfw&oe=638F160D&_nc_sid=282b66,false
54601458070,kusuma_bl_,KUSUMA,https://instagram.fblr2-2.fna.fbcdn.net/v/t51.2885-19/316146659_201886285554720_3570779258723707834_n.jpg?stp=dst-jpg_s150x150&_nc_ht=instagram.fblr2-2.fna.fbcdn.net&_nc_cat=100&_nc_ohc=9dkbga5T8hYAX_xNAGu&edm=AOG-cTkBAAAA&ccb=7-5&oh=00_AfAVHnH7Vk3-qLOy6k9HD-3KjMUBaadKeHytfzuf26lMLg&oe=638F81AF&_nc_sid=282b66,false
6909309424,life_hack_lite,Tanaya Sharma,https://instagram.fblr2-2.fna.fbcdn.net/v/t51.2885-19/194952971_387820689201671_4431050269839005244_n.jpg?stp=dst-jpg_s150x150&_nc_ht=instagram.fblr2-2.fna.fbcdn.net&_nc_cat=111&_nc_ohc=n7il37c7gn4AX_nS2es&edm=AOG-cTkBAAAA&ccb=7-5&oh=00_AfCMjArfC6iSSl59pu5vFiw_FeDjHKM4vaxcxzrPx2zSdw&oe=638EEB09&_nc_sid=282b66,false
54184217987,rahul_red_d23,Rahul M,https://instagram.fblr2-2.fna.fbcdn.net/v/t51.2885-19/310069396_502606451387049_436237435922031665_n.jpg?stp=dst-jpg_s150x150&_nc_ht=instagram.fblr2-2.fna.fbcdn.net&_nc_cat=109&_nc_ohc=GX2c8-YFiEAAX-pRcBH&edm=AOG-cTkBAAAA&ccb=7-5&oh=00_AfDeeHfW-BuTtXpfVbKvRDAUrI8dHxQIgzG9SnG_5hDL4g&oe=638F579A&_nc_sid=282b66,false
53695220511,kya_rahul_,,https://instagram.fblr2-1.fna.fbcdn.net/v/t51.2885-19/290505638_1073052713586014_3615690523089694857_n.jpg?stp=dst-jpg_s150x150&_nc_ht=instagram.fblr2-1.fna.fbcdn.net&_nc_cat=102&_nc_ohc=H-lp-OQa5uoAX_Um7R6&edm=AOG-cTkBAAAA&ccb=7-5&oh=00_AfBZxjL-LLpeyRQeHZgIBvRmj7guE4u-oMJvbdOfUy7aJQ&oe=638EB876&_nc_sid=282b66,false
46713704289,bharath_ram_17,Bharath Reddy,https://instagram.fblr2-2.fna.fbcdn.net/v/t51.2885-19/274106134_461910932112155_901907611292332807_n.jpg?stp=dst-jpg_s150x150&_nc_ht=instagram.fblr2-2.fna.fbcdn.net&_nc_cat=111&_nc_ohc=BOgXxsbOAr8AX9vgyQl&edm=AOG-cTkBAAAA&ccb=7-5&oh=00_AfCfqOPQJ61bAwyr0_bDI0cGdc1unLvuIO6ByQz4hNEOTg&oe=638E9F4B&_nc_sid=282b66,false
49769454724,nayak_arinay,Arijit Nayak,https://instagram.fblr2-1.fna.fbcdn.net/v/t51.2885-19/290712306_1095620834352916_628372771121412497_n.jpg?stp=dst-jpg_s150x150&_nc_ht=instagram.fblr2-1.fna.fbcdn.net&_nc_cat=104&_nc_ohc=Imui1g6EXDwAX9T-ZyD&edm=AOG-cTkBAAAA&ccb=7-5&oh=00_AfC65BSCoxjOFMqQ3C1N07th3Aq5AIntaXz5vZ0Vi3MC3g&oe=638E74A2&_nc_sid=282b66,false
10250293297,featuring_asansol_kolkata,FEATURING ASANSOL/KOLKATA,https://instagram.fblr2-1.fna.fbcdn.net/v/t51.2885-19/211502709_343780923981292_4847338376291659129_n.jpg?stp=dst-jpg_s150x150&_nc_ht=instagram.fblr2-1.fna.fbcdn.net&_nc_cat=104&_nc_ohc=Ih3E0QVbDG4AX9Hmlp0&edm=AOG-cTkBAAAA&ccb=7-5&oh=00_AfCF4GDTkOFpG06v3ihVSpe1iGqFRUrbC4WD65yOPPMQXg&oe=638EC1E9&_nc_sid=282b66,false
4212593604,kumarrahul_123,Rahul Kumar,https://instagram.fblr2-2.fna.fbcdn.net/v/t51.2885-19/277801430_299799958807364_5686681809280548297_n.jpg?stp=dst-jpg_s150x150&_nc_ht=instagram.fblr2-2.fna.fbcdn.net&_nc_cat=108&_nc_ohc=BMS4OXwc58wAX-tOPAj&tn=DBNlXcUCKOf1RGaQ&edm=AOG-cTkBAAAA&ccb=7-5&oh=00_AfChcHnq_bFbMw6G36AGfUIHXcdLPhEaVyj_M68bLuJSLQ&oe=638E248A&_nc_sid=282b66,false
28419855794,__ayusshhh__,AYUSH ANAND,https://instagram.fblr2-2.fna.fbcdn.net/v/t51.2885-19/313213055_805124687404173_4899813106245854969_n.jpg?stp=dst-jpg_s150x150&_nc_ht=instagram.fblr2-2.fna.fbcdn.net&_nc_cat=109&_nc_ohc=pw_l1AJKAHsAX80WQBG&edm=AOG-cTkBAAAA&ccb=7-5&oh=00_AfAF_j0kn_e7h4hAdlFFqwjvSa7W26wB0Zqs1Eo3Xc51wQ&oe=638DF9D8&_nc_sid=282b66,false
19802433548,pranayak_pvt,Pranayak Uniyal,https://instagram.fblr2-1.fna.fbcdn.net/v/t51.2885-19/286443042_3268619500081830_6547090837601847642_n.jpg?stp=dst-jpg_s150x150&_nc_ht=instagram.fblr2-1.fna.fbcdn.net&_nc_cat=106&_nc_ohc=BEmzQJO6KBIAX8aQjlW&edm=AOG-cTkBAAAA&ccb=7-5&oh=00_AfD9jBzw1Sn0Jc2EtqIZ36RnmhvQ4owIAcdDGu8hYPu05Q&oe=638DDAD3&_nc_sid=282b66,false
5597521817,_sohini_sikdar_,সোহিনী 🍂,https://instagram.fblr2-2.fna.fbcdn.net/v/t51.2885-19/273450710_269038588541037_3514610089028592797_n.jpg?stp=dst-jpg_s150x150&_nc_ht=instagram.fblr2-2.fna.fbcdn.net&_nc_cat=109&_nc_ohc=vR7W4C3pHt0AX9gCc5a&edm=AOG-cTkBAAAA&ccb=7-5&oh=00_AfBvKZedcMWktoaWtTOaGt7rLzva3MRPIBhFwjtafsgQ-A&oe=638DCD90&_nc_sid=282b66,false
50826569510,bong_misti_03,Srotoswini,https://instagram.fblr2-2.fna.fbcdn.net/v/t51.2885-19/310699584_492910346064609_6003560098427159738_n.jpg?stp=dst-jpg_s150x150&_nc_ht=instagram.fblr2-2.fna.fbcdn.net&_nc_cat=109&_nc_ohc=OKlQTS01ChUAX-dByEe&edm=AOG-cTkBAAAA&ccb=7-5&oh=00_AfBtfEoDAlek9Rz4dK26ezlRQy8iZeXG-Z3sLx0BXoaFVg&oe=638E306F&_nc_sid=282b66,false
15536820449,puni._.raj,_𝚙𝚞𝚗𝚒𝚝𝚑_,https://instagram.fblr2-1.fna.fbcdn.net/v/t51.2885-19/306928071_1468064893708670_5744380942467493876_n.jpg?stp=dst-jpg_s150x150&_nc_ht=instagram.fblr2-1.fna.fbcdn.net&_nc_cat=102&_nc_ohc=34PZ14XRVhkAX_UBpot&edm=AOG-cTkBAAAA&ccb=7-5&oh=00_AfCsGJYUVsvJ5ly61bmm0ty4s-lgytp1XOBSUVlZn-rBNg&oe=638E561D&_nc_sid=282b66,false
45641513339,sakline__07,❤️س_ثقلین 💘 س۔۔۔,https://instagram.fblr2-2.fna.fbcdn.net/v/t51.2885-19/310316712_985397909524848_8504558030383848140_n.jpg?stp=dst-jpg_s150x150&_nc_ht=instagram.fblr2-2.fna.fbcdn.net&_nc_cat=100&_nc_ohc=70I3q88xO5gAX9qwCkv&edm=AOG-cTkBAAAA&ccb=7-5&oh=00_AfC6QTZW6T7PZsSn6JUZBiVvvT2BtULQ__3l_J9ogQHipQ&oe=638EF2F8&_nc_sid=282b66,false
51242493354,koyocommunity,koyocommunity,https://instagram.fblr2-1.fna.fbcdn.net/v/t51.2885-19/271668044_1059051308001026_2833991102235074176_n.jpg?stp=dst-jpg_s150x150&_nc_ht=instagram.fblr2-1.fna.fbcdn.net&_nc_cat=102&_nc_ohc=AzSo3wK-JHgAX8fay3K&edm=AOG-cTkBAAAA&ccb=7-5&oh=00_AfCKZCnSd6imA4SX4tJI2QFQQ_5Xx9Y9NJLkoHkY7bI3EA&oe=638EF07C&_nc_sid=282b66,false
53800716131,pri_nc7838,,https://instagram.fbkk2-3.fna.fbcdn.net/v/t51.2885-19/44884218_345707102882519_2446069589734326272_n.jpg?_nc_ht=instagram.fbkk2-3.fna.fbcdn.net&_nc_cat=1&_nc_ohc=v6hG0j-H7LQAX_T1ZgY&edm=AEF8tYYBAAAA&ccb=7-5&ig_cache_key=YW5vbnltb3VzX3Byb2ZpbGVfcGlj.2-ccb7-5&oh=00_AfBD5bvfNZfXiNL3wmu9BHgBeDgFTd2Rx4gBtGNELElkDg&oe=638EA58F&_nc_sid=a9513d,false
45368270984,trashy_sasi,Sanskar Singh,https://instagram.fblr2-2.fna.fbcdn.net/v/t51.2885-19/309672395_841998363499847_5594887606476760350_n.jpg?stp=dst-jpg_s150x150&_nc_ht=instagram.fblr2-2.fna.fbcdn.net&_nc_cat=111&_nc_ohc=aZ2PQjo0APQAX_PGDVd&edm=AOG-cTkBAAAA&ccb=7-5&oh=00_AfAKl-o1tLYlg8gQaKzbFqeLfhfU672_WlbH-MqjRD2bnA&oe=638DE52B&_nc_sid=282b66,false
47720095965,misschandrayee,Chandrayee 💖,https://instagram.fblr2-2.fna.fbcdn.net/v/t51.2885-19/313908302_200199032379526_6854472988294891606_n.jpg?stp=dst-jpg_s150x150&_nc_ht=instagram.fblr2-2.fna.fbcdn.net&_nc_cat=110&_nc_ohc=y0LoDEZmjAkAX-oUgJo&edm=AOG-cTkBAAAA&ccb=7-5&oh=00_AfDHbI0FgRzrT_dA1NlR27KuYjxVbQ8OB-nlFelL09wSfQ&oe=638EBE96&_nc_sid=282b66,false
32251578048,yshanroy,Yshan Roy,https://instagram.fblr2-1.fna.fbcdn.net/v/t51.2885-19/283100670_134147409213207_2925312795109892316_n.jpg?stp=dst-jpg_s150x150&_nc_ht=instagram.fblr2-1.fna.fbcdn.net&_nc_cat=103&_nc_ohc=xIlj2OHam8QAX9nwTBu&tn=DBNlXcUCKOf1RGaQ&edm=AOG-cTkBAAAA&ccb=7-5&oh=00_AfDIzXw7YOBNm0Q7xE8q0wxLOdg3bQaZbdWCqY0beqXNfQ&oe=638F7731&_nc_sid=282b66,false
53521893697,soumya_sams_,Soumya Samanta,https://instagram.fblr2-2.fna.fbcdn.net/v/t51.2885-19/282483775_959296051434908_7846241304516980799_n.jpg?stp=dst-jpg_s150x150&_nc_ht=instagram.fblr2-2.fna.fbcdn.net&_nc_cat=108&_nc_ohc=zjyNcbJVU38AX8zRDn2&edm=AOG-cTkBAAAA&ccb=7-5&oh=00_AfDuEZ-OVQFPlR5dPBG_ga1JrHP4HOGpbp2Cq69KRrSE_Q&oe=638DE168&_nc_sid=282b66,false
39131068575,shobhitjaiswal_,𝐒𝐡𝐨𝐛𝐡𝐢𝐭 𝐉𝐚𝐢𝐬𝐰𝐚𝐥,https://instagram.fblr2-1.fna.fbcdn.net/v/t51.2885-19/299584716_615458603312702_1984192980325220560_n.jpg?stp=dst-jpg_s150x150&_nc_ht=instagram.fblr2-1.fna.fbcdn.net&_nc_cat=102&_nc_ohc=KwvohsREhFkAX9wfk5P&edm=AOG-cTkBAAAA&ccb=7-5&oh=00_AfB7HLwOQMAYDGb6Cpmfpid855deQV-HYjsdAc5fx6-rUw&oe=638F85C4&_nc_sid=282b66,false
51774622756,swagata6911,SWAGATA SINHA,https://instagram.fblr2-2.fna.fbcdn.net/v/t51.2885-19/277377010_1153240782097330_8175244318865994657_n.jpg?stp=dst-jpg_s150x150&_nc_ht=instagram.fblr2-2.fna.fbcdn.net&_nc_cat=110&_nc_ohc=A-2C5JSADa0AX92WBfY&tn=DBNlXcUCKOf1RGaQ&edm=AOG-cTkBAAAA&ccb=7-5&oh=00_AfDbJIGFceq57227_FtvFvbthrcVcITmlp_7GmC8df3zJg&oe=638EBFDF&_nc_sid=282b66,false
50061620599,_.deepshikha10._,D e e p s h i k h a,https://instagram.fblr2-2.fna.fbcdn.net/v/t51.2885-19/311135283_614780280131326_2561591008629024364_n.jpg?stp=dst-jpg_s150x150&_nc_ht=instagram.fblr2-2.fna.fbcdn.net&_nc_cat=110&_nc_ohc=6ye6ar8_-W4AX-syGrf&edm=AOG-cTkBAAAA&ccb=7-5&oh=00_AfCuFj7uJprdA3dH8ErSKGZYe3uhiTFZEAXN82oWww1t3Q&oe=638EE0CA&_nc_sid=282b66,false
47435833150,reshmi.mukherjee.3388,Reshmi Mukherjee,https://instagram.fblr2-2.fna.fbcdn.net/v/t51.2885-19/284170119_801768514136914_4079884349615671867_n.jpg?stp=dst-jpg_s150x150&_nc_ht=instagram.fblr2-2.fna.fbcdn.net&_nc_cat=110&_nc_ohc=p3TQkOt6opAAX8-rJ5W&tn=DBNlXcUCKOf1RGaQ&edm=AOG-cTkBAAAA&ccb=7-5&oh=00_AfBQUHTKsTU5lU1wCuS7TQscfG-VZ9TzmzkqG8YpXw_vSQ&oe=638E8F34&_nc_sid=282b66,false
52679440729,sanjay19_2002,Sanjay K,https://instagram.fblr2-2.fna.fbcdn.net/v/t51.2885-19/307980834_866216381430043_280375974091602290_n.jpg?stp=dst-jpg_s150x150&_nc_ht=instagram.fblr2-2.fna.fbcdn.net&_nc_cat=107&_nc_ohc=vV0leUEA3dwAX8NYBm4&tn=DBNlXcUCKOf1RGaQ&edm=AOG-cTkBAAAA&ccb=7-5&oh=00_AfD8bGnBS2g0uIwyGSpooesE5BzQ1v1LhkHfjf94ftGuOA&oe=638DCD39&_nc_sid=282b66,false
8441268748,saptaparna_patra,✨ puchki ✨,https://instagram.fblr2-1.fna.fbcdn.net/v/t51.2885-19/315150959_518938880282869_1304471856500274184_n.jpg?stp=dst-jpg_s150x150&_nc_ht=instagram.fblr2-1.fna.fbcdn.net&_nc_cat=101&_nc_ohc=Ne_SbcU3VbAAX99YK09&edm=AOG-cTkBAAAA&ccb=7-5&oh=00_AfD0AhBR56gcfWfJtvyC_ETRhwcjHTqMUMlvkYL_5yh5XA&oe=638F4388&_nc_sid=282b66,false
9391952316,puja_kr12,priyanka,https://instagram.fblr2-1.fna.fbcdn.net/v/t51.2885-19/275676653_451833789957867_4843636879307826310_n.jpg?stp=dst-jpg_s150x150&_nc_ht=instagram.fblr2-1.fna.fbcdn.net&_nc_cat=103&_nc_ohc=13E-RIMXezgAX-FvPNi&edm=AOG-cTkBAAAA&ccb=7-5&oh=00_AfAZjwity-71o9spUYR5303AODL99DQDkzYiiwWPfwvv2A&oe=638F9669&_nc_sid=282b66,false
51794657831,luckysale2022,lucky sale,https://instagram.fblr2-2.fna.fbcdn.net/v/t51.2885-19/274205780_337027338337973_2979896537254228465_n.jpg?stp=dst-jpg_s150x150&_nc_ht=instagram.fblr2-2.fna.fbcdn.net&_nc_cat=105&_nc_ohc=s_xPfwqtfdAAX_sENRV&tn=DBNlXcUCKOf1RGaQ&edm=AOG-cTkBAAAA&ccb=7-5&oh=00_AfABADaue67ShQYOszT0FnG5HMknAer666Nydyi8GtNZbg&oe=638F9592&_nc_sid=282b66,false
41355593733,reha272003,Rhea,https://instagram.fblr2-1.fna.fbcdn.net/v/t51.2885-19/270013975_1561981840830649_1290640432409046391_n.jpg?stp=dst-jpg_s150x150&_nc_ht=instagram.fblr2-1.fna.fbcdn.net&_nc_cat=101&_nc_ohc=0f54LLeGbV0AX9iI7CO&edm=AOG-cTkBAAAA&ccb=7-5&oh=00_AfAF3-Umk8P8k4zbVjh4KbZaYKhhNQH0NliwdofAf8urlw&oe=638F6C6C&_nc_sid=282b66,false
6233689889,the_aesthetic_teen_,🥀Debolina Das Gupta 🥀,https://instagram.fblr2-1.fna.fbcdn.net/v/t51.2885-19/316459912_668779748176492_5572076376086186306_n.jpg?stp=dst-jpg_s150x150&_nc_ht=instagram.fblr2-1.fna.fbcdn.net&_nc_cat=104&_nc_ohc=B3Gmd_mmnN8AX9YAdzw&edm=AOG-cTkBAAAA&ccb=7-5&oh=00_AfBPog3SaKndGqn4U-p2gbs0aXW0Tenb2ch07lAUH5IH2Q&oe=638E874E&_nc_sid=282b66,false
52162729547,rit_smaash,RIT_SMAASH,https://instagram.fblr2-1.fna.fbcdn.net/v/t51.2885-19/274373632_679258116835407_4109910426158901840_n.jpg?stp=dst-jpg_s150x150&_nc_ht=instagram.fblr2-1.fna.fbcdn.net&_nc_cat=103&_nc_ohc=LzrtMVQprn0AX8faPkH&edm=AOG-cTkBAAAA&ccb=7-5&oh=00_AfCHG-akjFHiBsuv_X5KTYc_0NeCi6NrwwKgMQXfOSvr7A&oe=638DD6D0&_nc_sid=282b66,false
11883610604,ka_to_do_09,Anuska Sarkar,https://instagram.fblr2-2.fna.fbcdn.net/v/t51.2885-19/310926743_1129908020957969_671063931884926641_n.jpg?stp=dst-jpg_s150x150&_nc_ht=instagram.fblr2-2.fna.fbcdn.net&_nc_cat=105&_nc_ohc=HY_Q5SdPF30AX9CWrio&tn=DBNlXcUCKOf1RGaQ&edm=AOG-cTkBAAAA&ccb=7-5&oh=00_AfAy4T-27LUT7la-Vozbn7AhD-LGGOyfkdl3XKcO0GRb_w&oe=638E8E78&_nc_sid=282b66,false
4876060883,_.iampritam._,Pritam Saha,https://instagram.fblr2-2.fna.fbcdn.net/v/t51.2885-19/316587864_814479943314559_2439340149313259234_n.jpg?stp=dst-jpg_s150x150&_nc_ht=instagram.fblr2-2.fna.fbcdn.net&_nc_cat=107&_nc_ohc=x9zk1VTlgc4AX-AfFXh&edm=AOG-cTkBAAAA&ccb=7-5&oh=00_AfDWhvb-U_LL1ATGHZlxTM3eJs0s39ORpIhnYUIv8WOFtQ&oe=638F353F&_nc_sid=282b66,false
6164191961,aviator__sumit,Sumit  Roy,https://instagram.fblr2-2.fna.fbcdn.net/v/t51.2885-19/310493978_495156955836765_5755278619990927508_n.jpg?stp=dst-jpg_s150x150&_nc_ht=instagram.fblr2-2.fna.fbcdn.net&_nc_cat=109&_nc_ohc=zbzdRI949dQAX_pcdjv&edm=AOG-cTkBAAAA&ccb=7-5&oh=00_AfASjfGCP4pZ-7ZztD7k0XaaU5hG1p93TFEvHzHYludBsg&oe=638E2BA0&_nc_sid=282b66,false
41146395108,samruddhi._.gowda,SAMRUDDHI 🌸,https://instagram.fblr2-1.fna.fbcdn.net/v/t51.2885-19/316123463_679439543537174_3996843785062381863_n.jpg?stp=dst-jpg_s150x150&_nc_ht=instagram.fblr2-1.fna.fbcdn.net&_nc_cat=102&_nc_ohc=Wcfr5QZWOQ0AX9tGy5p&edm=AOG-cTkBAAAA&ccb=7-5&oh=00_AfAOd6cifYOuDj5Y_--s3GCmc00J57My2E4JNDE41sYKoQ&oe=638E10C3&_nc_sid=282b66,false
48299593755,cozyvibe.0,,https://instagram.fblr2-2.fna.fbcdn.net/v/t51.2885-19/239109371_1013626456101732_647213159760668858_n.jpg?stp=dst-jpg_s150x150&_nc_ht=instagram.fblr2-2.fna.fbcdn.net&_nc_cat=100&_nc_ohc=A85G41hCBSgAX_TQwGk&edm=AOG-cTkBAAAA&ccb=7-5&oh=00_AfDZWP90Sh7SqsGz4E_VD7kpkw_nMiPSbMr37zmdmKXwDg&oe=638EC25F&_nc_sid=282b66,false
14323090369,dollars_world_,Arun Dollars,https://instagram.fblr2-1.fna.fbcdn.net/v/t51.2885-19/252950578_310760777543728_8562994547842356939_n.jpg?stp=dst-jpg_s150x150&_nc_ht=instagram.fblr2-1.fna.fbcdn.net&_nc_cat=104&_nc_ohc=nn_dWFaJN2EAX_C50mf&edm=AOG-cTkBAAAA&ccb=7-5&oh=00_AfDOeToHl8CTF4tYICw9xvohGXTACJwvsacdTamHWCheQA&oe=638DE3F1&_nc_sid=282b66,false
50272035471,josephabraganza,Joseph A Braganza,https://instagram.fblr2-2.fna.fbcdn.net/v/t51.2885-19/270996962_1580627478959083_6189281081044764050_n.jpg?stp=dst-jpg_s150x150&_nc_ht=instagram.fblr2-2.fna.fbcdn.net&_nc_cat=107&_nc_ohc=bXgiiTurQo0AX8UXiO1&edm=AOG-cTkBAAAA&ccb=7-5&oh=00_AfBLGKuzoxN2zJQI4Vshorn30LsvCn20Q3TH8N3wllUkYA&oe=638F7C42&_nc_sid=282b66,false
3112569749,the_godfather2919,Prasanjan Pattanayak,https://instagram.fblr2-1.fna.fbcdn.net/v/t51.2885-19/297624140_179950614444422_2449775488379803188_n.jpg?stp=dst-jpg_s150x150&_nc_ht=instagram.fblr2-1.fna.fbcdn.net&_nc_cat=102&_nc_ohc=Aig2cEod9BoAX89EUkh&edm=AOG-cTkBAAAA&ccb=7-5&oh=00_AfAPM6ZJ8Ba9KgMaEzQM_ie4tjuAq1tA07uy2cnsZ01SJw&oe=638F662B&_nc_sid=282b66,false
6064510392,joyjeetroychowdhury91,joyjeet( jiju👻),https://instagram.fjai1-1.fna.fbcdn.net/v/t51.2885-19/44884218_345707102882519_2446069589734326272_n.jpg?efg=eyJybWQiOiJpZ19hbmRyb2lkX21vYmlsZV9uZXR3b3JrX3N0YWNrX3RpZ29uX21uc19ybWRfMjU1X3YyOmNvbnRyb2wifQ&_nc_ht=instagram.fjai1-1.fna.fbcdn.net&_nc_cat=1&_nc_ohc=v6hG0j-H7LQAX_dv_GV&edm=ALlQn9MBAAAA&ccb=7-5&ig_cache_key=YW5vbnltb3VzX3Byb2ZpbGVfcGlj.2-ccb7-5&oh=00_AfAfaDP8e6YwtWS2BLO0T42UFF-jRz3urrcGJyrY1KWLRA&oe=638EA58F&_nc_sid=48a2a6,false
50859206525,pri_yanka._.jain,Priyanka jain,https://instagram.fblr2-1.fna.fbcdn.net/v/t51.2885-19/271450096_4726614274113663_2251321845599889513_n.jpg?stp=dst-jpg_s150x150&_nc_ht=instagram.fblr2-1.fna.fbcdn.net&_nc_cat=103&_nc_ohc=rJamZv0Ov_gAX-7aXkV&tn=DBNlXcUCKOf1RGaQ&edm=AOG-cTkBAAAA&ccb=7-5&oh=00_AfD3PF1q3a69CgnPDY5hjpap3E5w6g-YjqBI8n47LPRKXA&oe=638DBCE3&_nc_sid=282b66,false
44060430214,__karnthakur,Karan Thakur,https://instagram.fblr2-2.fna.fbcdn.net/v/t51.2885-19/277033009_507104104389176_8025150039628600168_n.jpg?stp=dst-jpg_s150x150&_nc_ht=instagram.fblr2-2.fna.fbcdn.net&_nc_cat=108&_nc_ohc=4pUKeD5grukAX_zgyC5&edm=AOG-cTkBAAAA&ccb=7-5&oh=00_AfA9ZSsdLlWsplg_XzpqU_FNlqSybBy5swJUqRxEvpTeEg&oe=638DDD68&_nc_sid=282b66,false
48844838167,shreyabose222,Shreya Bose Chaudhary,https://instagram.fblr2-2.fna.fbcdn.net/v/t51.2885-19/312068014_856215345388559_4362523115014355655_n.jpg?stp=dst-jpg_s150x150&_nc_ht=instagram.fblr2-2.fna.fbcdn.net&_nc_cat=111&_nc_ohc=a4_WoeeJFccAX9LEiBa&edm=AOG-cTkBAAAA&ccb=7-5&oh=00_AfBCWGv93tZiyjPp9GlTq1y1VVLtchOO3qLd54dQ14AE6A&oe=638EFDA9&_nc_sid=282b66,false
45199060837,snehakekunnaya_02,Sneha K,https://instagram.fblr2-2.fna.fbcdn.net/v/t51.2885-19/317267224_658041712641317_3257754525422731581_n.jpg?stp=dst-jpg_s150x150&_nc_ht=instagram.fblr2-2.fna.fbcdn.net&_nc_cat=105&_nc_ohc=qNPmF_ycZ8EAX9AcUrK&edm=AOG-cTkBAAAA&ccb=7-5&oh=00_AfCmSZvtAeZbVnj579x33r_UBpdUaPiXJlIb6KGFqDh2fw&oe=638EFD18&_nc_sid=282b66,false
7469733866,md_umair___,Mohammed Umair,https://instagram.fblr2-2.fna.fbcdn.net/v/t51.2885-19/273016655_526441675721971_2005072653094850629_n.jpg?stp=dst-jpg_s150x150&_nc_ht=instagram.fblr2-2.fna.fbcdn.net&_nc_cat=107&_nc_ohc=yhsoVDJVXSsAX-ReDuF&edm=AOG-cTkBAAAA&ccb=7-5&oh=00_AfBJSe7sdFl-mqiUZvVtW7jw3IwKZ8fZ-04LyXlHh-abgQ&oe=638F5FEA&_nc_sid=282b66,false
8543612852,umesh.debnath,Umesh Debnath,https://instagram.fjai1-1.fna.fbcdn.net/v/t51.2885-19/44884218_345707102882519_2446069589734326272_n.jpg?efg=eyJybWQiOiJpZ19hbmRyb2lkX21vYmlsZV9uZXR3b3JrX3N0YWNrX3RpZ29uX21uc19ybWRfMjU1X3YyOmNvbnRyb2wifQ&_nc_ht=instagram.fjai1-1.fna.fbcdn.net&_nc_cat=1&_nc_ohc=v6hG0j-H7LQAX_dv_GV&edm=ALlQn9MBAAAA&ccb=7-5&ig_cache_key=YW5vbnltb3VzX3Byb2ZpbGVfcGlj.2-ccb7-5&oh=00_AfAfaDP8e6YwtWS2BLO0T42UFF-jRz3urrcGJyrY1KWLRA&oe=638EA58F&_nc_sid=48a2a6,false
32058474548,bhattacharyyaparinita,Parinita Bhattacharyya,https://instagram.fblr2-1.fna.fbcdn.net/v/t51.2885-19/241363140_1464703143883093_3814664211890473110_n.jpg?stp=dst-jpg_s150x150&_nc_ht=instagram.fblr2-1.fna.fbcdn.net&_nc_cat=101&_nc_ohc=ABktZZOFa4wAX-dUoO8&edm=AOG-cTkBAAAA&ccb=7-5&oh=00_AfBU4hs7k45QJ2CFpWvqVlTnKGm3mYgbDkeROiNRK-vPOQ&oe=638DC086&_nc_sid=282b66,false
51171564575,mousumisarkar8737,Mousumi sarkar,https://instagram.fblr2-1.fna.fbcdn.net/v/t51.2885-19/269988534_435267748332234_9199167818074038805_n.jpg?stp=dst-jpg_s150x150&_nc_ht=instagram.fblr2-1.fna.fbcdn.net&_nc_cat=106&_nc_ohc=jOTFQaqSdBQAX_Ep6tu&edm=AOG-cTkBAAAA&ccb=7-5&oh=00_AfB52H_FKHUrwlGX-5Ty38g0UZdJHMebqwLYjBWEb-K8ZA&oe=638F17C4&_nc_sid=282b66,false
4783600239,all_for_one_7,Satvik Bhardwaj,https://instagram.fblr2-2.fna.fbcdn.net/v/t51.2885-19/217711085_887459678784275_4003284500695184287_n.jpg?stp=dst-jpg_s150x150&_nc_ht=instagram.fblr2-2.fna.fbcdn.net&_nc_cat=111&_nc_ohc=VUHMVF58INcAX_9LPcT&edm=AOG-cTkBAAAA&ccb=7-5&oh=00_AfB3DN3D9YU-r-4xuuMz7MBYyCPKOApqOKAFn5GiJekMtQ&oe=638E23A5&_nc_sid=282b66,false
20453906901,backchods_of_ete,backchods_of_ete,https://instagram.fblr2-1.fna.fbcdn.net/v/t51.2885-19/100960622_3153493034710362_5094869117672882176_n.jpg?stp=dst-jpg_s150x150&_nc_ht=instagram.fblr2-1.fna.fbcdn.net&_nc_cat=106&_nc_ohc=MD_3fF89S-gAX-L_cAZ&edm=AOG-cTkBAAAA&ccb=7-5&oh=00_AfCRAg80tp8KLaL1OV2-WwIqoRTut4xvMuhJDozNNIA1RQ&oe=638EA310&_nc_sid=282b66,false
50412941317,wihox94062,Rohit sharma,https://instagram.fblr2-1.fna.fbcdn.net/v/t51.2885-19/250854451_357219259480562_1021175851345672674_n.jpg?stp=dst-jpg_s150x150&_nc_ht=instagram.fblr2-1.fna.fbcdn.net&_nc_cat=102&_nc_ohc=RthiiWeJS0sAX_JF5f3&edm=AOG-cTkBAAAA&ccb=7-5&oh=00_AfBoGvwXU0ftIW1GAa4MvSQHeNEe2rAEEoxqT4uMMuTXOg&oe=638E5EAD&_nc_sid=282b66,false
7110397894,yash_nayak24,Yash Nayak,https://instagram.fblr2-2.fna.fbcdn.net/v/t51.2885-19/312053686_207277184990851_1834048628477454327_n.jpg?stp=dst-jpg_s150x150&_nc_ht=instagram.fblr2-2.fna.fbcdn.net&_nc_cat=107&_nc_ohc=2yI5CVt9vnAAX9na9bs&edm=AOG-cTkBAAAA&ccb=7-5&oh=00_AfAaog79IU5b5_NSr05eURddUX_r5Dkv6XuPG2v7JkfCqQ&oe=638DF582&_nc_sid=282b66,false
45639143194,puja_malladi,Malladi sri pujitha,https://instagram.fblr2-2.fna.fbcdn.net/v/t51.2885-19/284711493_170034482107577_8136453527759801402_n.jpg?stp=dst-jpg_s150x150&_nc_ht=instagram.fblr2-2.fna.fbcdn.net&_nc_cat=105&_nc_ohc=GhZLZ5mXAn8AX8UApUd&edm=AOG-cTkBAAAA&ccb=7-5&oh=00_AfBQQCDrmN1M9TMETsw5jvMM0GpOuZ54g5u0K0Z2dfpv0g&oe=638F9567&_nc_sid=282b66,false
31604073188,ahanaroy_official,Ahana Roy,https://instagram.fblr2-1.fna.fbcdn.net/v/t51.2885-19/316449834_824941885439559_1189631845481983952_n.jpg?stp=dst-jpg_s150x150&_nc_ht=instagram.fblr2-1.fna.fbcdn.net&_nc_cat=103&_nc_ohc=Whnd5EqpXd4AX_0I_5L&edm=AOG-cTkBAAAA&ccb=7-5&oh=00_AfBwqTHmrqcl2qqyNtyR2GxJqyse1s5pNF7nyCowcq0ZUQ&oe=638F35A1&_nc_sid=282b66,false
4360599314,rishi_priyadarshi,Rishi,https://instagram.fblr2-1.fna.fbcdn.net/v/t51.2885-19/164916465_1115557938961026_6515918885328615525_n.jpg?stp=dst-jpg_s150x150&_nc_ht=instagram.fblr2-1.fna.fbcdn.net&_nc_cat=106&_nc_ohc=aEOBA4K_K2EAX8gXi3A&edm=AOG-cTkBAAAA&ccb=7-5&oh=00_AfARVxeo0yTq5sCCA4kIqmlkMnopiofZM5omI1pDd_FM6Q&oe=638F60DE&_nc_sid=282b66,false
44339545883,rsaumyarathore,Saumya Rathore,https://instagram.fblr2-2.fna.fbcdn.net/v/t51.2885-19/312685596_1072879376727403_6402610015710597881_n.jpg?stp=dst-jpg_s150x150&_nc_ht=instagram.fblr2-2.fna.fbcdn.net&_nc_cat=107&_nc_ohc=gfZF5jnvyu0AX-bnC5k&edm=AOG-cTkBAAAA&ccb=7-5&oh=00_AfAa5UhhMEfK4x_h_lKkk7AQp9FdVSYS-p3XmSsZA9tT9g&oe=638E36F1&_nc_sid=282b66,false
6719781925,priya_here_13,P R I Y A 🍁,https://instagram.fblr2-2.fna.fbcdn.net/v/t51.2885-19/292488950_591522085871981_8400745926867492290_n.jpg?stp=dst-jpg_s150x150&_nc_ht=instagram.fblr2-2.fna.fbcdn.net&_nc_cat=105&_nc_ohc=aiueNKZlK-sAX_fSohq&edm=AOG-cTkBAAAA&ccb=7-5&oh=00_AfB96AQ27CzqxboA0gFCuv25rMOvnOelB9ieuvBp88nH0g&oe=638E8088&_nc_sid=282b66,false
42933327197,sanjay_harish7,Sanjay H Gowda,https://instagram.fblr2-2.fna.fbcdn.net/v/t51.2885-19/313632316_798636471238569_305499414748372994_n.jpg?stp=dst-jpg_s150x150&_nc_ht=instagram.fblr2-2.fna.fbcdn.net&_nc_cat=109&_nc_ohc=k7cs7V2OpiYAX82rCEJ&edm=AOG-cTkBAAAA&ccb=7-5&oh=00_AfAINjCH_YADP2sdQHSmY2krkbAxaJAtILAubfpShRluvQ&oe=638F1F61&_nc_sid=282b66,false
4155103737,virenmallya,Viren Mallya,https://instagram.fblr2-1.fna.fbcdn.net/v/t51.2885-19/270270576_4843435965723375_6519211130557670126_n.jpg?stp=dst-jpg_s150x150&_nc_ht=instagram.fblr2-1.fna.fbcdn.net&_nc_cat=103&_nc_ohc=Izi0y9Erq7UAX-Y3fK4&edm=AOG-cTkBAAAA&ccb=7-5&oh=00_AfAdUXptuzob5czccSewJIFuzwoHwZqt2p_CVPW6Mq2BEg&oe=638DEE4E&_nc_sid=282b66,false
32590104742,bikie678,Surajit Bhakta,https://instagram.fblr2-2.fna.fbcdn.net/v/t51.2885-19/239622297_213415944135835_7171403433589841579_n.jpg?stp=dst-jpg_s150x150&_nc_ht=instagram.fblr2-2.fna.fbcdn.net&_nc_cat=107&_nc_ohc=FCyPkmYI0QwAX8Jzueg&edm=AOG-cTkBAAAA&ccb=7-5&oh=00_AfA3j-RJDOAHe-xuDdmKi9BWh-jhp6gWEEH18t03PyBdtg&oe=638DC8E2&_nc_sid=282b66,false
11923073245,namrataroymondal,Namrata Roy Mondal,https://instagram.fblr2-1.fna.fbcdn.net/v/t51.2885-19/94469799_230051951655447_6896779456518553600_n.jpg?stp=dst-jpg_s150x150&_nc_ht=instagram.fblr2-1.fna.fbcdn.net&_nc_cat=103&_nc_ohc=DD17n0ZSunQAX9n9Kb0&edm=AOG-cTkBAAAA&ccb=7-5&oh=00_AfCTNbcKXUoXKx-8V6_IpxNMmEkIvRqrQJAHbiO-9d36rA&oe=638F488A&_nc_sid=282b66,false
43012960928,paramshourya,Param Shourya Singhania,https://instagram.fblr2-2.fna.fbcdn.net/v/t51.2885-19/311033772_2039858196214440_6507228951887039629_n.jpg?stp=dst-jpg_s150x150&_nc_ht=instagram.fblr2-2.fna.fbcdn.net&_nc_cat=100&_nc_ohc=qu5RVT-8rtgAX9_iIIw&edm=AOG-cTkBAAAA&ccb=7-5&oh=00_AfCMppfpDbo0XjTQzbve1_mmw3ho7OngJE7UG2zn_K37Pw&oe=638F95A5&_nc_sid=282b66,false
35134795234,neha._.gulati,ਨੇਹਾ ਗੁਲਾਟੀ❤️,https://instagram.fblr2-2.fna.fbcdn.net/v/t51.2885-19/96395939_577076282945399_3575827021453852672_n.jpg?stp=dst-jpg_s150x150&_nc_ht=instagram.fblr2-2.fna.fbcdn.net&_nc_cat=111&_nc_ohc=Bm62fbuqhEwAX9DSZE9&edm=AOG-cTkBAAAA&ccb=7-5&oh=00_AfA17AdsW_yTIB0RElpWos9ARaHoDN9IyO1Dp6YrhoKypQ&oe=638EEAA2&_nc_sid=282b66,false
50496009367,mogalshoaib14,Mogalshoaib,https://instagram.fblr2-1.fna.fbcdn.net/v/t51.2885-19/256825071_433420881706024_2772948505333133239_n.jpg?stp=dst-jpg_s150x150&_nc_ht=instagram.fblr2-1.fna.fbcdn.net&_nc_cat=104&_nc_ohc=NAiLubdyUIsAX-_GHR0&edm=AOG-cTkBAAAA&ccb=7-5&oh=00_AfAYbJx_jIaD3Qg6HHloGQX5A_B2Gs4FlhJ6vOVdBHN7Iw&oe=638E0956&_nc_sid=282b66,false
2354228290,divyangana_xo,Divyangana Haldar,https://instagram.fblr2-2.fna.fbcdn.net/v/t51.2885-19/315373128_180591534553699_2024070958388775303_n.jpg?stp=dst-jpg_s150x150&_nc_ht=instagram.fblr2-2.fna.fbcdn.net&_nc_cat=107&_nc_ohc=XycBRb9P2M4AX_Zvu6P&edm=AOG-cTkBAAAA&ccb=7-5&oh=00_AfAJrMa7aHlBnEKRai2HYhpQs3kalr9uALj7XPHdqvdHHg&oe=638DE52A&_nc_sid=282b66,false
49759658600,tibandheenathayalan6,Tiban Tiban,https://instagram.fblr2-1.fna.fbcdn.net/v/t51.2885-19/243062587_2106090059544709_3463275989298194101_n.jpg?stp=dst-jpg_s150x150&_nc_ht=instagram.fblr2-1.fna.fbcdn.net&_nc_cat=101&_nc_ohc=9cDUF45VRB4AX-TkVR1&edm=AOG-cTkBAAAA&ccb=7-5&oh=00_AfBSDeql0h1_rbLYJ6CKd9MvqHUloAYIzLx2s9prlhJT3A&oe=638F7AED&_nc_sid=282b66,false
50013317248,ritheartspeaks,RIT HEARTSPEAKS,https://instagram.fblr2-2.fna.fbcdn.net/v/t51.2885-19/255208036_126089536488432_1658769173127032147_n.jpg?stp=dst-jpg_s150x150&_nc_ht=instagram.fblr2-2.fna.fbcdn.net&_nc_cat=100&_nc_ohc=l6BKheqs98QAX9G5EPs&edm=AOG-cTkBAAAA&ccb=7-5&oh=00_AfAcyK7WNQS6eV0HJCr0JebAtCyGWWqLmJ8GAiYYiFLx_g&oe=638EC7A3&_nc_sid=282b66,false
47220525840,ms.soujanya15,₴øʉj₳₦ɏ₳ ₥,https://instagram.fblr2-1.fna.fbcdn.net/v/t51.2885-19/316637193_856833208682190_8401509794230669628_n.jpg?stp=dst-jpg_s150x150&_nc_ht=instagram.fblr2-1.fna.fbcdn.net&_nc_cat=106&_nc_ohc=dTksA4JSJjIAX9S1eqS&edm=AOG-cTkBAAAA&ccb=7-5&oh=00_AfBAw_YDfVhhFdJn5YvBzuYIlPbU0hPShFIoRtTc6_qJcA&oe=638F54EF&_nc_sid=282b66,false
47789186958,chiragghosh25,VenomRider😈🖤,https://instagram.fblr2-1.fna.fbcdn.net/v/t51.2885-19/248067599_1236175950225193_3874170975956616830_n.jpg?stp=dst-jpg_s150x150&_nc_ht=instagram.fblr2-1.fna.fbcdn.net&_nc_cat=101&_nc_ohc=WiKaV1JZtyAAX_gbnHt&tn=DBNlXcUCKOf1RGaQ&edm=AOG-cTkBAAAA&ccb=7-5&oh=00_AfCPg_5oex41z7sCwX4OV0SHFZo04ZDaxWWrn8RJNSVmxw&oe=638F0488&_nc_sid=282b66,false
12738559179,with_wings_always,𝚃 𝙸 𝚃 𝙻 𝙸 🦋,https://instagram.fblr2-2.fna.fbcdn.net/v/t51.2885-19/316364074_870467903983248_2753918886429590845_n.jpg?stp=dst-jpg_s150x150&_nc_ht=instagram.fblr2-2.fna.fbcdn.net&_nc_cat=100&_nc_ohc=WjBRfSK5A_AAX8wMiFG&tn=DBNlXcUCKOf1RGaQ&edm=AOG-cTkBAAAA&ccb=7-5&oh=00_AfDVNea5SlRA3HoWtHVnf0a6Jxp9jkLEMFftj9tv9Iv9TQ&oe=638F7082&_nc_sid=282b66,false
4268549356,its.rajpoot.06,क्षितिज राजपूत♌,https://instagram.fblr2-2.fna.fbcdn.net/v/t51.2885-19/297582934_138335388884731_3998425448154722959_n.jpg?stp=dst-jpg_s150x150&_nc_ht=instagram.fblr2-2.fna.fbcdn.net&_nc_cat=107&_nc_ohc=jc5uSwVYtFUAX9zTvHA&edm=AOG-cTkBAAAA&ccb=7-5&oh=00_AfBXWluhCGWWRzaEzctiFYEBJIFGkpDc5HDtrg_Em_lRIA&oe=638DFBCC&_nc_sid=282b66,false
49840217145,the_anjali_choudhury,ANJALI CHOUDHURY,https://instagram.fblr2-2.fna.fbcdn.net/v/t51.2885-19/306245520_759999871968404_2439198379078706120_n.jpg?stp=dst-jpg_s150x150&_nc_ht=instagram.fblr2-2.fna.fbcdn.net&_nc_cat=108&_nc_ohc=RF_vUEykrrkAX9IQOUl&edm=AOG-cTkBAAAA&ccb=7-5&oh=00_AfBWpBmbJRLKJyD3D0nDNzAYkNml93tl_YynB8syJ4UcFw&oe=638DCF08&_nc_sid=282b66,false
5697334998,diva_in_universe,Sushmita Chandra,https://instagram.fblr2-2.fna.fbcdn.net/v/t51.2885-19/245240868_894014434833648_8326236090788733240_n.jpg?stp=dst-jpg_s150x150&_nc_ht=instagram.fblr2-2.fna.fbcdn.net&_nc_cat=100&_nc_ohc=AZuIqCtzGlMAX-2rCa3&edm=AOG-cTkBAAAA&ccb=7-5&oh=00_AfAeW6f51p48NKFYR6ecdt_SW1i8HnP91xBLmEEmpjbWZg&oe=638F568E&_nc_sid=282b66,false
11659452236,4o4_errorr,🅐🅥🅘🅢🅗🅔🅚 🃏🅢🅐🅡🅚🅐🅡 ♠️,https://instagram.fblr2-2.fna.fbcdn.net/v/t51.2885-19/300575646_3317418818495585_1448216226424177211_n.jpg?stp=dst-jpg_s150x150&_nc_ht=instagram.fblr2-2.fna.fbcdn.net&_nc_cat=105&_nc_ohc=PB7yCR6Dk28AX-jlHBJ&edm=AOG-cTkBAAAA&ccb=7-5&oh=00_AfBTYUn_IAnnAkhZECtswH0gyGxrxf7fXgfEaWzMDc9hMg&oe=638DB7DE&_nc_sid=282b66,false
47528885858,tathagatachaudhuri39,Tathagata Chaudhuri,https://instagram.fblr2-1.fna.fbcdn.net/v/t51.2885-19/316060187_1534675120339395_8152056629316720703_n.jpg?stp=dst-jpg_s150x150&_nc_ht=instagram.fblr2-1.fna.fbcdn.net&_nc_cat=103&_nc_ohc=4-a2eJGrESwAX8iJKVe&edm=AOG-cTkBAAAA&ccb=7-5&oh=00_AfCw8uaNcQ-ynY8rB-41aARMt0_whXjIOpH9BpzkxanKOQ&oe=638E32E2&_nc_sid=282b66,false
26418002015,itzrahul_25_,,https://instagram.fblr2-1.fna.fbcdn.net/v/t51.2885-19/316000598_1180359525929978_8292037522976106900_n.jpg?stp=dst-jpg_s150x150&_nc_ht=instagram.fblr2-1.fna.fbcdn.net&_nc_cat=102&_nc_ohc=izwqnwPANpQAX_YbLUa&edm=AOG-cTkBAAAA&ccb=7-5&oh=00_AfCRbjkTx7m8blOnrkz5A9i5EtB1MUjtLwRrXO8T7FYmPw&oe=638EC7E6&_nc_sid=282b66,false
12960291642,mainaksadhukhanx,Mainak Sadhukhan,https://instagram.fblr2-2.fna.fbcdn.net/v/t51.2885-19/271457341_1138734496866929_3153924313507613143_n.jpg?stp=dst-jpg_s150x150&_nc_ht=instagram.fblr2-2.fna.fbcdn.net&_nc_cat=105&_nc_ohc=fMZCQmwYmr4AX9f98Za&edm=AOG-cTkBAAAA&ccb=7-5&oh=00_AfAqeVqcTVOGRFVr3ySUAsLD32lkobDIXxbqR02zImmzVA&oe=638E0AE5&_nc_sid=282b66,false
44916053724,samruddhi_c.r_,Samruddhi.C.R,https://instagram.fblr2-1.fna.fbcdn.net/v/t51.2885-19/241295168_800260140652347_7372073381800462913_n.jpg?stp=dst-jpg_s150x150&_nc_ht=instagram.fblr2-1.fna.fbcdn.net&_nc_cat=103&_nc_ohc=IZ_XaUbHX10AX_v5Q5X&edm=AOG-cTkBAAAA&ccb=7-5&oh=00_AfBjrvR9rMiOJPsQpp_k3LYJA_nmpUl1jaw-QiIpAa0nxA&oe=638F20FE&_nc_sid=282b66,false
4877556162,_shawn_daniel_,Shawn Rodrigues,https://instagram.fblr2-2.fna.fbcdn.net/v/t51.2885-19/292278447_1015905089070142_4145260849837620713_n.jpg?stp=dst-jpg_s150x150&_nc_ht=instagram.fblr2-2.fna.fbcdn.net&_nc_cat=110&_nc_ohc=DUxLAtggDnAAX-6xYse&edm=AOG-cTkBAAAA&ccb=7-5&oh=00_AfB3_TtpmqOHu_q06Q0ifjoFYYxf3Gwcz3h7zYufk-EDJg&oe=638F6FD2&_nc_sid=282b66,false
1945151352,__.oorko.__,Arka Banerjee,https://instagram.fblr2-1.fna.fbcdn.net/v/t51.2885-19/317492181_1107875256542730_665132100724580113_n.jpg?stp=dst-jpg_s150x150&_nc_ht=instagram.fblr2-1.fna.fbcdn.net&_nc_cat=106&_nc_ohc=Exx0ICrp0iEAX9GM7zN&edm=AOG-cTkBAAAA&ccb=7-5&oh=00_AfDkuu1DkgtVVhNJje7h0gpq5R33dTbQ4I2GjaBHkVailA&oe=638F1BFA&_nc_sid=282b66,false
49300018203,nitmair.yt,,https://instagram.fjai1-1.fna.fbcdn.net/v/t51.2885-19/44884218_345707102882519_2446069589734326272_n.jpg?efg=eyJybWQiOiJpZ19hbmRyb2lkX21vYmlsZV9uZXR3b3JrX3N0YWNrX3RpZ29uX21uc19ybWRfMjU1X3YyOmNvbnRyb2wifQ&_nc_ht=instagram.fjai1-1.fna.fbcdn.net&_nc_cat=1&_nc_ohc=v6hG0j-H7LQAX_dv_GV&edm=ALlQn9MBAAAA&ccb=7-5&ig_cache_key=YW5vbnltb3VzX3Byb2ZpbGVfcGlj.2-ccb7-5&oh=00_AfAfaDP8e6YwtWS2BLO0T42UFF-jRz3urrcGJyrY1KWLRA&oe=638EA58F&_nc_sid=48a2a6,false
46697376784,rajatbharti714,Rajat Bharti,https://instagram.fblr2-1.fna.fbcdn.net/v/t51.2885-19/312922807_6222910924405732_634134185045492953_n.jpg?stp=dst-jpg_s150x150&_nc_ht=instagram.fblr2-1.fna.fbcdn.net&_nc_cat=104&_nc_ohc=KWd1xHW9towAX_1Cscq&edm=AOG-cTkBAAAA&ccb=7-5&oh=00_AfC7jzLzkLVRrIZnambSO4UrScDra9v7yaNHdOZA9S_Syg&oe=638F3B14&_nc_sid=282b66,false
4316738457,shreyash_.707,Shreyash Pandey,https://instagram.fblr2-2.fna.fbcdn.net/v/t51.2885-19/299997733_314340524205041_3326290953392789300_n.jpg?stp=dst-jpg_s150x150&_nc_ht=instagram.fblr2-2.fna.fbcdn.net&_nc_cat=105&_nc_ohc=o4oaoTTQI7MAX-KTouO&tn=DBNlXcUCKOf1RGaQ&edm=AOG-cTkBAAAA&ccb=7-5&oh=00_AfBJyKgoTq4lMFnbeCUWGJwN7cl5LF8OPdr-nZpRDnEtTQ&oe=638E1DD2&_nc_sid=282b66,false
42342908085,kirankumar.s.7165,Kirankumar S,https://instagram.fblr2-2.fna.fbcdn.net/v/t51.2885-19/245240194_1039358956800056_3172163839369075852_n.jpg?stp=dst-jpg_s150x150&_nc_ht=instagram.fblr2-2.fna.fbcdn.net&_nc_cat=108&_nc_ohc=KE3VnQwFBIQAX802IS1&edm=AOG-cTkBAAAA&ccb=7-5&oh=00_AfBzRdotkhD1Lk1xMgDCsoP8QltRgRdSyWgCzl2QynrHGQ&oe=638EC898&_nc_sid=282b66,false
8280491137,eishraj_1608,Eish raj,https://instagram.fblr2-1.fna.fbcdn.net/v/t51.2885-19/315231077_5600796519957330_8190062384731358997_n.jpg?stp=dst-jpg_s150x150&_nc_ht=instagram.fblr2-1.fna.fbcdn.net&_nc_cat=106&_nc_ohc=nGA7mSq6d6wAX-1Ahvd&edm=AOG-cTkBAAAA&ccb=7-5&oh=00_AfDyAJ2PiaBLtFex-yN7-xM_Vs_rt_WmIjFZArUxibFFHA&oe=638E3046&_nc_sid=282b66,false
47285122024,emirate_newbel,Emirates  smoke shop Bengaluru,https://instagram.fblr2-1.fna.fbcdn.net/v/t51.2885-19/313737509_5465829786845617_9178177423775223752_n.jpg?stp=dst-jpg_s150x150&_nc_ht=instagram.fblr2-1.fna.fbcdn.net&_nc_cat=101&_nc_ohc=NoYK_x8p8rcAX-Dx4q2&edm=AOG-cTkBAAAA&ccb=7-5&oh=00_AfBqn17_Cf4-8JffExiRBSbkiO9_EzsLgHPbeLHuX-qWLQ&oe=638E245C&_nc_sid=282b66,false
2199265366,_ali_ester_,Alister Moras,https://instagram.fblr2-1.fna.fbcdn.net/v/t51.2885-19/292741663_433814115315049_6602688058802951997_n.jpg?stp=dst-jpg_s150x150&_nc_ht=instagram.fblr2-1.fna.fbcdn.net&_nc_cat=101&_nc_ohc=5oywBFCPTnsAX-mevmP&edm=AOG-cTkBAAAA&ccb=7-5&oh=00_AfBr8YqRtDDmetIy4MSGyK86KXGbHg7KU5cWGbTrRsTSvQ&oe=638E55E9&_nc_sid=282b66,false
42784524841,c02kr,Chandan,https://instagram.fblr2-1.fna.fbcdn.net/v/t51.2885-19/158899753_2806456636232713_5731598197702100748_n.jpg?stp=dst-jpg_s150x150&_nc_ht=instagram.fblr2-1.fna.fbcdn.net&_nc_cat=101&_nc_ohc=-29_vY3372IAX9FIABs&tn=DBNlXcUCKOf1RGaQ&edm=AOG-cTkBAAAA&ccb=7-5&oh=00_AfB-PoxmxnswAqO4AyJHMEHScG55IEdkudLcckDubFJoUA&oe=638F396C&_nc_sid=282b66,false
3062794766,__._amit,Amit Yadav,https://instagram.fblr2-2.fna.fbcdn.net/v/t51.2885-19/220148511_864595191078497_7471421142108738529_n.jpg?stp=dst-jpg_s150x150&_nc_ht=instagram.fblr2-2.fna.fbcdn.net&_nc_cat=105&_nc_ohc=OLn_g9uO4jMAX9LTj5S&edm=AOG-cTkBAAAA&ccb=7-5&oh=00_AfA0eafkUMsg_Cjg3q9iYOK2Cj3gZmSlllblsCIkk_RV9A&oe=638F73AA&_nc_sid=282b66,false
7582057046,damayantee,Damayantee Roy,https://instagram.fblr2-1.fna.fbcdn.net/v/t51.2885-19/272109381_130883856081866_2574377307827309776_n.jpg?stp=dst-jpg_s150x150&_nc_ht=instagram.fblr2-1.fna.fbcdn.net&_nc_cat=102&_nc_ohc=WTWxuCCJf3MAX9Dxsrq&edm=AOG-cTkBAAAA&ccb=7-5&oh=00_AfDhT7msVZlLBFVdPOYzSwwbo3MrJrpJJa5Am-i6RpC4Iw&oe=638F964A&_nc_sid=282b66,false
5482710577,anirbanbanerjee_1001,Anirban Banerjee,https://instagram.fblr2-2.fna.fbcdn.net/v/t51.2885-19/240754264_260461225924235_2865886998481302563_n.jpg?stp=dst-jpg_s150x150&_nc_ht=instagram.fblr2-2.fna.fbcdn.net&_nc_cat=111&_nc_ohc=cDOzAj5g3vEAX9uVil5&edm=AOG-cTkBAAAA&ccb=7-5&oh=00_AfDMVC-RO8EXnAzWVsGW0aQkapbpXKekIMcrQl8v1ZqOhg&oe=638E5FB7&_nc_sid=282b66,false
9218482969,mr_abhi_2201,𝙰𝚋𝚑𝚊𝚢 . 𝙶𝚘𝚜𝚊𝚟𝚒 . ⭐⚡,https://instagram.fblr2-2.fna.fbcdn.net/v/t51.2885-19/299767711_6150089585006554_2045530442557587541_n.jpg?stp=dst-jpg_s150x150&_nc_ht=instagram.fblr2-2.fna.fbcdn.net&_nc_cat=110&_nc_ohc=uLAmzNhO32AAX-zEYFU&edm=AOG-cTkBAAAA&ccb=7-5&oh=00_AfB6_rQ2ZFAlTj1x2CVSf7wdREEF5CTUvm9MwJT4uJAPLg&oe=638F6F6D&_nc_sid=282b66,false
44669674145,pranav_.__10._,Pranav Jyotishi,https://instagram.fblr2-2.fna.fbcdn.net/v/t51.2885-19/314668302_504500008368137_9078526195263853956_n.jpg?stp=dst-jpg_s150x150&_nc_ht=instagram.fblr2-2.fna.fbcdn.net&_nc_cat=105&_nc_ohc=DeVugNMs9GQAX9WChTF&tn=DBNlXcUCKOf1RGaQ&edm=AOG-cTkBAAAA&ccb=7-5&oh=00_AfA_jp0DknGoTInuDyTC2-vubEnrOf6Qy8HYrF4nx2AMZg&oe=638DBA3A&_nc_sid=282b66,false
45787970929,the_softhenic_,Sayantika,https://instagram.fblr2-2.fna.fbcdn.net/v/t51.2885-19/313024304_628250999028909_1794419452194350674_n.jpg?stp=dst-jpg_s150x150&_nc_ht=instagram.fblr2-2.fna.fbcdn.net&_nc_cat=109&_nc_ohc=dxizvtbWlWsAX_56FXG&edm=AOG-cTkBAAAA&ccb=7-5&oh=00_AfBs0QfvvYzXHfPLemYX9bmtPNLO_QRW_JODQ-TrGXOJgg&oe=638EFD4D&_nc_sid=282b66,false
36293474727,_foodclan_,Foodclan | Food Blogger,https://instagram.fblr2-2.fna.fbcdn.net/v/t51.2885-19/119177339_2690811401182401_3286901290039329004_n.jpg?stp=dst-jpg_s150x150&_nc_ht=instagram.fblr2-2.fna.fbcdn.net&_nc_cat=109&_nc_ohc=s8Epkyq-68YAX-Ouw-O&edm=AOG-cTkBAAAA&ccb=7-5&oh=00_AfA6KdBRuCr-PJV905dII2RCeUApmhvVpBV69T98RrvI5w&oe=638E5F59&_nc_sid=282b66,false
44333969378,theevolvingg_guy,Utkarsh Soni,https://instagram.fadl3-1.fna.fbcdn.net/v/t51.2885-19/44884218_345707102882519_2446069589734326272_n.jpg?_nc_ht=instagram.fadl3-1.fna.fbcdn.net&_nc_cat=1&_nc_ohc=v6hG0j-H7LQAX-t7eOo&edm=ALlQn9MBAAAA&ccb=7-5&ig_cache_key=YW5vbnltb3VzX3Byb2ZpbGVfcGlj.2-ccb7-5&oh=00_AfBejhi-vVUsFowO5W0Q0YqC9dks2whsD7TmL6vhFVFLtA&oe=638EA58F&_nc_sid=48a2a6,false
48149376421,shobhaaa21,Shobha,https://instagram.fblr2-2.fna.fbcdn.net/v/t51.2885-19/311017960_653019339874940_93424390622101366_n.jpg?stp=dst-jpg_s150x150&_nc_ht=instagram.fblr2-2.fna.fbcdn.net&_nc_cat=108&_nc_ohc=ktiRm0cWjIoAX8UL_B6&edm=AOG-cTkBAAAA&ccb=7-5&oh=00_AfCxQLLo3u3xs_DEg8V9ryYKzHb3HjbAOTC8Um58-E9nJQ&oe=638F6FFA&_nc_sid=282b66,false
8559742998,aahil_khan_54880,Aahil Raza Ibrahim,https://instagram.fblr2-1.fna.fbcdn.net/v/t51.2885-19/274614237_633709581051770_4445134087793225639_n.jpg?stp=dst-jpg_s150x150&_nc_ht=instagram.fblr2-1.fna.fbcdn.net&_nc_cat=102&_nc_ohc=cE4mEstA7ZYAX_HGSiG&edm=AOG-cTkBAAAA&ccb=7-5&oh=00_AfC3BO52XgLdnJkjV9-9t77cSDiOUQFtzB8nY4rkRitLHA&oe=638F2201&_nc_sid=282b66,false
6165819642,megha_bhattacherjee,Megha Bhattacherjee,https://instagram.fblr2-2.fna.fbcdn.net/v/t51.2885-19/198166692_994125067993004_4288488308319013734_n.jpg?stp=dst-jpg_s150x150&_nc_ht=instagram.fblr2-2.fna.fbcdn.net&_nc_cat=108&_nc_ohc=ytOJzW3CtkAAX-K6VPC&edm=AOG-cTkBAAAA&ccb=7-5&oh=00_AfBvkgk2zmmoqPm9JsEv5tXonRaA9q737AZ25UT8qNeVAw&oe=638ECD06&_nc_sid=282b66,false
3861210042,14shawan,Shawan Paul,https://instagram.fblr2-2.fna.fbcdn.net/v/t51.2885-19/284644785_1060555944874601_8309398047020243805_n.jpg?stp=dst-jpg_s150x150&_nc_ht=instagram.fblr2-2.fna.fbcdn.net&_nc_cat=105&_nc_ohc=OQ_Qf1kheT0AX8u-PxB&edm=AOG-cTkBAAAA&ccb=7-5&oh=00_AfC5uCXiL4jm-6xNpbVat04Cr-8CW1xkQlAdNoN3-ZLkaQ&oe=638E49E4&_nc_sid=282b66,false
7561287628,_.vaishnaviii_p_s._,vaishnaviiii🦋,https://instagram.fblr2-2.fna.fbcdn.net/v/t51.2885-19/176218907_300175751514477_6492821122754708429_n.jpg?stp=dst-jpg_s150x150&_nc_ht=instagram.fblr2-2.fna.fbcdn.net&_nc_cat=109&_nc_ohc=Ffk8Hk_YgU0AX95z-t2&edm=AOG-cTkBAAAA&ccb=7-5&oh=00_AfCb3w7-jJesFoCrof3P4xF-l6uX2KQp90nlvyI_vrRWPA&oe=638DD99F&_nc_sid=282b66,false
2314054743,chiragnairy,Chirag Nairy,https://instagram.fblr2-1.fna.fbcdn.net/v/t51.2885-19/281426521_1167389967328261_5414621243863947478_n.jpg?stp=dst-jpg_s150x150&_nc_ht=instagram.fblr2-1.fna.fbcdn.net&_nc_cat=101&_nc_ohc=Rden20wTUikAX9qDxRc&tn=DBNlXcUCKOf1RGaQ&edm=AOG-cTkBAAAA&ccb=7-5&oh=00_AfAV1J5PwKw8wtMeyvtRsNkaMUDN0MbeCHtMAzZP2q3Gtg&oe=638ED842&_nc_sid=282b66,false
48036899066,_delicious_delite_,DeliciousDelite,https://instagram.fblr2-2.fna.fbcdn.net/v/t51.2885-19/217973493_346688040406075_3382401304087041838_n.jpg?stp=dst-jpg_s150x150&_nc_ht=instagram.fblr2-2.fna.fbcdn.net&_nc_cat=107&_nc_ohc=rkzOrmLHlVAAX_vm5UY&edm=AOG-cTkBAAAA&ccb=7-5&oh=00_AfD6F2aKzveR9eoKnZODbd_dQ7YqjL-xVzkw6JyxGQfFpw&oe=638E8161&_nc_sid=282b66,false
3969768048,aj_____ay_uppi,AJAY,https://instagram.fblr2-1.fna.fbcdn.net/v/t51.2885-19/287090786_719637489325010_8354411899406417700_n.jpg?stp=dst-jpg_s150x150&_nc_ht=instagram.fblr2-1.fna.fbcdn.net&_nc_cat=102&_nc_ohc=-ryZWALmpQEAX84WW9k&tn=DBNlXcUCKOf1RGaQ&edm=AOG-cTkBAAAA&ccb=7-5&oh=00_AfBkUBuKwmdoFOFyav_p9XP0Mg3dpCB1elGXi_V_hdvacQ&oe=638F46C4&_nc_sid=282b66,false
2910093747,roshniroche,Roshni Roche,https://instagram.fblr2-2.fna.fbcdn.net/v/t51.2885-19/290008682_382208590448827_7880391456346927351_n.jpg?stp=dst-jpg_s150x150&_nc_ht=instagram.fblr2-2.fna.fbcdn.net&_nc_cat=107&_nc_ohc=xBN5x-V0Us8AX-QrBEN&edm=AOG-cTkBAAAA&ccb=7-5&oh=00_AfAyl4EwsthHfMkdCLbdySkhuUxBbGC6WM7BTHxTMzXkSA&oe=638ECEC4&_nc_sid=282b66,false
12018178568,purva_rajodiya_,Purva🦋,https://instagram.fblr2-2.fna.fbcdn.net/v/t51.2885-19/312615632_788626215734045_5307483413567386836_n.jpg?stp=dst-jpg_s150x150&_nc_ht=instagram.fblr2-2.fna.fbcdn.net&_nc_cat=105&_nc_ohc=ZwW_nxwgXl0AX9vaOJr&edm=AOG-cTkBAAAA&ccb=7-5&oh=00_AfAXFyYQ7XN8fECVHgD4o69MqzPP0OASSxS5oZTpj4xvlw&oe=638DA463&_nc_sid=282b66,false
8438253488,_debaparni_,Debaparni Dutta,https://instagram.fblr2-2.fna.fbcdn.net/v/t51.2885-19/298079122_777235713707335_5795308109676115452_n.jpg?stp=dst-jpg_s150x150&_nc_ht=instagram.fblr2-2.fna.fbcdn.net&_nc_cat=107&_nc_ohc=U2ROVPnBXe4AX9LriqP&edm=AOG-cTkBAAAA&ccb=7-5&oh=00_AfA_ZQNDJCV7upBnLuz0jYoePseu-5YxxTBfwJlJKBBFRQ&oe=638E05B2&_nc_sid=282b66,false
8201516427,pooja_yadav08,Pooja Yadav,https://instagram.fblr2-2.fna.fbcdn.net/v/t51.2885-19/315613118_203504838746597_6372105624366762819_n.jpg?stp=dst-jpg_s150x150&_nc_ht=instagram.fblr2-2.fna.fbcdn.net&_nc_cat=105&_nc_ohc=hChibIyACXIAX_sa6rz&edm=AOG-cTkBAAAA&ccb=7-5&oh=00_AfDMJ6nhLzPZ6fMDvCT0V0TZY1sgJywD9j8svAQ_BUJi0Q&oe=638F5243&_nc_sid=282b66,false
45465837157,crumbcoatpatisserie,Crumbcoat Patisserie - Kolkata,https://instagram.fblr2-2.fna.fbcdn.net/v/t51.2885-19/178355902_330505178496835_3089692144119566857_n.jpg?stp=dst-jpg_s150x150&_nc_ht=instagram.fblr2-2.fna.fbcdn.net&_nc_cat=107&_nc_ohc=VCBCAnULDxgAX9XHW4v&tn=DBNlXcUCKOf1RGaQ&edm=AOG-cTkBAAAA&ccb=7-5&oh=00_AfDZFUudKOcLvPWPAUJfCKr4F3rUWPrXeGSxi4Ja_0IiHA&oe=638E1937&_nc_sid=282b66,false
47254834369,ramaiah_memes_,Ramaiahmemes,https://instagram.fadl3-1.fna.fbcdn.net/v/t51.2885-19/44884218_345707102882519_2446069589734326272_n.jpg?_nc_ht=instagram.fadl3-1.fna.fbcdn.net&_nc_cat=1&_nc_ohc=v6hG0j-H7LQAX-t7eOo&edm=ALlQn9MBAAAA&ccb=7-5&ig_cache_key=YW5vbnltb3VzX3Byb2ZpbGVfcGlj.2-ccb7-5&oh=00_AfBejhi-vVUsFowO5W0Q0YqC9dks2whsD7TmL6vhFVFLtA&oe=638EA58F&_nc_sid=48a2a6,false
47213341811,adyaspams,xo,https://instagram.fblr2-1.fna.fbcdn.net/v/t51.2885-19/253164727_590637532276429_1132029547230766862_n.jpg?stp=dst-jpg_s150x150&_nc_ht=instagram.fblr2-1.fna.fbcdn.net&_nc_cat=101&_nc_ohc=TRHgqk9QcyEAX-BlZhb&edm=AOG-cTkBAAAA&ccb=7-5&oh=00_AfC-938ZDxaz-zyRP95ZqD7ri9Ln-j9ueAXQhcgXQCsyTQ&oe=638E2A9D&_nc_sid=282b66,false
2142384200,sujal_agrawal_,S U J A L,https://instagram.fblr2-1.fna.fbcdn.net/v/t51.2885-19/310976943_575830674338785_222309739335961557_n.jpg?stp=dst-jpg_s150x150&_nc_ht=instagram.fblr2-1.fna.fbcdn.net&_nc_cat=101&_nc_ohc=oz-iMRgESHkAX_cjC4n&tn=DBNlXcUCKOf1RGaQ&edm=AOG-cTkBAAAA&ccb=7-5&oh=00_AfCuCHbekmEfFHUQQyyA9wOZ-vU4z-KHKejIitsr5d4uxw&oe=638E1833&_nc_sid=282b66,false
12607290133,prasanjan_photography,PRASANJAN PHOTOGRAPHY,https://instagram.fblr2-1.fna.fbcdn.net/v/t51.2885-19/55931163_2304441436510009_8215060543505956864_n.jpg?stp=dst-jpg_s150x150&_nc_ht=instagram.fblr2-1.fna.fbcdn.net&_nc_cat=101&_nc_ohc=RCCn1t-tP18AX8-Fz2K&edm=AOG-cTkBAAAA&ccb=7-5&oh=00_AfDo_mUm8AmxaVKrMW6JT-yALVsirjXQ3Th1RvZN0SkFQQ&oe=638F2359&_nc_sid=282b66,false
2234835464,sauvik2103,Souvik Das,https://instagram.fblr2-2.fna.fbcdn.net/v/t51.2885-19/315973676_931315011184641_8873895202915947094_n.jpg?stp=dst-jpg_s150x150&_nc_ht=instagram.fblr2-2.fna.fbcdn.net&_nc_cat=109&_nc_ohc=dkaDi85Po10AX-f0SPS&edm=AOG-cTkBAAAA&ccb=7-5&oh=00_AfAtT3z4O1xkJGdf0iMfN0x8Z3A9ODdJNDHvkDZCTcHkNg&oe=638E65E9&_nc_sid=282b66,false
7434284609,this_is_srijani,Srijani das,https://instagram.fblr2-2.fna.fbcdn.net/v/t51.2885-19/173453089_471468444107753_8551920829586113573_n.jpg?stp=dst-jpg_s150x150&_nc_ht=instagram.fblr2-2.fna.fbcdn.net&_nc_cat=105&_nc_ohc=HsdRY6nC5FMAX_dyWvh&edm=AOG-cTkBAAAA&ccb=7-5&oh=00_AfBIwLktAKtMnjkl8Y6c4sdgx0_7-Tl28e4DC7tDGtrHhw&oe=638EB641&_nc_sid=282b66,false
1641136924,piyush___09____,Piyush,https://instagram.fblr2-2.fna.fbcdn.net/v/t51.2885-19/317624333_678527930435878_4247182058568838505_n.jpg?stp=dst-jpg_s150x150&_nc_ht=instagram.fblr2-2.fna.fbcdn.net&_nc_cat=110&_nc_ohc=w0ZWcVWirQQAX85CBD6&edm=AOG-cTkBAAAA&ccb=7-5&oh=00_AfC5m6E3XbGBwoPr0tT3O9Hk-tdeXWDndWutN_0OE40gJQ&oe=638EEAD9&_nc_sid=282b66,false
6018558768,arundhutimullick,Arundhuti Mullick,https://instagram.fblr2-1.fna.fbcdn.net/v/t51.2885-19/75352121_748427018901518_4190631575328653312_n.jpg?stp=dst-jpg_s150x150&_nc_ht=instagram.fblr2-1.fna.fbcdn.net&_nc_cat=102&_nc_ohc=u0sGGW3fN0YAX8Os7lE&tn=DBNlXcUCKOf1RGaQ&edm=AOG-cTkBAAAA&ccb=7-5&oh=00_AfDeE0J3trcyrAK0DIDq-D14zHOxRwpYWb77S_zjVFd0aw&oe=638F4D49&_nc_sid=282b66,false
38463867954,architha_josh,ARCHITHA JOSH,https://instagram.fblr2-1.fna.fbcdn.net/v/t51.2885-19/290251039_552615813259129_5765713732373331759_n.jpg?stp=dst-jpg_s150x150&_nc_ht=instagram.fblr2-1.fna.fbcdn.net&_nc_cat=101&_nc_ohc=BOgQnMQiUXQAX-Qhcbl&edm=AOG-cTkBAAAA&ccb=7-5&oh=00_AfCcDd2e9VrUKvHZuZJ_Zw3pIa7qbg4rslhnI9R_swiAHg&oe=638E26AE&_nc_sid=282b66,false
6654688052,anima8027,Ãñîmã Rõy,https://instagram.fblr2-1.fna.fbcdn.net/v/t51.2885-19/159130375_434025227810920_8184009013979363028_n.jpg?stp=dst-jpg_s150x150&_nc_ht=instagram.fblr2-1.fna.fbcdn.net&_nc_cat=104&_nc_ohc=8tLeDy3m3jIAX_OAFZC&tn=DBNlXcUCKOf1RGaQ&edm=AOG-cTkBAAAA&ccb=7-5&oh=00_AfCthrEj4oP3vvA4dgjGORDOO2PzySVYhUfI59jP--MEcQ&oe=638E20ED&_nc_sid=282b66,false
46875542481,das_anway,ANWAY DAS,https://instagram.fblr2-2.fna.fbcdn.net/v/t51.2885-19/282526690_714764809741930_9206325078328557734_n.jpg?stp=dst-jpg_s150x150&_nc_ht=instagram.fblr2-2.fna.fbcdn.net&_nc_cat=110&_nc_ohc=q64WEN9XyFwAX-7xGKY&edm=AOG-cTkBAAAA&ccb=7-5&oh=00_AfAopV7VysuHJPGmCvsI36k3ZrM4hhanqzXlZTiwny8Iog&oe=638E82DB&_nc_sid=282b66,false
5369361167,i_smartraghu,Raghu Kumar Darvemula,https://instagram.fblr2-1.fna.fbcdn.net/v/t51.2885-19/136753860_113558243963658_6923388744986068170_n.jpg?stp=dst-jpg_s150x150&_nc_ht=instagram.fblr2-1.fna.fbcdn.net&_nc_cat=106&_nc_ohc=a_cm6H35ziEAX9EQKk7&tn=DBNlXcUCKOf1RGaQ&edm=AOG-cTkBAAAA&ccb=7-5&oh=00_AfB1lr-Ul-gR38yKYBNhYQjn3CRkLVu_tNwM4wquhqku2g&oe=638F272F&_nc_sid=282b66,false
5647588612,rohithebbi,ROHIT HEBBI,https://instagram.fblr2-2.fna.fbcdn.net/v/t51.2885-19/302164706_110890048415926_7446324128322713470_n.jpg?stp=dst-jpg_s150x150&_nc_ht=instagram.fblr2-2.fna.fbcdn.net&_nc_cat=110&_nc_ohc=0PI_pZ-qVDgAX9cjeCi&edm=AOG-cTkBAAAA&ccb=7-5&oh=00_AfBKwXY4jkFZhQd7ic8hVdCVb18iukGPh4r54DiFH9OcmQ&oe=638F78F9&_nc_sid=282b66,false
38907069967,alankriti.jain20,Alankriti Jain🌟,https://instagram.fblr2-2.fna.fbcdn.net/v/t51.2885-19/314354206_666315548495767_3861433738125071605_n.jpg?stp=dst-jpg_s150x150&_nc_ht=instagram.fblr2-2.fna.fbcdn.net&_nc_cat=107&_nc_ohc=haHrsx_fXAEAX9MT7h4&edm=AOG-cTkBAAAA&ccb=7-5&oh=00_AfC5VgjCtlco26kmTSYWc14I-pJVsPFwRPhmLw3TPZJWkg&oe=638DFC4D&_nc_sid=282b66,false
6790568662,aryan.badola,Aryan Badola,https://instagram.fblr2-2.fna.fbcdn.net/v/t51.2885-19/161966302_995858490941794_162138452427057289_n.jpg?stp=dst-jpg_s150x150&_nc_ht=instagram.fblr2-2.fna.fbcdn.net&_nc_cat=110&_nc_ohc=SzqcOzBnZSAAX8EsxOR&edm=AOG-cTkBAAAA&ccb=7-5&oh=00_AfAF9uj-uNWrNgyaTFNGi6gZ2FdvfVhL37DuRvyDUIgpvQ&oe=638E2E98&_nc_sid=282b66,false
3232157066,__perpetually_famished__,Soham Das,https://instagram.fblr2-1.fna.fbcdn.net/v/t51.2885-19/306455233_1206097583582258_2708421731395542087_n.jpg?stp=dst-jpg_s150x150&_nc_ht=instagram.fblr2-1.fna.fbcdn.net&_nc_cat=102&_nc_ohc=ubf-lJRfPscAX9xj7j6&edm=AOG-cTkBAAAA&ccb=7-5&oh=00_AfDjSbddWhraRmEBefcS7KjxPYOJ3ZyBVAhncFMt6fniSA&oe=638DD0C8&_nc_sid=282b66,false
33123644988,chaitra.03,Chaitra•Ulle,https://instagram.fblr2-1.fna.fbcdn.net/v/t51.2885-19/311692928_781949546580193_2619961621124843614_n.jpg?stp=dst-jpg_s150x150&_nc_ht=instagram.fblr2-1.fna.fbcdn.net&_nc_cat=101&_nc_ohc=LGHsvIMaNWcAX-Fb7Rw&edm=AOG-cTkBAAAA&ccb=7-5&oh=00_AfBtEcJGrtXGxUI5VHmeqQh1FvTp89cvKgbD7kwpmJTZ8A&oe=638E25E2&_nc_sid=282b66,false
11618595782,amn.chauhan,Aman Chauhan,https://instagram.fblr2-1.fna.fbcdn.net/v/t51.2885-19/140375205_1354306094946411_1364613397681219743_n.jpg?stp=dst-jpg_s150x150&_nc_ht=instagram.fblr2-1.fna.fbcdn.net&_nc_cat=103&_nc_ohc=w5hc8gWWmQgAX9ueTCO&edm=AOG-cTkBAAAA&ccb=7-5&oh=00_AfAm1C0vZfkLbj8vloxBM1gzmYhSxK5JDTcPsodjRbWfKg&oe=638F17AC&_nc_sid=282b66,false
5773115244,r_a_d_h_e1926,Rohit Kumar,https://instagram.fblr2-2.fna.fbcdn.net/v/t51.2885-19/251998844_296459868997196_9195301042245889830_n.jpg?stp=dst-jpg_s150x150&_nc_ht=instagram.fblr2-2.fna.fbcdn.net&_nc_cat=108&_nc_ohc=Cw6_PUcDDSQAX9rfllr&edm=AOG-cTkBAAAA&ccb=7-5&oh=00_AfBtN6DQng2DjV_Ity81UoS-59qOTjVpqCClJghY-LLdJA&oe=638E7B9C&_nc_sid=282b66,false
44823949163,aim_afilak,nazia_lee,https://instagram.fbne9-1.fna.fbcdn.net/v/t51.2885-19/44884218_345707102882519_2446069589734326272_n.jpg?_nc_ht=instagram.fbne9-1.fna.fbcdn.net&_nc_cat=1&_nc_ohc=v6hG0j-H7LQAX9UrhBW&edm=ANct6CgBAAAA&ccb=7-5&ig_cache_key=YW5vbnltb3VzX3Byb2ZpbGVfcGlj.2-ccb7-5&oh=00_AfC5SNPlG0Ns6ghdnD6_3dh7P5wB_avGdVUrK_wXQbALUQ&oe=638EA58F&_nc_sid=e4e9cf,false
2527004942,chandraprakash_07,CP_07,https://instagram.fblr2-1.fna.fbcdn.net/v/t51.2885-19/316450921_5776941005694002_3160521044049444309_n.jpg?stp=dst-jpg_s150x150&_nc_ht=instagram.fblr2-1.fna.fbcdn.net&_nc_cat=102&_nc_ohc=SKCDKwAVbe0AX9fnpMU&edm=AOG-cTkBAAAA&ccb=7-5&oh=00_AfCw1und3HVg1i_q2yss71kn7YA-NGAsAnbOZDpQ_4cxeA&oe=638F3C48&_nc_sid=282b66,false
44575359053,saheli.sadhukhan,saheli sadhukhan,https://instagram.fblr2-2.fna.fbcdn.net/v/t51.2885-19/130144418_202274761377046_4474461901738119149_n.jpg?stp=dst-jpg_s150x150&_nc_ht=instagram.fblr2-2.fna.fbcdn.net&_nc_cat=110&_nc_ohc=JssyQvznvKYAX-A_O2W&edm=AOG-cTkBAAAA&ccb=7-5&oh=00_AfBvwKYg3Bf_nAQLOX4CA8h3wgZ5C9Qx7VzmsphA8QEtSw&oe=638E9B6A&_nc_sid=282b66,false
45981188795,aryansrivastava516,Aryan Srivastava,https://instagram.fblr2-2.fna.fbcdn.net/v/t51.2885-19/159515707_150691170247956_7684492327574052400_n.jpg?stp=dst-jpg_s150x150&_nc_ht=instagram.fblr2-2.fna.fbcdn.net&_nc_cat=100&_nc_ohc=z_3-czhw8xQAX_lidyQ&edm=AOG-cTkBAAAA&ccb=7-5&oh=00_AfC1j3O04VCIKEcZaBhadG4sBu0Z5xHg6nf2ABh-6nYaoQ&oe=638E52CA&_nc_sid=282b66,false
14254331233,charu_____7,Charu Chandra  Chauhan,https://instagram.fblr2-2.fna.fbcdn.net/v/t51.2885-19/300029317_1150608342156058_224818769376340927_n.jpg?stp=dst-jpg_s150x150&_nc_ht=instagram.fblr2-2.fna.fbcdn.net&_nc_cat=110&_nc_ohc=IPQyIFE6sjMAX_Nw6K5&edm=AOG-cTkBAAAA&ccb=7-5&oh=00_AfCQOumZuNnRoQXXFGMtlInHQUjyLE6qDfDm1DUHkhJ75Q&oe=638E2AE0&_nc_sid=282b66,false
37032890134,deviprasad_s_16,Deviprasad S,https://instagram.fblr2-2.fna.fbcdn.net/v/t51.2885-19/239424086_2897474287133021_915668204174433748_n.jpg?stp=dst-jpg_s150x150&_nc_ht=instagram.fblr2-2.fna.fbcdn.net&_nc_cat=105&_nc_ohc=MUUMVnJ_h10AX85dlgC&edm=AOG-cTkBAAAA&ccb=7-5&oh=00_AfBaAZI4K42ih_0fLPXpQoIC9NgP8cdSL_jJMcIQXqFnag&oe=638E8CD0&_nc_sid=282b66,false
4923908379,aryan.1804,Aryan Singh,https://instagram.fblr2-2.fna.fbcdn.net/v/t51.2885-19/316298461_1154168615503197_1433461611525968685_n.jpg?stp=dst-jpg_s150x150&_nc_ht=instagram.fblr2-2.fna.fbcdn.net&_nc_cat=109&_nc_ohc=egLSf-T4SWkAX83k5V6&edm=AOG-cTkBAAAA&ccb=7-5&oh=00_AfDU_1bsASSPkvHzqh2vgzGt6VPXpM0eXkzJHrQuWgUNUQ&oe=638E3E10&_nc_sid=282b66,false
2217581193,aryanarkane,Aryãn Arkãne,https://instagram.fblr2-1.fna.fbcdn.net/v/t51.2885-19/307754957_1290706021698099_2265705015798757168_n.jpg?stp=dst-jpg_s150x150&_nc_ht=instagram.fblr2-1.fna.fbcdn.net&_nc_cat=103&_nc_ohc=rq5Oxw82S0IAX9NsiTL&edm=AOG-cTkBAAAA&ccb=7-5&oh=00_AfBDvlCVjPwgR0MTo8rcYvQVRSQBxH_hFWVc8zzFR-1jQQ&oe=638DF5B4&_nc_sid=282b66,false
4781337495,this_is_sethji,Utkarsh Seth,https://instagram.fblr2-1.fna.fbcdn.net/v/t51.2885-19/299930893_1085373825446704_3150299699090851360_n.jpg?stp=dst-jpg_s150x150&_nc_ht=instagram.fblr2-1.fna.fbcdn.net&_nc_cat=104&_nc_ohc=Svm6Li8IcZQAX9Uspbw&tn=DBNlXcUCKOf1RGaQ&edm=AOG-cTkBAAAA&ccb=7-5&oh=00_AfBgaHPTUlJk9uBeZEgfRcT1jBzrddLLGrpQb7x6xij9fA&oe=638EB589&_nc_sid=282b66,false
5807690765,anuj_d09,Anuj,https://instagram.fblr2-1.fna.fbcdn.net/v/t51.2885-19/127031543_999035010593235_65075930195372914_n.jpg?stp=dst-jpg_s150x150&_nc_ht=instagram.fblr2-1.fna.fbcdn.net&_nc_cat=103&_nc_ohc=Tgz7GkQq56sAX_Zsdtf&edm=AOG-cTkBAAAA&ccb=7-5&oh=00_AfB9mfkfZX7B_FiMTSNKxyP5HAsXl_83MVVw2MblDT0-eA&oe=638DBDF7&_nc_sid=282b66,false
6018175297,give_ur_best_click,llGive ur best clickll,https://instagram.fblr2-2.fna.fbcdn.net/v/t51.2885-19/93988789_263708697996552_8072121029712936960_n.jpg?stp=dst-jpg_s150x150&_nc_ht=instagram.fblr2-2.fna.fbcdn.net&_nc_cat=100&_nc_ohc=O2TW6dmK2dQAX_WVEWM&edm=AOG-cTkBAAAA&ccb=7-5&oh=00_AfCQEv8Ripd-S_PC--yiYPTbGsCX6TneDQAE04gQ5jrOzg&oe=638E2E46&_nc_sid=282b66,false
28109257755,avish_juneja_11,Avish Juneja,https://instagram.fblr2-1.fna.fbcdn.net/v/t51.2885-19/82306443_228725698134880_1024877371188051968_n.jpg?stp=dst-jpg_s150x150&_nc_ht=instagram.fblr2-1.fna.fbcdn.net&_nc_cat=104&_nc_ohc=Mjl7B09nhAsAX9stH9u&tn=DBNlXcUCKOf1RGaQ&edm=AOG-cTkBAAAA&ccb=7-5&oh=00_AfAV_8FE8AqZW1vadx36aS-pwGVfhykzUfHx7NhkXHBxrg&oe=638DFFE2&_nc_sid=282b66,false
18122487025,saurajakhara,𝕾𝖆𝖚𝖗𝖆𝖏𝖆 𝕶𝖍𝖆𝖗𝖆,https://instagram.fblr2-1.fna.fbcdn.net/v/t51.2885-19/307536389_457367629680582_2326070950739566095_n.jpg?stp=dst-jpg_s150x150&_nc_ht=instagram.fblr2-1.fna.fbcdn.net&_nc_cat=106&_nc_ohc=eIn-3BgK418AX-3Oau_&tn=DBNlXcUCKOf1RGaQ&edm=AOG-cTkBAAAA&ccb=7-5&oh=00_AfAfFByrLvVZBfEodJAMXpssIjaEDTzb8SrTNVj5703M2A&oe=638F28EA&_nc_sid=282b66,false
10189104548,upranayak,Pranayak Uniyal,https://instagram.fblr2-2.fna.fbcdn.net/v/t51.2885-19/311036284_1156886331846224_4489324042915645172_n.jpg?stp=dst-jpg_s150x150&_nc_ht=instagram.fblr2-2.fna.fbcdn.net&_nc_cat=108&_nc_ohc=5LS6-xCGpEcAX8r8InT&edm=AOG-cTkBAAAA&ccb=7-5&oh=00_AfBPArY049UBE2amR1sXCif-70vrcirX1aro4V7iA2FTyg&oe=638E0D00&_nc_sid=282b66,false
15764396745,karthik__gowda._,Karthik Gowda,https://instagram.fblr2-1.fna.fbcdn.net/v/t51.2885-19/312830303_522662443044220_8065192149299363137_n.jpg?stp=dst-jpg_s150x150&_nc_ht=instagram.fblr2-1.fna.fbcdn.net&_nc_cat=104&_nc_ohc=U_AYb2Row3MAX_wghxx&edm=AOG-cTkBAAAA&ccb=7-5&oh=00_AfCSubfPNvw0BhHqt_vDbigHsC0YsOHy9w8apKy5w1UeYA&oe=638E60F6&_nc_sid=282b66,false
42053047870,nithya_bharadwaj_prasad,Nithya Bharadwaj P,https://instagram.fblr2-2.fna.fbcdn.net/v/t51.2885-19/120345931_161203342315295_79810449540204646_n.jpg?stp=dst-jpg_s150x150&_nc_ht=instagram.fblr2-2.fna.fbcdn.net&_nc_cat=111&_nc_ohc=B-iHUpi6iSYAX93jAx3&edm=AOG-cTkBAAAA&ccb=7-5&oh=00_AfBmBrRKJay1UUkeX5sGw2JQwF1NKcvEUlcdvJPH_UoD4Q&oe=638EED35&_nc_sid=282b66,false
19212018475,varshamv.8008,Varsha.,https://instagram.fblr2-2.fna.fbcdn.net/v/t51.2885-19/317055948_802951144110479_8119752709920115371_n.jpg?stp=dst-jpg_s150x150&_nc_ht=instagram.fblr2-2.fna.fbcdn.net&_nc_cat=111&_nc_ohc=7i4WrzM0cBsAX-HgE7G&edm=AOG-cTkBAAAA&ccb=7-5&oh=00_AfBNy4i4J_TBXGewV6AQVy2fUjDuzzqoIBgZjNPnj_uNVg&oe=638E61F7&_nc_sid=282b66,false
6253348082,kushagraa._,kushagra sharma,https://instagram.fblr2-2.fna.fbcdn.net/v/t51.2885-19/310437231_648177460026055_5117162270852592516_n.jpg?stp=dst-jpg_s150x150&_nc_ht=instagram.fblr2-2.fna.fbcdn.net&_nc_cat=107&_nc_ohc=JNU-nwGX0EAAX_GjQum&edm=AOG-cTkBAAAA&ccb=7-5&oh=00_AfDpXJ2miZjNLnn1laaAQ_VHgsfFIVy40INQlVt6KJmXRg&oe=638EAC3B&_nc_sid=282b66,false
8439982818,priyamsharan_,Priyam Sharan,https://instagram.fblr2-2.fna.fbcdn.net/v/t51.2885-19/284510401_163860816104765_8139173680239303464_n.jpg?stp=dst-jpg_s150x150&_nc_ht=instagram.fblr2-2.fna.fbcdn.net&_nc_cat=105&_nc_ohc=WGf6AcNSCN0AX_9r10M&tn=DBNlXcUCKOf1RGaQ&edm=AOG-cTkBAAAA&ccb=7-5&oh=00_AfBAro9twlXoLNUUviNHqQNJ3yoJPtXtFQO6XWEl0noypA&oe=638DC523&_nc_sid=282b66,false
35319922805,harsh.v_writes.83,Harsh Vardhan Singh,https://instagram.fblr2-2.fna.fbcdn.net/v/t51.2885-19/101733555_254460302289692_2978547864290982671_n.jpg?stp=dst-jpg_s150x150&_nc_ht=instagram.fblr2-2.fna.fbcdn.net&_nc_cat=108&_nc_ohc=0Szt-t8xW34AX_rISwD&edm=AOG-cTkBAAAA&ccb=7-5&oh=00_AfCDJ-4Batu7dBoX6MkhvFi2wocX_B_UwqdlIdaM5rE9lw&oe=638F905B&_nc_sid=282b66,false
6342029895,vaibhav_singh_rajput_19,Vaibhav Singh,https://instagram.fblr2-1.fna.fbcdn.net/v/t51.2885-19/311936766_676719910325200_4435066015614349569_n.jpg?stp=dst-jpg_s150x150&_nc_ht=instagram.fblr2-1.fna.fbcdn.net&_nc_cat=104&_nc_ohc=RJZTJXz2naQAX9P4qyH&edm=AOG-cTkBAAAA&ccb=7-5&oh=00_AfAabR4ajys_4carRCrUYXPG7bibGhBkO3QDbxktoHswag&oe=638E0229&_nc_sid=282b66,false
14282675828,adritasaha12,Adrita,https://instagram.fblr2-2.fna.fbcdn.net/v/t51.2885-19/310539015_167901352500224_2699193354262771396_n.jpg?stp=dst-jpg_s150x150&_nc_ht=instagram.fblr2-2.fna.fbcdn.net&_nc_cat=108&_nc_ohc=L0LG9uZim_gAX9aZHl3&edm=AOG-cTkBAAAA&ccb=7-5&oh=00_AfCBbqUExYs6jo25O9euPKrdtPcDkPgBA9s8JRaLxgw-ag&oe=638F20EB&_nc_sid=282b66,false
3443115310,tanushkamukherjee,𝓣𝓪𝓷𝓾𝓼𝓱𝓴𝓪 𝓜𝓾𝓴𝓱𝓮𝓻𝓳𝓮𝓮,https://instagram.fblr2-1.fna.fbcdn.net/v/t51.2885-19/241553021_957595788157122_6998923378964468477_n.jpg?stp=dst-jpg_s150x150&_nc_ht=instagram.fblr2-1.fna.fbcdn.net&_nc_cat=106&_nc_ohc=Wszf9AW-u3MAX-pMFEK&edm=AOG-cTkBAAAA&ccb=7-5&oh=00_AfBUDacE20iyfZMrhX6Vk4Rrwz6U06AQ1-k7H1Ec6nEj2w&oe=638EB511&_nc_sid=282b66,false
4007026142,debatri_1513,Debatri das,https://instagram.fblr2-2.fna.fbcdn.net/v/t51.2885-19/71600477_674696579692332_1228313402015744000_n.jpg?stp=dst-jpg_s150x150&_nc_ht=instagram.fblr2-2.fna.fbcdn.net&_nc_cat=100&_nc_ohc=WIQtFR5SdOMAX_KhWnC&edm=AOG-cTkBAAAA&ccb=7-5&oh=00_AfDs4vdcX55ju2e6zyaWvu2aEd0GKcwp6gs_GL0rk2L19Q&oe=638DA746&_nc_sid=282b66,false
31621062957,_.adyaaa.__,Adya Samantray,https://instagram.fblr2-2.fna.fbcdn.net/v/t51.2885-19/306498916_403177641965361_8198375672707014573_n.jpg?stp=dst-jpg_s150x150&_nc_ht=instagram.fblr2-2.fna.fbcdn.net&_nc_cat=109&_nc_ohc=fKNb1GxHJ-YAX9grUvW&edm=AOG-cTkBAAAA&ccb=7-5&oh=00_AfAg1aIX9mC39a5135-mbStbWl-Xmbc1y3i_uRFoUIjJsw&oe=638E199A&_nc_sid=282b66,false
44845662963,_hydrax_37_,Moitrish Maity,https://instagram.fblr2-2.fna.fbcdn.net/v/t51.2885-19/290606582_605809920744395_1362668429037637801_n.jpg?stp=dst-jpg_s150x150&_nc_ht=instagram.fblr2-2.fna.fbcdn.net&_nc_cat=111&_nc_ohc=46fv3IONNAEAX9jJMwe&edm=AOG-cTkBAAAA&ccb=7-5&oh=00_AfD6bCEEPT1hRSfyEkuYkDPVsY45GI5UzcL4h-8FRd23IA&oe=638F33CF&_nc_sid=282b66,false
40417650503,adhiiiiiraj,Adhiraj Kar,https://instagram.fblr2-1.fna.fbcdn.net/v/t51.2885-19/312230115_492892465906501_2327715828696981114_n.jpg?stp=dst-jpg_s150x150&_nc_ht=instagram.fblr2-1.fna.fbcdn.net&_nc_cat=101&_nc_ohc=tK0DFTylYUsAX9FnTln&edm=AOG-cTkBAAAA&ccb=7-5&oh=00_AfDG-z8Gw2J4oatsZbwOIeLWSG2e4ZPzO1aF3h2l1mtm-Q&oe=638EEE40&_nc_sid=282b66,false
8561416985,deepsensharma,Anubhab Sensharma,https://instagram.fblr2-2.fna.fbcdn.net/v/t51.2885-19/314449769_124881260207184_7231471912564540767_n.jpg?stp=dst-jpg_s150x150&_nc_ht=instagram.fblr2-2.fna.fbcdn.net&_nc_cat=100&_nc_ohc=FCpITmXOIisAX8jHMAN&edm=AOG-cTkBAAAA&ccb=7-5&oh=00_AfDaG7rVIvCjhMTIw0BRweS-BPZOKeZDZNFXxRbFOfNajQ&oe=638E77A4&_nc_sid=282b66,false
1984219363,ari_tra_11,Aritra Banerjee,https://instagram.fblr2-1.fna.fbcdn.net/v/t51.2885-19/307084770_621661756204648_2564518197318039085_n.jpg?stp=dst-jpg_s150x150&_nc_ht=instagram.fblr2-1.fna.fbcdn.net&_nc_cat=104&_nc_ohc=-o4GhaKekgUAX8g9Fv2&edm=AOG-cTkBAAAA&ccb=7-5&oh=00_AfCoX_Qb6bE66zfZO86DtfrxlYx08Q-yrUBzHsSUZKd0Fg&oe=638E02D9&_nc_sid=282b66,false
44305610793,pappan1298,ARKA,https://instagram.fblr2-2.fna.fbcdn.net/v/t51.2885-19/267105795_962113711062943_8707910670075045044_n.jpg?stp=dst-jpg_s150x150&_nc_ht=instagram.fblr2-2.fna.fbcdn.net&_nc_cat=107&_nc_ohc=J35NiBfRJZsAX8-F6Oo&edm=AOG-cTkBAAAA&ccb=7-5&oh=00_AfDco1SuA7VgENrtv63fzJ3l4uiLs_mxNmolYKpv-gL6mg&oe=638DBA17&_nc_sid=282b66,false
6461173217,hris.871,Hritam Samaddar,https://instagram.fblr2-2.fna.fbcdn.net/v/t51.2885-19/312936399_1527645297708407_7670959876506121950_n.jpg?stp=dst-jpg_s150x150&_nc_ht=instagram.fblr2-2.fna.fbcdn.net&_nc_cat=111&_nc_ohc=tPpxwyOUKeYAX_Rq9HJ&edm=AOG-cTkBAAAA&ccb=7-5&oh=00_AfD63BE2Hd-DiiSANJBbfe0L2-KKMqM_iVzNBl0KZlsfPA&oe=638F1BAB&_nc_sid=282b66,false
4871434082,maitrrayadasgupta,𝑴𝒂𝒊𝒕𝒓𝒂𝒚𝒂 𝑫𝒂𝒔𝒈𝒖𝒑𝒕𝒂,https://instagram.fblr2-2.fna.fbcdn.net/v/t51.2885-19/286785476_608430614220657_250745204417395910_n.jpg?stp=dst-jpg_s150x150&_nc_ht=instagram.fblr2-2.fna.fbcdn.net&_nc_cat=109&_nc_ohc=pt9PXiyKisEAX88p1Fm&edm=AOG-cTkBAAAA&ccb=7-5&oh=00_AfCqH_ZGFlPtKTtNYDw7-O39QNENNe6R_rd15J9XP0RNkA&oe=638E34B3&_nc_sid=282b66,false
20474212396,basumitrag,Basumitra Ghosh,https://instagram.fblr2-2.fna.fbcdn.net/v/t51.2885-19/309161100_125934250227383_3183715136992125315_n.jpg?stp=dst-jpg_s150x150&_nc_ht=instagram.fblr2-2.fna.fbcdn.net&_nc_cat=111&_nc_ohc=CsuJI4Wliq4AX_7RSov&edm=AOG-cTkBAAAA&ccb=7-5&oh=00_AfDMvTrZ0Yq3qThBQ1b6xtmYRMkeViz4tbdVJZvxiIpFEg&oe=638E7791&_nc_sid=282b66,false
5477613971,harsh_vardhan.83,Harsh Vardhan Singh,https://instagram.fblr2-1.fna.fbcdn.net/v/t51.2885-19/308764828_1548794702240596_5189133557850589988_n.jpg?stp=dst-jpg_s150x150&_nc_ht=instagram.fblr2-1.fna.fbcdn.net&_nc_cat=104&_nc_ohc=GrxK2jVDCv8AX-uEefb&edm=AOG-cTkBAAAA&ccb=7-5&oh=00_AfAyJQvDSoHX9BFL6CB1zi1T871RUuCHO28owil8kS9Vzw&oe=638E131E&_nc_sid=282b66,false
36977791574,__ch_an_dr_ima_,Chandrima Pramanick,https://instagram.fblr2-1.fna.fbcdn.net/v/t51.2885-19/310607381_612355363865846_5378447119737121814_n.jpg?stp=dst-jpg_s150x150&_nc_ht=instagram.fblr2-1.fna.fbcdn.net&_nc_cat=102&_nc_ohc=nWyDb3F3fxcAX9KAuy4&edm=AOG-cTkBAAAA&ccb=7-5&oh=00_AfC44Smv7SDXOJ5KYtw4X0bq7Lu5oUZ28Fyyxg9Rwy718w&oe=638E3FF1&_nc_sid=282b66,false
4766014505,i_am_a_jobless_guy_so_i,Srinjay Shome,https://instagram.fblr2-1.fna.fbcdn.net/v/t51.2885-19/307116701_886466898990746_335510922190164337_n.jpg?stp=dst-jpg_s150x150&_nc_ht=instagram.fblr2-1.fna.fbcdn.net&_nc_cat=102&_nc_ohc=ZONhDypPjusAX-LWESk&edm=AOG-cTkBAAAA&ccb=7-5&oh=00_AfAOsQMjBz8_6BWw2625IuuBFSfhrMSDio_Isz2lh72aIg&oe=638DC2AE&_nc_sid=282b66,false
34246847344,_ghosal_aritra,Aritra Ghosal,https://instagram.fblr2-2.fna.fbcdn.net/v/t51.2885-19/307114440_1987221044802357_3683811599220057878_n.jpg?stp=dst-jpg_s150x150&_nc_ht=instagram.fblr2-2.fna.fbcdn.net&_nc_cat=109&_nc_ohc=rcW_wqleR-8AX--Pkvw&tn=DBNlXcUCKOf1RGaQ&edm=AOG-cTkBAAAA&ccb=7-5&oh=00_AfCuKg-xb45NYgT12xAVpAtQiKk75_-PCq_7qs1LNxcLsA&oe=638F2968&_nc_sid=282b66,false
39700578927,diyahoo2001,Rajannya aka Rehana,https://instagram.fblr2-2.fna.fbcdn.net/v/t51.2885-19/309641238_120574350637451_2309020183009729117_n.jpg?stp=dst-jpg_s150x150&_nc_ht=instagram.fblr2-2.fna.fbcdn.net&_nc_cat=111&_nc_ohc=WXP3BEIFYH8AX8Mgpja&edm=AOG-cTkBAAAA&ccb=7-5&oh=00_AfA0Ww2DlsKo8CmymRcGtqR_LjIDFnU2F4OVN1Y0rin2Vg&oe=638E9B4C&_nc_sid=282b66,false
1685959254,sujoy5,Sujoy Dey,https://instagram.fblr2-2.fna.fbcdn.net/v/t51.2885-19/33122547_664297957250603_3105407220687306752_n.jpg?stp=dst-jpg_s150x150&_nc_ht=instagram.fblr2-2.fna.fbcdn.net&_nc_cat=111&_nc_ohc=t2EixMWYYZ0AX90FoJ8&edm=AOG-cTkBAAAA&ccb=7-5&oh=00_AfAp-F0sD_CGghab7OdXr5dQa8g7eQNGIOi6L73NySMQFQ&oe=638E9C10&_nc_sid=282b66,false
31684833846,ritam.das.73345048,Ritam Das,https://instagram.fblr2-1.fna.fbcdn.net/v/t51.2885-19/265712614_457618042448622_1763074825718085037_n.jpg?stp=dst-jpg_s150x150&_nc_ht=instagram.fblr2-1.fna.fbcdn.net&_nc_cat=106&_nc_ohc=uKAJnZ6sB8oAX9P6Fam&edm=AOG-cTkBAAAA&ccb=7-5&oh=00_AfDX_kxUMsxeYshV3eIMcW_GjFjEepCpjMxTmPEAsoYtGw&oe=638E5D07&_nc_sid=282b66,false
3431557682,snehardradas,Snehardra Das,https://instagram.fblr2-2.fna.fbcdn.net/v/t51.2885-19/289286960_1188166468626130_4780527979390328284_n.jpg?stp=dst-jpg_s150x150&_nc_ht=instagram.fblr2-2.fna.fbcdn.net&_nc_cat=110&_nc_ohc=Yo1BoJLmL3AAX8MsgoM&edm=AOG-cTkBAAAA&ccb=7-5&oh=00_AfD_1MHRBkKu5Md19Ms8dFjiYRDw-2kexdvPmr8XOR-pvw&oe=638F62FE&_nc_sid=282b66,false
44729721973,edddhrm,Aditya,https://instagram.fblr2-2.fna.fbcdn.net/v/t51.2885-19/141114279_529010134746455_4501994725247129551_n.jpg?stp=dst-jpg_s150x150&_nc_ht=instagram.fblr2-2.fna.fbcdn.net&_nc_cat=111&_nc_ohc=D9rAsW0B7V0AX_YIQ7z&tn=DBNlXcUCKOf1RGaQ&edm=AOG-cTkBAAAA&ccb=7-5&oh=00_AfBZ9bymPOvEZdVb-YAFQiOOcCG4ikxVzx5OuOu18xjZGw&oe=638E5E76&_nc_sid=282b66,false
4341048000,raj_ann_ya,Rajannya,https://instagram.fblr2-1.fna.fbcdn.net/v/t51.2885-19/302529331_1243667556435748_8566163069158514583_n.jpg?stp=dst-jpg_s150x150&_nc_ht=instagram.fblr2-1.fna.fbcdn.net&_nc_cat=104&_nc_ohc=xHFC1fKyV-IAX-Yt3ZZ&edm=AOG-cTkBAAAA&ccb=7-5&oh=00_AfBdGkfbzTbqgIY6rL6XL90jb06HhzjyPFzY3kov_BdxrA&oe=638E5D1D&_nc_sid=282b66,false
7022283151,royshuvayan,Shuvayan Roy,https://instagram.fblr2-1.fna.fbcdn.net/v/t51.2885-19/313040640_5636110719810889_506081140328758600_n.jpg?stp=dst-jpg_s150x150&_nc_ht=instagram.fblr2-1.fna.fbcdn.net&_nc_cat=101&_nc_ohc=o_xhiRsro_EAX-8ZFoI&edm=AOG-cTkBAAAA&ccb=7-5&oh=00_AfADezIYxJ7hXsfI50zpG2msOhIVmk0NyCj0vBU37jYbsg&oe=638DE8AB&_nc_sid=282b66,false
5392956956,ronaldo_rounak,Rounak Das,https://instagram.fblr2-2.fna.fbcdn.net/v/t51.2885-19/311505463_821168625747119_619603399492514653_n.jpg?stp=dst-jpg_s150x150&_nc_ht=instagram.fblr2-2.fna.fbcdn.net&_nc_cat=111&_nc_ohc=9pwozoxJ2iQAX92Je2T&edm=AOG-cTkBAAAA&ccb=7-5&oh=00_AfBsmhpiJSFSX_1WlFERx_-zDXIxL0za7O4g4YnPgPA9Jw&oe=638E1604&_nc_sid=282b66,false
19201834368,henta1_with_s3npai,Kaustav Banerjee,https://instagram.fblr2-2.fna.fbcdn.net/v/t51.2885-19/106206828_737974683629924_2470984127652976314_n.jpg?stp=dst-jpg_s150x150&_nc_ht=instagram.fblr2-2.fna.fbcdn.net&_nc_cat=108&_nc_ohc=XX8ZOIcN4qsAX9RlYOj&edm=AOG-cTkBAAAA&ccb=7-5&oh=00_AfAbGXXoLZ1Sf-My6WRGRhudVy5xln7cw2GqRfE2uwKtng&oe=638F29CD&_nc_sid=282b66,false
4055227166,the_dopaminergic_guy,Sayan Ghosh,https://instagram.fblr2-2.fna.fbcdn.net/v/t51.2885-19/280172932_1089655808347376_8924747841052265433_n.jpg?stp=dst-jpg_s150x150&_nc_ht=instagram.fblr2-2.fna.fbcdn.net&_nc_cat=108&_nc_ohc=QoNEJdS9NMkAX_qkaaj&tn=DBNlXcUCKOf1RGaQ&edm=AOG-cTkBAAAA&ccb=7-5&oh=00_AfBu3b4bxAPZIHbe4zIVh__EaB5gUjADlvmFkSdQgBs9Cw&oe=638E37EF&_nc_sid=282b66,false
42815495387,ankur_das49,Arkaprava Das,https://instagram.fblr2-2.fna.fbcdn.net/v/t51.2885-19/236937570_1040057800133600_8753454184911169979_n.jpg?stp=dst-jpg_s150x150&_nc_ht=instagram.fblr2-2.fna.fbcdn.net&_nc_cat=108&_nc_ohc=uMnxBRC6SyIAX9NtDuT&edm=AOG-cTkBAAAA&ccb=7-5&oh=00_AfCmeekNC8p4uSiGyjE6RYKog0nYpoeRpnlfxhRJcvDC2g&oe=638DB682&_nc_sid=282b66,false
8942814122,samarpan.g,Samarpan Ghosh,https://instagram.fblr2-2.fna.fbcdn.net/v/t51.2885-19/127213765_372490370506253_4137281719764312679_n.jpg?stp=dst-jpg_s150x150&_nc_ht=instagram.fblr2-2.fna.fbcdn.net&_nc_cat=105&_nc_ohc=TByj6Lz-1X4AX_ILEjK&edm=AOG-cTkBAAAA&ccb=7-5&oh=00_AfAnVIZzjiRaISQS32bSqUoCWY_Pk4MH1wRKAMEHmwSSMA&oe=638DCAC6&_nc_sid=282b66,false
4365584808,__sarbandas__1.2.3.4.5,Sarban Das,https://instagram.fblr2-1.fna.fbcdn.net/v/t51.2885-19/313813388_1172951093639730_4790411420915824667_n.jpg?stp=dst-jpg_s150x150&_nc_ht=instagram.fblr2-1.fna.fbcdn.net&_nc_cat=106&_nc_ohc=Zvwkuw7hneAAX-D1Ysv&edm=AOG-cTkBAAAA&ccb=7-5&oh=00_AfALAFdXOHYiPR0XIoJMD-x7kiluP8tz_xpwTtkrEM3YzA&oe=638E4AC0&_nc_sid=282b66,false
8713286862,arkakiran_14,Arka Kiran Basu,https://instagram.fblr2-1.fna.fbcdn.net/v/t51.2885-19/302166050_895120498113890_909866337425414258_n.jpg?stp=dst-jpg_s150x150&_nc_ht=instagram.fblr2-1.fna.fbcdn.net&_nc_cat=102&_nc_ohc=YDIlJId_gNsAX_ipfLi&edm=AOG-cTkBAAAA&ccb=7-5&oh=00_AfCtXfKy9RW1OuftTMY38yuEWxHXFUfyBymw5z8fo641sw&oe=638E8324&_nc_sid=282b66,false
13732726534,arya1966nil,Aryanil Bera,https://instagram.fblr2-2.fna.fbcdn.net/v/t51.2885-19/272606233_445975203897737_1326956801190138201_n.jpg?stp=dst-jpg_s150x150&_nc_ht=instagram.fblr2-2.fna.fbcdn.net&_nc_cat=105&_nc_ohc=VGtxMWi7SI4AX8Sq3-L&edm=AOG-cTkBAAAA&ccb=7-5&oh=00_AfB9xouLfSwq71a3xhA9kzczM4dpf-SROP-GOfueAWW9_Q&oe=638E3586&_nc_sid=282b66,false
5732724657,arpanroymondal,Arpan Roy Mondal,https://instagram.fblr2-2.fna.fbcdn.net/v/t51.2885-19/58453789_283639642587161_2196894240263372800_n.jpg?stp=dst-jpg_s150x150&_nc_ht=instagram.fblr2-2.fna.fbcdn.net&_nc_cat=105&_nc_ohc=aipC-NE7BG8AX8lZ2kq&edm=AOG-cTkBAAAA&ccb=7-5&oh=00_AfA_xDEJAeZJ0Of6q5BDKWE9wxYOaUNcnPHkZr8_cF-ntg&oe=638DC46A&_nc_sid=282b66,false
8620590470,samaddar_hritam,lens_vision,https://instagram.fblr2-2.fna.fbcdn.net/v/t51.2885-19/67703242_2396382250642487_7357253977043369984_n.jpg?stp=dst-jpg_s150x150&_nc_ht=instagram.fblr2-2.fna.fbcdn.net&_nc_cat=111&_nc_ohc=9VDUitjcL_gAX-ZMKrj&edm=AOG-cTkBAAAA&ccb=7-5&oh=00_AfAvicXQ0hLlEb-uXIWLQOaIEHVAyb5NFFY6dpN3IOAd0Q&oe=638E4FEF&_nc_sid=282b66,false
38945277268,the_thunder683,sayan sarkar,https://instagram.fblr2-2.fna.fbcdn.net/v/t51.2885-19/107927317_565684264105942_4576615770723364294_n.jpg?stp=dst-jpg_s150x150&_nc_ht=instagram.fblr2-2.fna.fbcdn.net&_nc_cat=110&_nc_ohc=lcCppaZDkikAX-8z6o1&edm=AOG-cTkBAAAA&ccb=7-5&oh=00_AfBaYBlo-u_90eA_PQKRymha3KoEHhelKj4_DBgr3It1uw&oe=638ED428&_nc_sid=282b66,false
11800890742,bagulibibidh,Bibidh Baguli,https://instagram.fblr2-1.fna.fbcdn.net/v/t51.2885-19/293025328_775303640268771_4712987270296908227_n.jpg?stp=dst-jpg_s150x150&_nc_ht=instagram.fblr2-1.fna.fbcdn.net&_nc_cat=103&_nc_ohc=3GCZPEqb-PEAX_Q5At8&edm=AOG-cTkBAAAA&ccb=7-5&oh=00_AfC8GClQnqBRu8KBJWiux-LTluG-uzj4TVR07JyHaIR64A&oe=638E46DA&_nc_sid=282b66,false
8072816293,royankita067,Ankita Roy,https://instagram.fblr2-2.fna.fbcdn.net/v/t51.2885-19/251152978_445820160297755_7450029274574820737_n.jpg?stp=dst-jpg_s150x150&_nc_ht=instagram.fblr2-2.fna.fbcdn.net&_nc_cat=111&_nc_ohc=1akq79mmZlYAX85vS_p&edm=AOG-cTkBAAAA&ccb=7-5&oh=00_AfCWuqD9tHqyhPT8qYVsEjvi9bilWgZcuHrpg_LNmPx_gQ&oe=638F2EBD&_nc_sid=282b66,false
5000354668,nimo_1005,Shubhradeep Chatterjee,https://instagram.fblr2-1.fna.fbcdn.net/v/t51.2885-19/299842450_1377984542724109_3492082401030291879_n.jpg?stp=dst-jpg_s150x150&_nc_ht=instagram.fblr2-1.fna.fbcdn.net&_nc_cat=101&_nc_ohc=U7zFppqWeIIAX_6Ib2V&edm=AOG-cTkBAAAA&ccb=7-5&oh=00_AfBfp5tH24PLrc-5CJqBIok2DgF478X9hWQsQatr1mpEkw&oe=638E33DA&_nc_sid=282b66,false
6962617009,techjeejr,Rohan Mukherjee,https://instagram.fblr2-2.fna.fbcdn.net/v/t51.2885-19/276195004_1025226628429931_913036864763411612_n.jpg?stp=dst-jpg_s150x150&_nc_ht=instagram.fblr2-2.fna.fbcdn.net&_nc_cat=111&_nc_ohc=hTbKpTRfJeIAX_Z06Ri&edm=AOG-cTkBAAAA&ccb=7-5&oh=00_AfAGYWBX56YLNExC5hsNrsWVfn80ka7mBT3vZS4MpIbDaQ&oe=638E61F0&_nc_sid=282b66,false
8990870880,just_srijanb,Srijan Bhattacharya,https://instagram.fblr2-2.fna.fbcdn.net/v/t51.2885-19/312795136_424523976516695_7094547978387116750_n.jpg?stp=dst-jpg_s150x150&_nc_ht=instagram.fblr2-2.fna.fbcdn.net&_nc_cat=111&_nc_ohc=FHbeTHjPbmIAX82jpAX&edm=AOG-cTkBAAAA&ccb=7-5&oh=00_AfA7PshSyAtgp_VEzgcNaFhNfiFIUsQKJTVT-vcXOvmVSQ&oe=638F1C8F&_nc_sid=282b66,false
5399189410,selenophile_adrija,Adrija Biswas,https://instagram.fblr2-1.fna.fbcdn.net/v/t51.2885-19/313912671_455005529953658_3202733423720896184_n.jpg?stp=dst-jpg_s150x150&_nc_ht=instagram.fblr2-1.fna.fbcdn.net&_nc_cat=102&_nc_ohc=iKdYgQPjE84AX9QUmbj&edm=AOG-cTkBAAAA&ccb=7-5&oh=00_AfAV1RQEE13pwULf1UNxCsjY6rozeN3a9ug55JJ91PvuwA&oe=638E741A&_nc_sid=282b66,false
44977444548,sharma_harsh_10,Šhãřmã Hãřšh,https://instagram.fnag1-3.fna.fbcdn.net/v/t51.2885-19/44884218_345707102882519_2446069589734326272_n.jpg?_nc_ht=instagram.fnag1-3.fna.fbcdn.net&_nc_cat=1&_nc_ohc=v6hG0j-H7LQAX8KlCQN&edm=AA0lj5EBAAAA&ccb=7-5&ig_cache_key=YW5vbnltb3VzX3Byb2ZpbGVfcGlj.2-ccb7-5&oh=00_AfDu8Syoe1yahEFajJSUTKAyB2EdNAelFnbfpKQFQgYhMw&oe=638EA58F&_nc_sid=3add00,false
1992098470,poulami0510,Poulami GuhaThakurta Dey,https://instagram.fblr2-2.fna.fbcdn.net/v/t51.2885-19/311775659_667833331298899_7172039319716219698_n.jpg?stp=dst-jpg_s150x150&_nc_ht=instagram.fblr2-2.fna.fbcdn.net&_nc_cat=107&_nc_ohc=e1e3172QJfgAX-WFy75&edm=AOG-cTkBAAAA&ccb=7-5&oh=00_AfCQSVAhDjS5kss9kYMZyvzK_XjMLnqQ06SAA6PhOVw3-g&oe=638E436A&_nc_sid=282b66,false
7511624375,_d_ream.catcher__,Aatrayi Basu Mallick _♡,https://instagram.fblr2-2.fna.fbcdn.net/v/t51.2885-19/312065565_1140278309907731_3248642394172452315_n.jpg?stp=dst-jpg_s150x150&_nc_ht=instagram.fblr2-2.fna.fbcdn.net&_nc_cat=111&_nc_ohc=JRj5fodOs9sAX_kGs7f&edm=AOG-cTkBAAAA&ccb=7-5&oh=00_AfBzM5sQiq1-2Os3jyWiXWthYCrMf-CWu6qiWrisVW1fKA&oe=638EA59B&_nc_sid=282b66,false
4879885482,_.chakraborty_,Rishav Chakraborty,https://instagram.fblr2-1.fna.fbcdn.net/v/t51.2885-19/317181175_5775865515826422_1791145907413195326_n.jpg?stp=dst-jpg_s150x150&_nc_ht=instagram.fblr2-1.fna.fbcdn.net&_nc_cat=106&_nc_ohc=ZlT9pTdv5v0AX8M4NY7&tn=DBNlXcUCKOf1RGaQ&edm=AOG-cTkBAAAA&ccb=7-5&oh=00_AfBgaIKJ4MCBSaTDhbevcD_0ogauq65_I06FfDYnshOwhQ&oe=638ED766&_nc_sid=282b66,false
6273765367,deyshibashis,Shibashis,https://instagram.fblr2-2.fna.fbcdn.net/v/t51.2885-19/298970048_526077999272672_1575248373729024141_n.jpg?stp=dst-jpg_s150x150&_nc_ht=instagram.fblr2-2.fna.fbcdn.net&_nc_cat=108&_nc_ohc=r2lDBQSeL1MAX-cm9az&tn=DBNlXcUCKOf1RGaQ&edm=AOG-cTkBAAAA&ccb=7-5&oh=00_AfD-vsrLb_5-aWJH7hwxMzXJLGxTWObUTd-YPx56uOAnqg&oe=638F6A4D&_nc_sid=282b66,false
2263813684,m3gh13,Megh Saha,https://instagram.fblr2-1.fna.fbcdn.net/v/t51.2885-19/315654869_673816001015306_2463368924138174855_n.jpg?stp=dst-jpg_s150x150&_nc_ht=instagram.fblr2-1.fna.fbcdn.net&_nc_cat=102&_nc_ohc=KFu9-eed41oAX9tpIf5&tn=DBNlXcUCKOf1RGaQ&edm=AOG-cTkBAAAA&ccb=7-5&oh=00_AfDAV_xpZyDewh0GUtd8_VDTwirG-g1KFQYcIJMbas0xMQ&oe=638E65CA&_nc_sid=282b66,false
5336271317,a_black_rose_among_the_lilies,Diptanil Ghosh,https://instagram.fblr2-1.fna.fbcdn.net/v/t51.2885-19/307833549_445171524308835_1557847166871827675_n.jpg?stp=dst-jpg_s150x150&_nc_ht=instagram.fblr2-1.fna.fbcdn.net&_nc_cat=103&_nc_ohc=bDwRVsTU0zAAX9OgJxI&edm=AOG-cTkBAAAA&ccb=7-5&oh=00_AfDGb5xM96HIdZAJyzTO79LfHVOJotjCaXDHg8MgYxfUqg&oe=638E8AE6&_nc_sid=282b66,false
8436398819,_s.o.u.m.i.l.iiii_,$.õ.u.M.¡.l.í,https://instagram.fblr2-2.fna.fbcdn.net/v/t51.2885-19/240123302_913084405953575_7435442236173410626_n.jpg?stp=dst-jpg_s150x150&_nc_ht=instagram.fblr2-2.fna.fbcdn.net&_nc_cat=111&_nc_ohc=NlqLpX7hcf8AX_ic71y&edm=AOG-cTkBAAAA&ccb=7-5&oh=00_AfC9lsX4uWC7pazBbqRGWgyrJp43Rl5X06D04GjOQ1WVSw&oe=638F2E5D&_nc_sid=282b66,false
6202397471,_arinjit_,Arinjit Kar.,https://instagram.fblr2-2.fna.fbcdn.net/v/t51.2885-19/313937078_844140360048007_8701419096764037603_n.jpg?stp=dst-jpg_s150x150&_nc_ht=instagram.fblr2-2.fna.fbcdn.net&_nc_cat=107&_nc_ohc=2JbbyOt6vSAAX9ayh3m&edm=AOG-cTkBAAAA&ccb=7-5&oh=00_AfB7KIYyGcpeFaSHQwA_nAv0Y9s-lBnojt9joc9tS3G5aA&oe=638E4482&_nc_sid=282b66,false
23285468690,_mermaid_of_the_moonlight_,Srijani Mishra,https://instagram.fblr2-1.fna.fbcdn.net/v/t51.2885-19/315562737_660809955542101_3666013866404634624_n.jpg?stp=dst-jpg_s150x150&_nc_ht=instagram.fblr2-1.fna.fbcdn.net&_nc_cat=101&_nc_ohc=fZtJdcz3lUMAX8F8_Tb&edm=AOG-cTkBAAAA&ccb=7-5&oh=00_AfCXCeVjdTYlLuCnhItW2VM5y_S0S-dJNE84i_t133Ps6A&oe=638DB7E4&_nc_sid=282b66,false
5995596632,_im_ananya__,||Ananya Maity||,https://instagram.fblr2-2.fna.fbcdn.net/v/t51.2885-19/159302396_381184033041824_1579727637560212618_n.jpg?stp=dst-jpg_s150x150&_nc_ht=instagram.fblr2-2.fna.fbcdn.net&_nc_cat=108&_nc_ohc=ot33f0PinooAX_L2DbO&edm=AOG-cTkBAAAA&ccb=7-5&oh=00_AfAMGwty9i9QdUrLlgGTu6cJl4QWHiBlQ7d8cMQJv-PZFQ&oe=638EC190&_nc_sid=282b66,false
37535754155,g.i.r.l_l.i.k.e_p.e.a.r.l,Mousumi Sarkar🦋|Self Portrait,https://instagram.fblr2-2.fna.fbcdn.net/v/t51.2885-19/315233123_902403330763164_9059689847910291522_n.jpg?stp=dst-jpg_s150x150&_nc_ht=instagram.fblr2-2.fna.fbcdn.net&_nc_cat=100&_nc_ohc=9UqXm9B1dbEAX-yzSDu&edm=AOG-cTkBAAAA&ccb=7-5&oh=00_AfAYSVZlepglnLP1qWYoAYL7oA0B96RJ4G6sP7eAfZG3ow&oe=638EA853&_nc_sid=282b66,false
40531791438,ghatakdebayan,Debayan Ghatak,https://instagram.fblr2-2.fna.fbcdn.net/v/t51.2885-19/194945956_101163655493504_3736643006454217132_n.jpg?stp=dst-jpg_s150x150&_nc_ht=instagram.fblr2-2.fna.fbcdn.net&_nc_cat=108&_nc_ohc=v-4prWFrxBwAX98mozi&edm=AOG-cTkBAAAA&ccb=7-5&oh=00_AfDalNyfPu0kO3NXzu1Jb7byjnQZrR1emO3EyRhtmkHMqA&oe=638EC9B9&_nc_sid=282b66,false
4068120632,mr.barujje,Dibyadeep Banerjee,https://instagram.fblr2-2.fna.fbcdn.net/v/t51.2885-19/315174414_1583370258783837_3764871183641801126_n.jpg?stp=dst-jpg_s150x150&_nc_ht=instagram.fblr2-2.fna.fbcdn.net&_nc_cat=109&_nc_ohc=0Lgcul4XjXsAX8i5CU0&edm=AOG-cTkBAAAA&ccb=7-5&oh=00_AfA55m_tdPoMcgphe6vZO8aXwzgjchEZlnSTKt-eT97L2w&oe=638E64AE&_nc_sid=282b66,false
5080765700,paul_pvt_11,Deeptartha Paul,https://instagram.fblr2-2.fna.fbcdn.net/v/t51.2885-19/80334112_515983532459060_4967335960808259584_n.jpg?stp=dst-jpg_s150x150&_nc_ht=instagram.fblr2-2.fna.fbcdn.net&_nc_cat=108&_nc_ohc=usWft_PJfzQAX--ttAV&edm=AOG-cTkBAAAA&ccb=7-5&oh=00_AfDsi9-w_HOiHpv8-93cW5TcxkEgUuJyPjIxjc6l11Mh2w&oe=638F8BA1&_nc_sid=282b66,false
5584933875,_sammy_the_caeruleaphile_,💙Ｓａｍｐｒｉｋｔａ💙,https://instagram.fblr2-1.fna.fbcdn.net/v/t51.2885-19/280757907_347786410672586_2227385154108252306_n.jpg?stp=dst-jpg_s150x150&_nc_ht=instagram.fblr2-1.fna.fbcdn.net&_nc_cat=102&_nc_ohc=qQeejN9td-QAX_XrUWe&edm=AOG-cTkBAAAA&ccb=7-5&oh=00_AfBLBNuhMrA9ycGaXax5QmbZXNeSx2ECkznwnjLIjVw_6A&oe=638E02A4&_nc_sid=282b66,false
39918174071,thehalfmoonsmile,অরুণিমা মন্ডল,https://instagram.fblr2-2.fna.fbcdn.net/v/t51.2885-19/310697230_112465871636531_1152901852465223662_n.jpg?stp=dst-jpg_s150x150&_nc_ht=instagram.fblr2-2.fna.fbcdn.net&_nc_cat=111&_nc_ohc=CQWCPcJNRNAAX_xS1Uz&edm=AOG-cTkBAAAA&ccb=7-5&oh=00_AfBeZMyEw5FNblJ14RATw8VPlE7YCPeuB-5OhLlUGoqpqQ&oe=638F3408&_nc_sid=282b66,false
44109518619,_.impeesa._,Sunandita Chakraborty,https://instagram.fblr2-1.fna.fbcdn.net/v/t51.2885-19/314923221_1333020640863930_7983418081659623354_n.jpg?stp=dst-jpg_s150x150&_nc_ht=instagram.fblr2-1.fna.fbcdn.net&_nc_cat=106&_nc_ohc=nMeI377mkQMAX_9ZpMX&edm=AOG-cTkBAAAA&ccb=7-5&oh=00_AfAYms8Uf-qqYDZvScLkuq6Q-6SZMQDGGaFWD1xAXqr2tA&oe=638DC475&_nc_sid=282b66,false
