id,userName,fullName,profilePicUrl,isVerified
12081688295,sudhiksha16,Sudhikshaa,https://instagram.fixr3-1.fna.fbcdn.net/v/t51.2885-19/44884218_345707102882519_2446069589734326272_n.jpg?_nc_ht=instagram.fixr3-1.fna.fbcdn.net&_nc_cat=1&_nc_ohc=v6hG0j-H7LQAX_gUGdY&edm=AA0lj5EBAAAA&ccb=7-5&ig_cache_key=YW5vbnltb3VzX3Byb2ZpbGVfcGlj.2-ccb7-5&oh=00_AfDsTuN7IKVKc9-ZqKDNzJ4SScVCrs9O1DmTMoTZPv1AFQ&oe=638EA58F&_nc_sid=3add00,false
42413363529,_jatin_444_,👑 ਜਤਿਨ 👑,https://instagram.fblr20-2.fna.fbcdn.net/v/t51.2885-19/311031534_435161962082370_2810123392492881410_n.jpg?stp=dst-jpg_s150x150&_nc_ht=instagram.fblr20-2.fna.fbcdn.net&_nc_cat=106&_nc_ohc=IW0_vGuncLMAX-2dOXU&edm=AOG-cTkBAAAA&ccb=7-5&oh=00_AfD_s-yDTFUGS0m8B7i8mj_YqfzcfV-wpLLcVVk5wRmPqw&oe=638DE19B&_nc_sid=282b66,false
7157376760,sameer_bhandiwad,Sameer Bhandiwad,https://instagram.fblr20-3.fna.fbcdn.net/v/t51.2885-19/311668659_173162958626149_6272488907038935608_n.jpg?stp=dst-jpg_s150x150&_nc_ht=instagram.fblr20-3.fna.fbcdn.net&_nc_cat=101&_nc_ohc=xVZgZ1jYq-cAX-fXvSH&edm=AOG-cTkBAAAA&ccb=7-5&oh=00_AfAEdw75RWCA-cYXh-VpSJKin21DT3AwIErIzPt5mIwnBQ&oe=638D440A&_nc_sid=282b66,false
49052356814,_piyushyadav208_,Piyush Yadav,https://instagram.fblr20-3.fna.fbcdn.net/v/t51.2885-19/316749320_1041088770618133_5645175385127607948_n.jpg?stp=dst-jpg_s150x150&_nc_ht=instagram.fblr20-3.fna.fbcdn.net&_nc_cat=101&_nc_ohc=TXPiS6XpYwoAX8NQ1ku&edm=AOG-cTkBAAAA&ccb=7-5&oh=00_AfCPdZlvoPAxz4jemjJmsnWFiA2oJwjmftWxobKNREBBaQ&oe=638EB9E9&_nc_sid=282b66,false
44974113788,paul_oliver_34,paul oliver,https://instagram.fblr20-2.fna.fbcdn.net/v/t51.2885-19/278717699_525417412511486_1350555707970477576_n.jpg?stp=dst-jpg_s150x150&_nc_ht=instagram.fblr20-2.fna.fbcdn.net&_nc_cat=102&_nc_ohc=f2wEjdvB5DgAX_ynrr4&edm=AOG-cTkBAAAA&ccb=7-5&oh=00_AfDSjJMeUzRcdnBUzyYPlEG8CESb4Fkb49MzVUqJY_eAwA&oe=638DFF41&_nc_sid=282b66,false
56722733277,new_amos,Amos New,https://instagram.fblr20-3.fna.fbcdn.net/v/t51.2885-19/316559591_142025585289108_7754351018980822904_n.jpg?stp=dst-jpg_s150x150&_nc_ht=instagram.fblr20-3.fna.fbcdn.net&_nc_cat=100&_nc_ohc=5iBtFsjkURYAX_Njxy8&edm=AOG-cTkBAAAA&ccb=7-5&oh=00_AfCJnCh70-s1WY2z-bkxGwErRGFT5OS2bnncUxvNDCa62A&oe=638D7106&_nc_sid=282b66,false
6816373889,pandalavacarji,Teja Bhupathiraju,https://instagram.fblr20-2.fna.fbcdn.net/v/t51.2885-19/310726997_486237046711300_2968362468016188134_n.jpg?stp=dst-jpg_s150x150&_nc_ht=instagram.fblr20-2.fna.fbcdn.net&_nc_cat=104&_nc_ohc=Lr1PpUDDqaMAX_S0j_q&tn=0CjN_rVN9B-0nI5k&edm=AOG-cTkBAAAA&ccb=7-5&oh=00_AfBUsv6DfgtYa-rYK7a7_khhLYg-KGjRCGYo1dVVQrUydg&oe=638E3D41&_nc_sid=282b66,false
39131068575,shobhitjaiswal_,𝐒𝐡𝐨𝐛𝐡𝐢𝐭 𝐉𝐚𝐢𝐬𝐰𝐚𝐥,https://instagram.fblr20-2.fna.fbcdn.net/v/t51.2885-19/299584716_615458603312702_1984192980325220560_n.jpg?stp=dst-jpg_s150x150&_nc_ht=instagram.fblr20-2.fna.fbcdn.net&_nc_cat=102&_nc_ohc=KwvohsREhFkAX9NQ0oT&edm=AOG-cTkBAAAA&ccb=7-5&oh=00_AfAAq6jIw8GddgIhH0m6QlhpRryO4Py0Rjd4hl7HQlpdNw&oe=638D8B84&_nc_sid=282b66,false
47170401248,iamaryansingh10,Aryan Singh,https://instagram.fblr20-3.fna.fbcdn.net/v/t51.2885-19/316443988_530883781922509_2745560150701667452_n.jpg?stp=dst-jpg_s150x150&_nc_ht=instagram.fblr20-3.fna.fbcdn.net&_nc_cat=101&_nc_ohc=lLIDH-4AdwkAX9Qm53R&tn=0CjN_rVN9B-0nI5k&edm=AOG-cTkBAAAA&ccb=7-5&oh=00_AfBNHVYBa2O9EtyAyMjmKqFsSfoFIwAvz-JTwj-2fzqz6g&oe=638D02E9&_nc_sid=282b66,false
43624727919,__shreekharde__,Shree Kharde,https://instagram.fblr20-2.fna.fbcdn.net/v/t51.2885-19/317134632_190278786846042_436620027503855227_n.jpg?stp=dst-jpg_s150x150&_nc_ht=instagram.fblr20-2.fna.fbcdn.net&_nc_cat=106&_nc_ohc=RXPGGKX50PgAX_LFQUR&edm=AOG-cTkBAAAA&ccb=7-5&oh=00_AfAkGBod6czd3bmTyvHSSRQ1Vri4AAoNTY8uaU-7W5hJng&oe=638D15DE&_nc_sid=282b66,false
4212846403,souvik_5136,Souvik.,https://instagram.fblr20-2.fna.fbcdn.net/v/t51.2885-19/295317818_145139228136042_8987488513529124872_n.jpg?stp=dst-jpg_s150x150&_nc_ht=instagram.fblr20-2.fna.fbcdn.net&_nc_cat=106&_nc_ohc=dPFdwrJwlJIAX99OaFk&edm=AOG-cTkBAAAA&ccb=7-5&oh=00_AfDLe6bNJ_hMIXlX10C4m6Zj8N09FtQVGEXsXN2oFKvWLg&oe=638D6D16&_nc_sid=282b66,false
54010825257,_abhinav__chauhan__,Abhinav Chauhan,https://instagram.fblr20-2.fna.fbcdn.net/v/t51.2885-19/289723599_594229095355506_7215533159091452702_n.jpg?stp=dst-jpg_s150x150&_nc_ht=instagram.fblr20-2.fna.fbcdn.net&_nc_cat=106&_nc_ohc=fI8fotcnbRsAX9tyGPA&edm=AOG-cTkBAAAA&ccb=7-5&oh=00_AfBWqQ4bXSZlY3gtfjvuhHrfDhRCf7DVrS_qqyt94QdxaQ&oe=638E6F56&_nc_sid=282b66,false
6677545573,gayathri_kayanadath,Gayathri kayanadath,https://instagram.fblr20-2.fna.fbcdn.net/v/t51.2885-19/313366551_812448060012914_3197285619067913988_n.jpg?stp=dst-jpg_s150x150&_nc_ht=instagram.fblr20-2.fna.fbcdn.net&_nc_cat=102&_nc_ohc=PZgP9ZJ7WQMAX9sYP57&tn=0CjN_rVN9B-0nI5k&edm=AOG-cTkBAAAA&ccb=7-5&oh=00_AfAX5Sr4Ky5OEaBxxO_lK_VRAcImRUxIhUJHYe32uymvTA&oe=638D96A0&_nc_sid=282b66,false
6125581348,tanish_mehta001,Tanish Mehta,https://instagram.fblr20-1.fna.fbcdn.net/v/t51.2885-19/309315600_505264804384855_6420956911417314057_n.jpg?stp=dst-jpg_s150x150&_nc_ht=instagram.fblr20-1.fna.fbcdn.net&_nc_cat=107&_nc_ohc=6bh2pCsdCJoAX_FvlGG&edm=AOG-cTkBAAAA&ccb=7-5&oh=00_AfDMP7WGCtCOPy02NqAqwIHKUc6bJdgZ9vPUWWoCf1Sqbg&oe=638E7165&_nc_sid=282b66,false
5614935251,pamie_upsc_crack,Observer,https://instagram.fblr20-1.fna.fbcdn.net/v/t51.2885-19/317440026_187191300623589_8028912208730577501_n.jpg?stp=dst-jpg_s150x150&_nc_ht=instagram.fblr20-1.fna.fbcdn.net&_nc_cat=109&_nc_ohc=BSlJl7j70iAAX9tx8Cx&tn=0CjN_rVN9B-0nI5k&edm=AOG-cTkBAAAA&ccb=7-5&oh=00_AfApf-VN49kCbqLoiJt7gJf61TY327OqlYXGOgvEoxGslg&oe=638DB624&_nc_sid=282b66,false
3030262363,hemanth.chowdary_36,Hemanth Chowdary,https://instagram.fblr20-1.fna.fbcdn.net/v/t51.2885-19/274125747_340249271355562_2327356340763745388_n.jpg?stp=dst-jpg_s150x150&_nc_ht=instagram.fblr20-1.fna.fbcdn.net&_nc_cat=110&_nc_ohc=5vEls-fgDAkAX8M33Xo&edm=AOG-cTkBAAAA&ccb=7-5&oh=00_AfDQojly2CtDhDIfYYTedF2i6P_PkR1P57iW1AW9d0hFUw&oe=638E7399&_nc_sid=282b66,false
45792249789,push__24,𝙿𝚞𝚜𝚑𝚙𝚊....🎀,https://instagram.fblr20-2.fna.fbcdn.net/v/t51.2885-19/316254714_840402230344312_5857972965300078522_n.jpg?stp=dst-jpg_s150x150&_nc_ht=instagram.fblr20-2.fna.fbcdn.net&_nc_cat=104&_nc_ohc=mZellW2UubsAX-HGajX&edm=AOG-cTkBAAAA&ccb=7-5&oh=00_AfDzHwU-xVD3j10Pjlf2j7Xw81NH7chtB3CWG5DC7FvlJg&oe=638ED858&_nc_sid=282b66,false
5750175291,suraj_lovezu,Suraj Bhairannawar,https://instagram.fblr20-3.fna.fbcdn.net/v/t51.2885-19/316372097_5812237825466245_675160147392416036_n.jpg?stp=dst-jpg_s150x150&_nc_ht=instagram.fblr20-3.fna.fbcdn.net&_nc_cat=101&_nc_ohc=2xJdNh3ZLsYAX8z-SRv&edm=AOG-cTkBAAAA&ccb=7-5&oh=00_AfACMjIXh2oRGlH7cmtLOHPqghUj0skfml_WY276OxqCIw&oe=638DF66E&_nc_sid=282b66,false
17066381015,aditya___2304,Aditya,https://instagram.fblr20-3.fna.fbcdn.net/v/t51.2885-19/191799179_975118503297673_3559625357219017344_n.jpg?stp=dst-jpg_s150x150&_nc_ht=instagram.fblr20-3.fna.fbcdn.net&_nc_cat=101&_nc_ohc=XTYSYaLrQ6sAX8QJHjk&edm=AOG-cTkBAAAA&ccb=7-5&oh=00_AfBohuT2lPo1WDfhR-piB81qNpN799PpwF3s2lov9iwrxA&oe=638DFD34&_nc_sid=282b66,false
6629935626,atrv.xd,𝑨𝑻𝑯𝑨𝑹𝑽 ❄️,https://instagram.fblr20-2.fna.fbcdn.net/v/t51.2885-19/311327701_1112914009345202_4078018458257381330_n.jpg?stp=dst-jpg_s150x150&_nc_ht=instagram.fblr20-2.fna.fbcdn.net&_nc_cat=102&_nc_ohc=RA6AB-1sW4AAX8nrJnR&edm=AOG-cTkBAAAA&ccb=7-5&oh=00_AfBrl23V7KA2XllYtsyU2aCKc3zEOFqipRQkgJeVtZ6WBw&oe=638D0042&_nc_sid=282b66,false
53809734944,kojothefirst_,KJ.,https://instagram.fblr20-2.fna.fbcdn.net/v/t51.2885-19/291584917_360945112839424_2234490518097217716_n.jpg?stp=dst-jpg_s150x150&_nc_ht=instagram.fblr20-2.fna.fbcdn.net&_nc_cat=104&_nc_ohc=CELQ103GA1MAX9n3uQd&tn=0CjN_rVN9B-0nI5k&edm=AOG-cTkBAAAA&ccb=7-5&oh=00_AfDEUrJj2M1CKldDhor6608cPRAKFMqcJiNWCYpTSaAYSw&oe=638D8AF5&_nc_sid=282b66,false
50200917971,i.am_avi__,Avi Thakur,https://instagram.fblr20-3.fna.fbcdn.net/v/t51.2885-19/305279133_611754173793636_7452631629275844489_n.jpg?stp=dst-jpg_s150x150&_nc_ht=instagram.fblr20-3.fna.fbcdn.net&_nc_cat=100&_nc_ohc=RW1VAMMarh4AX85s1rr&edm=AOG-cTkBAAAA&ccb=7-5&oh=00_AfAQQoY0wKqPn5QcdOYZuoa8TUb3BuW5uv_4j15GGrrdbg&oe=638DE237&_nc_sid=282b66,false
55116009345,malvikaa_m,Malvika Mani,https://instagram.fblr20-2.fna.fbcdn.net/v/t51.2885-19/317491717_1105083793491978_3225907223329463526_n.jpg?stp=dst-jpg_s150x150&_nc_ht=instagram.fblr20-2.fna.fbcdn.net&_nc_cat=106&_nc_ohc=81PKIf7J9QkAX9hsRfu&tn=0CjN_rVN9B-0nI5k&edm=AOG-cTkBAAAA&ccb=7-5&oh=00_AfAQcCnpwM882bXeg83d1s1bPmyksTgOyGXV7yDndzVjJw&oe=638D706F&_nc_sid=282b66,false
38718453539,_saman_tahniet,saman Tahniet 🖤,https://instagram.fblr20-2.fna.fbcdn.net/v/t51.2885-19/285903694_410054031000902_7061595338811311772_n.jpg?stp=dst-jpg_s150x150&_nc_ht=instagram.fblr20-2.fna.fbcdn.net&_nc_cat=102&_nc_ohc=B5jNlkGR74kAX-I1Qd6&tn=0CjN_rVN9B-0nI5k&edm=AOG-cTkBAAAA&ccb=7-5&oh=00_AfCMtd7gD5i1nkC3EDUS5QDpWiJXnS_Y-ezqRHpCPAmQFA&oe=638D7368&_nc_sid=282b66,false
39222328652,frnds_4_ever_12,Ｆ.Ｒ.Ｉ.Ｎ.Ｄ.Ｓ 💕,https://instagram.fblr20-2.fna.fbcdn.net/v/t51.2885-19/315756732_827677251878675_8816535885534775562_n.jpg?stp=dst-jpg_s150x150&_nc_ht=instagram.fblr20-2.fna.fbcdn.net&_nc_cat=111&_nc_ohc=Fec8YkdKGMIAX8IR4_z&edm=AOG-cTkBAAAA&ccb=7-5&oh=00_AfAHYr9uPy29miKQ3g5gd873S9oX8Jh_lzBBifffM08yPw&oe=638EDBA1&_nc_sid=282b66,false
50718544632,hardickg,Hardik Gandhi,https://instagram.fixr3-1.fna.fbcdn.net/v/t51.2885-19/44884218_345707102882519_2446069589734326272_n.jpg?_nc_ht=instagram.fixr3-1.fna.fbcdn.net&_nc_cat=1&_nc_ohc=v6hG0j-H7LQAX_gUGdY&edm=AA0lj5EBAAAA&ccb=7-5&ig_cache_key=YW5vbnltb3VzX3Byb2ZpbGVfcGlj.2-ccb7-5&oh=00_AfDsTuN7IKVKc9-ZqKDNzJ4SScVCrs9O1DmTMoTZPv1AFQ&oe=638EA58F&_nc_sid=3add00,false
54145376041,ch_harsh09876,Harsh Choudhary,https://instagram.fixr3-1.fna.fbcdn.net/v/t51.2885-19/44884218_345707102882519_2446069589734326272_n.jpg?_nc_ht=instagram.fixr3-1.fna.fbcdn.net&_nc_cat=1&_nc_ohc=v6hG0j-H7LQAX_gUGdY&edm=AA0lj5EBAAAA&ccb=7-5&ig_cache_key=YW5vbnltb3VzX3Byb2ZpbGVfcGlj.2-ccb7-5&oh=00_AfDsTuN7IKVKc9-ZqKDNzJ4SScVCrs9O1DmTMoTZPv1AFQ&oe=638EA58F&_nc_sid=3add00,false
56271210330,raghv7010,raghv,https://instagram.fblr20-2.fna.fbcdn.net/v/t51.2885-19/312740346_4114486045342310_4256072305299294616_n.jpg?stp=dst-jpg_s150x150&_nc_ht=instagram.fblr20-2.fna.fbcdn.net&_nc_cat=102&_nc_ohc=zjBXtYM_K5UAX-TMI93&edm=AOG-cTkBAAAA&ccb=7-5&oh=00_AfBsUfRUG1nYjpaX9LxmDwKA49TTmOOt5rdiuSw3L4PPlw&oe=638E1D30&_nc_sid=282b66,false
7335442190,agshree_,Shreenidhi Agrawal,https://instagram.fblr20-2.fna.fbcdn.net/v/t51.2885-19/306677785_179525611246072_5147435090520401626_n.jpg?stp=dst-jpg_s150x150&_nc_ht=instagram.fblr20-2.fna.fbcdn.net&_nc_cat=104&_nc_ohc=CghHjt14AIsAX8ab7PB&edm=AOG-cTkBAAAA&ccb=7-5&oh=00_AfDri7m6moVfWccVZQL0fqS0tuvHCpeb8xjzm9HMVp1INA&oe=638E922B&_nc_sid=282b66,false
3931670637,krinjalvijay,𝗞𝗥𝗜𝗡𝗝𝗔𝗟-𝗠𝗔𝗛𝗘𝗡𝗗𝗥𝗔🍂,https://instagram.fblr20-3.fna.fbcdn.net/v/t51.2885-19/313849678_466917152205077_905762960045472325_n.jpg?stp=dst-jpg_s150x150&_nc_ht=instagram.fblr20-3.fna.fbcdn.net&_nc_cat=105&_nc_ohc=f4p9gCEIpfUAX_rYr1-&edm=AOG-cTkBAAAA&ccb=7-5&oh=00_AfBkntLsiSqsK7sINSanlWvHM3h11rVT5LJHUwsaIqi1XA&oe=638D40CB&_nc_sid=282b66,false
56242492430,itsjainp09,Priyanshi Jain,https://instagram.fblr20-2.fna.fbcdn.net/v/t51.2885-19/312922968_148634427888995_7468041743101662376_n.jpg?stp=dst-jpg_s150x150&_nc_ht=instagram.fblr20-2.fna.fbcdn.net&_nc_cat=111&_nc_ohc=bcBi0EPxowQAX9ATfre&edm=AOG-cTkBAAAA&ccb=7-5&oh=00_AfA_8-uxGjnrPcE0f0QiVV7b4DuJCJTa7jM4DQC8qnhnnw&oe=638ED759&_nc_sid=282b66,false
16393660831,lakshit__.khandelwal,Lakshit khandelwal,https://instagram.fblr20-1.fna.fbcdn.net/v/t51.2885-19/261189369_572816917149814_627532918549191354_n.jpg?stp=dst-jpg_s150x150&_nc_ht=instagram.fblr20-1.fna.fbcdn.net&_nc_cat=110&_nc_ohc=5B1qF67R2mYAX9wwmOq&edm=AOG-cTkBAAAA&ccb=7-5&oh=00_AfCmUQon6xCuv1QJGX0JhGilTa8Ivvbf0HKE_Luz6OR0BQ&oe=638E522A&_nc_sid=282b66,false
54162061224,neha__verma__8585,Neha verma,https://instagram.fblr20-2.fna.fbcdn.net/v/t51.2885-19/313310018_683355759645738_349729880530358072_n.jpg?stp=dst-jpg_s150x150&_nc_ht=instagram.fblr20-2.fna.fbcdn.net&_nc_cat=106&_nc_ohc=CtMVDndeM0MAX-hMnow&edm=AOG-cTkBAAAA&ccb=7-5&oh=00_AfC84UqAevIa-azjq82Lu8cGviyVechQ0Gg_emqHk_dAgA&oe=638E8C98&_nc_sid=282b66,false
50098996400,lavanya.7_,LAVANYA👑💕,https://instagram.fblr20-2.fna.fbcdn.net/v/t51.2885-19/316600309_208341528309866_5921772228044731515_n.jpg?stp=dst-jpg_s150x150&_nc_ht=instagram.fblr20-2.fna.fbcdn.net&_nc_cat=102&_nc_ohc=TmisUwhyJY8AX-_Wo1w&edm=AOG-cTkBAAAA&ccb=7-5&oh=00_AfDXHTNGb-zkGMoFKLYvPx-Udd1fn7dHT_iNCqkiN2fl_w&oe=638D2CCF&_nc_sid=282b66,false
55866764596,tishaachandwani_.4,TISHAA ♡,https://instagram.fblr20-3.fna.fbcdn.net/v/t51.2885-19/317328755_822728025502311_8546882138576486496_n.jpg?stp=dst-jpg_s150x150&_nc_ht=instagram.fblr20-3.fna.fbcdn.net&_nc_cat=103&_nc_ohc=fhyeCL4UEjEAX-0aIyK&tn=0CjN_rVN9B-0nI5k&edm=AOG-cTkBAAAA&ccb=7-5&oh=00_AfAPP--VJVDbLvwcCVIF4H_O3kOZNO2viSHG7NWW0Wsszw&oe=638D25DD&_nc_sid=282b66,false
54930602389,_gain_._10kfans_._j9j6,_gain_._10kfans_._j9j6,https://instagram.fblr20-2.fna.fbcdn.net/v/t51.2885-19/304873173_2911469852490354_3565899190145591336_n.jpg?stp=dst-jpg_s150x150&_nc_ht=instagram.fblr20-2.fna.fbcdn.net&_nc_cat=106&_nc_ohc=mZIvXOPY400AX-K5p3r&edm=AOG-cTkBAAAA&ccb=7-5&oh=00_AfAeGFjeqlPnR-Vlwqr7KZmZLVBEzswoEfxK2Li7G0R5gw&oe=638D4FC5&_nc_sid=282b66,false
7106487670,__tanya__2402,Tanya Jain,https://instagram.fblr20-2.fna.fbcdn.net/v/t51.2885-19/315949190_117279894526166_1048498773511370000_n.jpg?stp=dst-jpg_s150x150&_nc_ht=instagram.fblr20-2.fna.fbcdn.net&_nc_cat=102&_nc_ohc=oQ-NS9l6vmAAX_NSCtD&edm=AOG-cTkBAAAA&ccb=7-5&oh=00_AfDA0-djxzURb4piPxtAOH7F6Ck7pfQFIa6UcQUaJn2ryQ&oe=638E0F89&_nc_sid=282b66,false
51484948093,_._5kfans__foryou_2523,ongha.nhi.py6c,https://instagram.fblr20-2.fna.fbcdn.net/v/t51.2885-19/272695938_355231153094488_332639202423706537_n.jpg?stp=dst-jpg_s150x150&_nc_ht=instagram.fblr20-2.fna.fbcdn.net&_nc_cat=104&_nc_ohc=LJPilqJVSdMAX9t40du&edm=AOG-cTkBAAAA&ccb=7-5&oh=00_AfDcObZ-8xZQU0uQSAU6saLwESX6by68HS4njeBcxoCcag&oe=638E4AEB&_nc_sid=282b66,false
48655421507,faustosarlie.store.41,🌼BRAND MANNER 🌼,https://instagram.fblr20-2.fna.fbcdn.net/v/t51.2885-19/316601534_678865950534155_6243331885318745243_n.jpg?stp=dst-jpg_s150x150&_nc_ht=instagram.fblr20-2.fna.fbcdn.net&_nc_cat=111&_nc_ohc=ObrA3dMilP4AX-nmlvD&tn=0CjN_rVN9B-0nI5k&edm=AOG-cTkBAAAA&ccb=7-5&oh=00_AfBenxrSgVlfSa2Njtt9p16rZHg9aNqUj6cqNAKnPEQerg&oe=638DAC96&_nc_sid=282b66,false
38908267188,_vasu.pvt,Vasu,https://instagram.fblr20-1.fna.fbcdn.net/v/t51.2885-19/74892130_279252879949327_3469786149161153954_n.jpg?stp=dst-jpg_s150x150&_nc_ht=instagram.fblr20-1.fna.fbcdn.net&_nc_cat=107&_nc_ohc=HwVK3SZkiPUAX8bT1y2&edm=AOG-cTkBAAAA&ccb=7-5&oh=00_AfDOcs8h4aq9GSOAQq1CVAuSpHBjj-HLT3OXoIhQ-l91Yg&oe=638D4F15&_nc_sid=282b66,false
53315269167,dakahlodwal,Daksh Lodwal🤗🤗🤗,https://instagram.fblr20-2.fna.fbcdn.net/v/t51.2885-19/317394854_206085048453640_3547555282935250062_n.jpg?stp=dst-jpg_s150x150&_nc_ht=instagram.fblr20-2.fna.fbcdn.net&_nc_cat=104&_nc_ohc=CI8NROp4VpIAX-RTZTj&tn=0CjN_rVN9B-0nI5k&edm=AOG-cTkBAAAA&ccb=7-5&oh=00_AfD7G0_UELTLmCzlGMD05bTpwV3GwpaDbTp67EglTuN56g&oe=638DB8D0&_nc_sid=282b66,false
8035956653,divyasoni9529,Divyasoni9529,https://instagram.fblr20-1.fna.fbcdn.net/v/t51.2885-19/253859619_619835425690210_8303274474439339658_n.jpg?stp=dst-jpg_s150x150&_nc_ht=instagram.fblr20-1.fna.fbcdn.net&_nc_cat=110&_nc_ohc=l7rHIJwxMFUAX9PdhTa&edm=AOG-cTkBAAAA&ccb=7-5&oh=00_AfAEPONKT3BDOMehjVj1-UukcHP56j2_RQuqxpZGv66rlQ&oe=638D59DF&_nc_sid=282b66,false
6177982454,____avvi____,Arnavi 🖤,https://instagram.fblr20-3.fna.fbcdn.net/v/t51.2885-19/316365327_201633312319405_7491549155590157345_n.jpg?stp=dst-jpg_s150x150&_nc_ht=instagram.fblr20-3.fna.fbcdn.net&_nc_cat=101&_nc_ohc=l_w2XFeb23QAX8nH_TW&edm=AOG-cTkBAAAA&ccb=7-5&oh=00_AfCXw-8UK1TICW8sa51-bz5wkfpc3SfD2oTJ_lWYwr_AvQ&oe=638D24C7&_nc_sid=282b66,false
54769374471,bhavya.vvijay,Bhavya Vijay,https://instagram.fblr20-1.fna.fbcdn.net/v/t51.2885-19/311972072_529688632330461_1965746599972211489_n.jpg?stp=dst-jpg_s150x150&_nc_ht=instagram.fblr20-1.fna.fbcdn.net&_nc_cat=109&_nc_ohc=4gmRnXfoUWAAX8NZ7fZ&edm=AOG-cTkBAAAA&ccb=7-5&oh=00_AfCGoXYAqBRie8KSG6L4FGnu-3rx4jdIniMxp0QPGcwEPg&oe=638E6B35&_nc_sid=282b66,false
2006542448,_bickram,Bickram Jit,https://instagram.fblr20-2.fna.fbcdn.net/v/t51.2885-19/312606337_135631582570790_6524101237905650356_n.jpg?stp=dst-jpg_s150x150&_nc_ht=instagram.fblr20-2.fna.fbcdn.net&_nc_cat=102&_nc_ohc=UByPD4OlnO0AX9BCHXZ&edm=AOG-cTkBAAAA&ccb=7-5&oh=00_AfCrFY-kNkIrYhmElpBMj4a8Kr8b597GPBFsrXPQIDBB5A&oe=638EBC2F&_nc_sid=282b66,false
55986293601,neilsavur,NAS,https://instagram.fblr20-2.fna.fbcdn.net/v/t51.2885-19/317625076_1702405750161210_5220035376969721226_n.jpg?stp=dst-jpg_s150x150&_nc_ht=instagram.fblr20-2.fna.fbcdn.net&_nc_cat=106&_nc_ohc=sh7djQM1HZMAX_XWbLa&tn=0CjN_rVN9B-0nI5k&edm=AOG-cTkBAAAA&ccb=7-5&oh=00_AfCW-jSPotwLN8gUgeWo9S6yQyanuHm-Cutd5yp9BOeMYg&oe=638E2BF8&_nc_sid=282b66,false
15906919722,malavpriyal,PRIYAL malav,https://instagram.fblr20-3.fna.fbcdn.net/v/t51.2885-19/314927964_641145150842849_292441393314560239_n.jpg?stp=dst-jpg_s150x150&_nc_ht=instagram.fblr20-3.fna.fbcdn.net&_nc_cat=105&_nc_ohc=h5EfBTHXZCUAX_ysT7r&edm=AOG-cTkBAAAA&ccb=7-5&oh=00_AfBc6EgVA66lCD8-m5poOk1NfEf4uI8zvGFt-tbkNMSGog&oe=638ED22E&_nc_sid=282b66,false
31347034713,shivanshu9799,Shivanshu Agrawal,https://instagram.fblr20-3.fna.fbcdn.net/v/t51.2885-19/310566125_146411381430557_2098764377594708122_n.jpg?stp=dst-jpg_s150x150&_nc_ht=instagram.fblr20-3.fna.fbcdn.net&_nc_cat=105&_nc_ohc=RQRuXarlVx0AX_a7fAw&edm=AOG-cTkBAAAA&ccb=7-5&oh=00_AfD81vyvH2blipF0KCc1GmcWboLJrUFKeafserKsue5BvQ&oe=638EB719&_nc_sid=282b66,false
7342815922,theoctoberchic,Diya,https://instagram.fblr20-1.fna.fbcdn.net/v/t51.2885-19/315459140_1238003000128342_3854216075935614762_n.jpg?stp=dst-jpg_s150x150&_nc_ht=instagram.fblr20-1.fna.fbcdn.net&_nc_cat=110&_nc_ohc=Zbm4QkwGzwcAX_ADSyY&edm=AOG-cTkBAAAA&ccb=7-5&oh=00_AfD9hUfG8cSh9nBfBU4frEE05OsiSNOOqJBqNkWUF6IT1A&oe=638E7D30&_nc_sid=282b66,false
8330200591,mittalparidhi20,paridhi mittal,https://instagram.fblr20-2.fna.fbcdn.net/v/t51.2885-19/312936958_490979759720951_556911587614376014_n.jpg?stp=dst-jpg_s150x150&_nc_ht=instagram.fblr20-2.fna.fbcdn.net&_nc_cat=111&_nc_ohc=STYDEa3PkrQAX9HiHqx&edm=AOG-cTkBAAAA&ccb=7-5&oh=00_AfCuhMdYkETewR3ZgIDfcsMqe1WTuhSVR87e2HagZuI8kw&oe=638DAEC4&_nc_sid=282b66,false
6292668483,kanika_chittora_,kanika Chittora,https://instagram.fblr20-1.fna.fbcdn.net/v/t51.2885-19/305877192_476685037403624_799127952458114675_n.jpg?stp=dst-jpg_s150x150&_nc_ht=instagram.fblr20-1.fna.fbcdn.net&_nc_cat=108&_nc_ohc=V_dsmrjAA7wAX-ukh0R&edm=AOG-cTkBAAAA&ccb=7-5&oh=00_AfCcJSpQv49mQZrn8Cajbj5PQu3poMU44flQf21TLXfUxA&oe=638E6D95&_nc_sid=282b66,false
33009805161,kriticsss,Kriti Jha🌟,https://instagram.famd15-1.fna.fbcdn.net/v/t51.2885-19/44884218_345707102882519_2446069589734326272_n.jpg?_nc_ht=instagram.famd15-1.fna.fbcdn.net&_nc_cat=1&_nc_ohc=v6hG0j-H7LQAX_REVjG&edm=AJ9x6zYBAAAA&ccb=7-5&ig_cache_key=YW5vbnltb3VzX3Byb2ZpbGVfcGlj.2-ccb7-5&oh=00_AfDp1nXBAQqyGXmaJASA4JdSfHPlxV2CWl-hA2KLTVDRxQ&oe=638EA58F&_nc_sid=cff2a4,false
5443232044,gargish.arma,Gargi Sharma,https://instagram.fblr20-1.fna.fbcdn.net/v/t51.2885-19/315994657_807695063866267_6036325024840991713_n.jpg?stp=dst-jpg_s150x150&_nc_ht=instagram.fblr20-1.fna.fbcdn.net&_nc_cat=107&_nc_ohc=gfKXSUk-hBMAX8V-6ut&edm=AOG-cTkBAAAA&ccb=7-5&oh=00_AfD5ECau6oWhowfoy2G5XvIvnowzxh6mA7bNzsl4BNjXpQ&oe=638DBE8F&_nc_sid=282b66,false
55509942684,shivangi_hada13,शिवांगी ❣️,https://instagram.fblr20-2.fna.fbcdn.net/v/t51.2885-19/312771164_5486632994717111_6526750739457315740_n.jpg?stp=dst-jpg_s150x150&_nc_ht=instagram.fblr20-2.fna.fbcdn.net&_nc_cat=111&_nc_ohc=mAucWTx0M44AX_kCMSU&edm=AOG-cTkBAAAA&ccb=7-5&oh=00_AfCgzMPZxNV-pdepiQhN84a3tr5hJ-QZfa5Tvi8yL7X1Ig&oe=638DCEC9&_nc_sid=282b66,false
45611813553,prakhar__baadla,Prakhar Baadla,https://instagram.fblr20-3.fna.fbcdn.net/v/t51.2885-19/260318199_682161533166005_8868449335000636846_n.jpg?stp=dst-jpg_s150x150&_nc_ht=instagram.fblr20-3.fna.fbcdn.net&_nc_cat=105&_nc_ohc=IZDSvWkv9CQAX-E1PtA&edm=AOG-cTkBAAAA&ccb=7-5&oh=00_AfChv9Dk7izJYNWCw96mLKcKNwOLmtMEzzmxFnOQbJkmHg&oe=638EAA22&_nc_sid=282b66,false
54408726834,mridulgautam24,Mridul Gautam,https://instagram.fblr20-2.fna.fbcdn.net/v/t51.2885-19/307718608_634015814987154_876744529630727539_n.jpg?stp=dst-jpg_s150x150&_nc_ht=instagram.fblr20-2.fna.fbcdn.net&_nc_cat=106&_nc_ohc=Ob9xzRvp72YAX-mfDYC&edm=AOG-cTkBAAAA&ccb=7-5&oh=00_AfDnu1t33spwIlglKWTJ8Uqk-T2GamiQXP0iXgIPtRzWMQ&oe=638E63A7&_nc_sid=282b66,false
55132639937,pulkitjain9494,Pulkit Jain,https://instagram.fblr20-2.fna.fbcdn.net/v/t51.2885-19/307980832_976828887048426_4040271682788456943_n.jpg?stp=dst-jpg_s150x150&_nc_ht=instagram.fblr20-2.fna.fbcdn.net&_nc_cat=106&_nc_ohc=Tz_iogNV3ZoAX8Zaq26&edm=AOG-cTkBAAAA&ccb=7-5&oh=00_AfAqjnQDpQ2or2agGu--uMcD5a20ehTBDW-k-cvSWI3swA&oe=638DDA27&_nc_sid=282b66,false
7445599005,_.gouransh._,Gouransh Pareta,https://instagram.fblr20-3.fna.fbcdn.net/v/t51.2885-19/314467509_1233055473927660_7474284332814582373_n.jpg?stp=dst-jpg_s150x150&_nc_ht=instagram.fblr20-3.fna.fbcdn.net&_nc_cat=100&_nc_ohc=5jzc44oPwVIAX8l6jqO&edm=AOG-cTkBAAAA&ccb=7-5&oh=00_AfB3to1-VIVUTtAH1AGFGys2nfG6765DK0nNZVWN28hU8A&oe=638D97C2&_nc_sid=282b66,false
45608674261,cap_momenture,CAPTURE MOMENT,https://instagram.fblr20-1.fna.fbcdn.net/v/t51.2885-19/295363616_438417871521285_7870550199875756397_n.jpg?stp=dst-jpg_s150x150&_nc_ht=instagram.fblr20-1.fna.fbcdn.net&_nc_cat=109&_nc_ohc=r42ewSxl-GYAX8nmftS&edm=AOG-cTkBAAAA&ccb=7-5&oh=00_AfC60focxuXlUT38X6cA6xCd9__N2sNbJzsIXvpKGHyKig&oe=638DF664&_nc_sid=282b66,false
49444113225,_dishant_mhakhariya,Dishant Mhakhariya,https://instagram.fblr20-2.fna.fbcdn.net/v/t51.2885-19/299495580_1115907012669731_4210279736445751520_n.jpg?stp=dst-jpg_s150x150&_nc_ht=instagram.fblr20-2.fna.fbcdn.net&_nc_cat=111&_nc_ohc=6CW56xtXjigAX-IJiYj&edm=AOG-cTkBAAAA&ccb=7-5&oh=00_AfAn53gSeCeq7XNT8_GdtADWFt5jmNMRboqd5861SdK1vA&oe=638D3A39&_nc_sid=282b66,false
55067049297,littlelady1710,Little_Lady's_Boutique🌸,https://instagram.fblr20-3.fna.fbcdn.net/v/t51.2885-19/300982797_610599893972619_1579539309498833438_n.jpg?stp=dst-jpg_s150x150&_nc_ht=instagram.fblr20-3.fna.fbcdn.net&_nc_cat=103&_nc_ohc=NcrvfrjnQ80AX_uu226&edm=AOG-cTkBAAAA&ccb=7-5&oh=00_AfBnRREB7zDV2uLZWLh7RypEkA7dkrtctT0SE3VUShOiAg&oe=638D6A4B&_nc_sid=282b66,false
47358806623,tejansh1731,𝙏𝙚𝙟𝙖𝙣𝙨𝙝 𝙎. 𝙍𝙖𝙩𝙝𝙤𝙧𝙚🥂,https://instagram.fblr20-3.fna.fbcdn.net/v/t51.2885-19/308670138_780721246591395_5794947565354722060_n.jpg?stp=dst-jpg_s150x150&_nc_ht=instagram.fblr20-3.fna.fbcdn.net&_nc_cat=103&_nc_ohc=mrGkfngmJKMAX_XNFPG&edm=AOG-cTkBAAAA&ccb=7-5&oh=00_AfDF1NVz4jgYacxAfFKW6HhWoGSpbg5-jaD39jafx-SI-A&oe=638DD779&_nc_sid=282b66,false
7412955384,is_that_rythm,🇷 🇮 🇩 🇭 🇦 🇲     🇦 🇬 🇦 🇷 🇼 🇦 🇱,https://instagram.fblr20-3.fna.fbcdn.net/v/t51.2885-19/308299911_191462693336895_8572315563541652510_n.jpg?stp=dst-jpg_s150x150&_nc_ht=instagram.fblr20-3.fna.fbcdn.net&_nc_cat=103&_nc_ohc=FoSRltQ8k28AX8V4Bdy&tn=0CjN_rVN9B-0nI5k&edm=AOG-cTkBAAAA&ccb=7-5&oh=00_AfD7aFHRDE8qhsSeBFOO4aI8OKy1KbhdZ3vhG1eXjZxw6g&oe=638D4B67&_nc_sid=282b66,false
55233778482,navya_tripathi13,navya tripathi,https://instagram.fblr20-3.fna.fbcdn.net/v/t51.2885-19/315015896_656990632758111_7015972371789815255_n.jpg?stp=dst-jpg_s150x150&_nc_ht=instagram.fblr20-3.fna.fbcdn.net&_nc_cat=103&_nc_ohc=UMgU2CvyzKIAX9sU5fy&edm=AOG-cTkBAAAA&ccb=7-5&oh=00_AfCo4aSlLXlc6qw7dU2fognfnKuSGSqT_USgcrgHlOMDWg&oe=638D4938&_nc_sid=282b66,false
49131717377,nehuu.555,🖤Dr Neha Sharma➕,https://instagram.fblr20-1.fna.fbcdn.net/v/t51.2885-19/316660118_194259139769467_8215184081829771823_n.jpg?stp=dst-jpg_s150x150&_nc_ht=instagram.fblr20-1.fna.fbcdn.net&_nc_cat=107&_nc_ohc=bCImaQc4LFYAX-J-VzT&edm=AOG-cTkBAAAA&ccb=7-5&oh=00_AfCKjKBB9oMNkU_fwntpik219dKwVTzL8PBpVdMmV9Bh7g&oe=638D17B6&_nc_sid=282b66,false
47381389874,kelebek._02,Kush 🤍,https://instagram.fblr20-2.fna.fbcdn.net/v/t51.2885-19/307845174_415900190651207_858378887542783022_n.jpg?stp=dst-jpg_s150x150&_nc_ht=instagram.fblr20-2.fna.fbcdn.net&_nc_cat=111&_nc_ohc=pGAWZLzNOcoAX_mpcjz&edm=AOG-cTkBAAAA&ccb=7-5&oh=00_AfA2nOrgY6YCHoDSpeDbZNGA9dmtOHdVk6iksHx_UQW-Jw&oe=638E1933&_nc_sid=282b66,false
12375216550,_dp_8633,dp,https://instagram.fblr20-2.fna.fbcdn.net/v/t51.2885-19/296044304_361346899517495_422442894124356130_n.jpg?stp=dst-jpg_s150x150&_nc_ht=instagram.fblr20-2.fna.fbcdn.net&_nc_cat=111&_nc_ohc=X6gYLQ0UZ38AX-ban1k&edm=AOG-cTkBAAAA&ccb=7-5&oh=00_AfCFAbbKkg_M-CEOtBGrP4NGil5WwhNi00m3Vh5jjXwrTw&oe=638D1EF7&_nc_sid=282b66,false
54569614448,adk.1310,Mohd. Adnan Khan,https://instagram.fblr20-2.fna.fbcdn.net/v/t51.2885-19/313696432_1099417147439339_1640293886657288036_n.jpg?stp=dst-jpg_s150x150&_nc_ht=instagram.fblr20-2.fna.fbcdn.net&_nc_cat=111&_nc_ohc=OOT60jHqUqUAX-BOlQP&edm=AOG-cTkBAAAA&ccb=7-5&oh=00_AfBjp2S1y3_dQsxZ7XYpC36nwbrMGIkYwlMMUEsOcwK5Jw&oe=638DE02D&_nc_sid=282b66,false
4818114831,soni_.g._,Go₹ang🖤,https://instagram.fblr20-3.fna.fbcdn.net/v/t51.2885-19/297019530_1079351169629043_5488471817993272451_n.jpg?stp=dst-jpg_s150x150&_nc_ht=instagram.fblr20-3.fna.fbcdn.net&_nc_cat=103&_nc_ohc=buvCEju38x8AX-M1Pmr&edm=AOG-cTkBAAAA&ccb=7-5&oh=00_AfCMGRXpcuP6xDGfaluc5W98u3oTeupMGvvIlf06yq2-HQ&oe=638E4BA9&_nc_sid=282b66,false
55271029776,dhruvsharma2603,Dhruv Sharma,https://instagram.fblr20-2.fna.fbcdn.net/v/t51.2885-19/316295277_185812060692962_6421701883813029999_n.jpg?stp=dst-jpg_s150x150&_nc_ht=instagram.fblr20-2.fna.fbcdn.net&_nc_cat=102&_nc_ohc=6PushQ0ANZgAX-RFNCl&edm=AOG-cTkBAAAA&ccb=7-5&oh=00_AfBaoBJjIhdQnvUD0m5S3SEBemI9vyEZLeoydHlLlmAC_A&oe=638D7B6B&_nc_sid=282b66,false
53981446793,shermeshtha,Shermeshtha Vijaywargia,https://instagram.fblr20-3.fna.fbcdn.net/v/t51.2885-19/315500776_893391195374799_4835518589443344835_n.jpg?stp=dst-jpg_s150x150&_nc_ht=instagram.fblr20-3.fna.fbcdn.net&_nc_cat=103&_nc_ohc=SD9jISurpBIAX9eTa4B&edm=AOG-cTkBAAAA&ccb=7-5&oh=00_AfDkAQ8e8soDQSnxDi36L0wTJf-rmMRzbr053Enk48pbpg&oe=638E8B5D&_nc_sid=282b66,false
53125159413,_gain_._5kfans_._i5f6,_gain_._5kfans_._i5f6,https://instagram.fblr20-1.fna.fbcdn.net/v/t51.2885-19/280373306_691119518632642_6134101417827426257_n.jpg?stp=dst-jpg_s150x150&_nc_ht=instagram.fblr20-1.fna.fbcdn.net&_nc_cat=110&_nc_ohc=ZXwKwXyu84wAX9ONO9m&edm=AOG-cTkBAAAA&ccb=7-5&oh=00_AfC7JVVT_cYUXhE3kuhyvJboTN4FFJYC2oo7W1z5yHJiQA&oe=638EB324&_nc_sid=282b66,false
53191149670,_avnigaur,Avniiiii,https://instagram.fblr20-2.fna.fbcdn.net/v/t51.2885-19/313303618_918601685777846_5513916051870399419_n.jpg?stp=dst-jpg_s150x150&_nc_ht=instagram.fblr20-2.fna.fbcdn.net&_nc_cat=102&_nc_ohc=cB1vk9G5Ni4AX-IgmVs&tn=0CjN_rVN9B-0nI5k&edm=AOG-cTkBAAAA&ccb=7-5&oh=00_AfAsiPEpBK6irR7a0Uk-R9z50f3idsE1w0p1lmgcwJ9d5Q&oe=638E2CDA&_nc_sid=282b66,false
39725229112,queenphoenix0304,,https://instagram.fblr20-2.fna.fbcdn.net/v/t51.2885-19/118287434_339935053864247_3782853598962864509_n.jpg?stp=dst-jpg_s150x150&_nc_ht=instagram.fblr20-2.fna.fbcdn.net&_nc_cat=111&_nc_ohc=slcPxKrYxrYAX-VSvum&edm=AOG-cTkBAAAA&ccb=7-5&oh=00_AfBdbB2bSivC3JIZ_Zdj016PmaDBba4s27eNAdKq0RqINg&oe=638D7ABC&_nc_sid=282b66,false
8136227125,eeye.mo,Ai Cheng,https://instagram.fblr20-1.fna.fbcdn.net/v/t51.2885-19/311814034_475915587817473_2256596071327321664_n.jpg?stp=dst-jpg_s150x150&_nc_ht=instagram.fblr20-1.fna.fbcdn.net&_nc_cat=109&_nc_ohc=qBZcluAtuMYAX_wBSgM&edm=AOG-cTkBAAAA&ccb=7-5&oh=00_AfAX8YPmQJoox8XPFfZsYh-Fe37mxbXqHgrACsvo07VfPQ&oe=638E9E29&_nc_sid=282b66,false
4249014860,_arnavparashar_,ARNAV❤️,https://instagram.fblr20-2.fna.fbcdn.net/v/t51.2885-19/130849680_230478295161642_4230123829742596984_n.jpg?stp=dst-jpg_s150x150&_nc_ht=instagram.fblr20-2.fna.fbcdn.net&_nc_cat=106&_nc_ohc=J9CEAku7ZssAX8-EftV&edm=AOG-cTkBAAAA&ccb=7-5&oh=00_AfBgpJMKYhZPWempRgv8Kn9rKksyjfFdW_a59SoB6NBotA&oe=638DB551&_nc_sid=282b66,false
54861511546,gauranshbhatnagar,Gauransh Bhatnagar,https://instagram.fblr20-1.fna.fbcdn.net/v/t51.2885-19/315655214_1296499484441613_2028222201454954075_n.jpg?stp=dst-jpg_s150x150&_nc_ht=instagram.fblr20-1.fna.fbcdn.net&_nc_cat=109&_nc_ohc=tpgn4peteIkAX-1HSY9&edm=AOG-cTkBAAAA&ccb=7-5&oh=00_AfATivUc9ne2XxwR-jWjIRQZgI8ofmLUPyBylIabQCYXyA&oe=638CFC98&_nc_sid=282b66,false
53721483918,seth_mallon_,Seth,https://instagram.fblr20-1.fna.fbcdn.net/v/t51.2885-19/291060733_402673098470997_1015231372783925069_n.jpg?stp=dst-jpg_s150x150&_nc_ht=instagram.fblr20-1.fna.fbcdn.net&_nc_cat=109&_nc_ohc=CLxN8eS4ZLQAX9AkU3F&edm=AOG-cTkBAAAA&ccb=7-5&oh=00_AfD8u9Jz5n-w0Z5bxwEDln1T8PX2MZRORqGtbgg6XDaQMQ&oe=638E00B0&_nc_sid=282b66,false
47874587166,_naman2411_,Naman Goyal,https://instagram.famd15-1.fna.fbcdn.net/v/t51.2885-19/44884218_345707102882519_2446069589734326272_n.jpg?_nc_ht=instagram.famd15-1.fna.fbcdn.net&_nc_cat=1&_nc_ohc=v6hG0j-H7LQAX_REVjG&edm=AJ9x6zYBAAAA&ccb=7-5&ig_cache_key=YW5vbnltb3VzX3Byb2ZpbGVfcGlj.2-ccb7-5&oh=00_AfDp1nXBAQqyGXmaJASA4JdSfHPlxV2CWl-hA2KLTVDRxQ&oe=638EA58F&_nc_sid=cff2a4,false
55087280484,massage123578mi,massagecenter,https://instagram.fblr20-2.fna.fbcdn.net/v/t51.2885-19/301795142_467268908406844_3956784529315753303_n.jpg?stp=dst-jpg_s150x150&_nc_ht=instagram.fblr20-2.fna.fbcdn.net&_nc_cat=104&_nc_ohc=cyERI4qfnpkAX-sD9ce&edm=AOG-cTkBAAAA&ccb=7-5&oh=00_AfAF6z1Zu6MNOiR0DWvnGm6y3teLFhAVR0SvN2xWo2BhjA&oe=638E88FA&_nc_sid=282b66,false
51908559261,rishitaaa333,ऋषिता 🍂,https://instagram.fblr20-1.fna.fbcdn.net/v/t51.2885-19/312259671_1079340696095263_1626797707751472661_n.jpg?stp=dst-jpg_s150x150&_nc_ht=instagram.fblr20-1.fna.fbcdn.net&_nc_cat=107&_nc_ohc=QNayViMxOPoAX_XyKdg&edm=AOG-cTkBAAAA&ccb=7-5&oh=00_AfD_CXsO4rN7CDWwg9JX3R2ucsSd-R3Qbg2GtC-PA_alkg&oe=638DA4FA&_nc_sid=282b66,false
55108784225,mahijain_18,Mahi jain,https://instagram.fblr20-2.fna.fbcdn.net/v/t51.2885-19/303167074_459895072705187_120166534507648975_n.jpg?stp=dst-jpg_s150x150&_nc_ht=instagram.fblr20-2.fna.fbcdn.net&_nc_cat=111&_nc_ohc=oAMYDUle1H0AX-w6o7x&tn=0CjN_rVN9B-0nI5k&edm=AOG-cTkBAAAA&ccb=7-5&oh=00_AfCT-8h9jGm7O9oPkaJ5Wet4zaymIn1tdPflGLKxHeNCdA&oe=638D99CD&_nc_sid=282b66,false
50759535910,_raunak.gupta_,ℛ𝓪𝓾𝓷𝓪𝓴  ×͜×,https://instagram.fblr20-3.fna.fbcdn.net/v/t51.2885-19/280292036_160200979828851_8275408643839230776_n.jpg?stp=dst-jpg_s150x150&_nc_ht=instagram.fblr20-3.fna.fbcdn.net&_nc_cat=103&_nc_ohc=SswPsvcc_xwAX88QcSo&edm=AOG-cTkBAAAA&ccb=7-5&oh=00_AfD7QjmIJ4o99rS_yUjkoAbZtfTeU67NfDCTc7NaZp3iLQ&oe=638DE7E0&_nc_sid=282b66,false
11789099992,_mynameish_,,https://instagram.fblr20-1.fna.fbcdn.net/v/t51.2885-19/313394161_186692223862798_7272493148924212244_n.jpg?stp=dst-jpg_s150x150&_nc_ht=instagram.fblr20-1.fna.fbcdn.net&_nc_cat=110&_nc_ohc=uE9sYAb5HqMAX-AH5Ha&edm=AOG-cTkBAAAA&ccb=7-5&oh=00_AfAZdNfQ7zbd3tlZ8DlesQWyUSSf6YLId4sz7f6y5fEZGA&oe=638D0CB9&_nc_sid=282b66,false
52218473685,shrilakshmi_biradar,Shrilakshmi🦋,https://instagram.fblr20-3.fna.fbcdn.net/v/t51.2885-19/312228846_192462729858769_8088291426398519384_n.jpg?stp=dst-jpg_s150x150&_nc_ht=instagram.fblr20-3.fna.fbcdn.net&_nc_cat=101&_nc_ohc=fuFWIyp4BeYAX_w8Bxe&tn=0CjN_rVN9B-0nI5k&edm=AOG-cTkBAAAA&ccb=7-5&oh=00_AfBvn95bYgS2_7hcOyrSBxccaz31h3awrudJcSGzPBwSZQ&oe=638E02FF&_nc_sid=282b66,false
50077993645,aastha_gopalani,𝓐𝓪𝓼𝓽𝓱𝓪 𝓖𝓸𝓹𝓪𝓵𝓪𝓷𝓲 💞💫,https://instagram.fblr20-2.fna.fbcdn.net/v/t51.2885-19/312266875_475676644509642_8438059755637122123_n.jpg?stp=dst-jpg_s150x150&_nc_ht=instagram.fblr20-2.fna.fbcdn.net&_nc_cat=106&_nc_ohc=sFOTPymJKFYAX_99pVV&edm=AOG-cTkBAAAA&ccb=7-5&oh=00_AfDb3T2LYRiPawW8KI6WhauZJuQDS5HLc_UfqJj1XKILVw&oe=638E67CF&_nc_sid=282b66,false
53331258850,no_whores_more_goals,Shanks,https://instagram.fblr20-1.fna.fbcdn.net/v/t51.2885-19/317651091_1202367413710270_807737688319432851_n.jpg?stp=dst-jpg_s150x150&_nc_ht=instagram.fblr20-1.fna.fbcdn.net&_nc_cat=110&_nc_ohc=lViFSoOXYBIAX9AHn3Q&edm=AOG-cTkBAAAA&ccb=7-5&oh=00_AfCoFg9-Lp0-HTPHLNbhZUG5sDiiObBOb80be52QRypaUQ&oe=638D530E&_nc_sid=282b66,false
44563707762,annoyingconnoisseurlady,mahi,https://instagram.fblr20-2.fna.fbcdn.net/v/t51.2885-19/317132489_139429855561463_4144975107258157162_n.jpg?stp=dst-jpg_s150x150&_nc_ht=instagram.fblr20-2.fna.fbcdn.net&_nc_cat=111&_nc_ohc=XMC6Q3v64tAAX8vDLQ4&edm=AOG-cTkBAAAA&ccb=7-5&oh=00_AfBPX_u7Zsgsq0gsvNsBAXxhXp2p-dUdPmKLgusMH89J4Q&oe=638E56A0&_nc_sid=282b66,false
5769345064,kartikaysharma1906,Raghav Sharma,https://instagram.fblr20-2.fna.fbcdn.net/v/t51.2885-19/306790497_662240138565534_1004076654474321289_n.jpg?stp=dst-jpg_s150x150&_nc_ht=instagram.fblr20-2.fna.fbcdn.net&_nc_cat=106&_nc_ohc=Ty5rxh4iG_cAX_vspUG&edm=AOG-cTkBAAAA&ccb=7-5&oh=00_AfDVjK9uHg95T4SIr5MLmoZXmGOGZ52iQkeQC345qBfVLQ&oe=638E3C35&_nc_sid=282b66,false
49703097495,unnatiiii3005,Unnati Chawla,https://instagram.fblr20-2.fna.fbcdn.net/v/t51.2885-19/317751876_142003041950867_657059574730837081_n.jpg?stp=dst-jpg_s150x150&_nc_ht=instagram.fblr20-2.fna.fbcdn.net&_nc_cat=111&_nc_ohc=_IQB-O-1AywAX85vgVq&tn=0CjN_rVN9B-0nI5k&edm=AOG-cTkBAAAA&ccb=7-5&oh=00_AfBZw6DjyAy8ztYnNlGXDYFm1VeZ8-D_BjWVvfBqQSabSQ&oe=638D7B5F&_nc_sid=282b66,false
50348334031,kgoyal._.0809,Kritika Goyal(◔‿◔),https://instagram.fblr20-1.fna.fbcdn.net/v/t51.2885-19/312497281_1994537734085660_7427524243093585972_n.jpg?stp=dst-jpg_s150x150&_nc_ht=instagram.fblr20-1.fna.fbcdn.net&_nc_cat=108&_nc_ohc=VK-oQJRaIo8AX8m78Bc&edm=AOG-cTkBAAAA&ccb=7-5&oh=00_AfDSg5DDQ9liw85r4iFXBNIrQedBwWYG48MP5_O_Lg8QWQ&oe=638D8621&_nc_sid=282b66,false
6333226534,shreyash_vijay,Shreyash Vijay,https://instagram.fblr20-1.fna.fbcdn.net/v/t51.2885-19/311060820_828646415255000_9040765804163415988_n.jpg?stp=dst-jpg_s150x150&_nc_ht=instagram.fblr20-1.fna.fbcdn.net&_nc_cat=108&_nc_ohc=fBTY8yAhBEwAX8AMvmy&edm=AOG-cTkBAAAA&ccb=7-5&oh=00_AfAWxkGMgqDjnSu5wIr_MvQfW7xNTp9RvJd__WF0ZOX7hQ&oe=638E76FF&_nc_sid=282b66,false
7886053888,vasusingh_11,Vasu Singh,https://instagram.fblr20-1.fna.fbcdn.net/v/t51.2885-19/317653812_697186841683507_5305179580551248101_n.jpg?stp=dst-jpg_s150x150&_nc_ht=instagram.fblr20-1.fna.fbcdn.net&_nc_cat=107&_nc_ohc=Lja0gW8uNhkAX_qZzaE&edm=AOG-cTkBAAAA&ccb=7-5&oh=00_AfDlzUX8V4Wp4EyD2zNPnh1ZfICk0onDdyJf9x3U0XaZmg&oe=638D2FDF&_nc_sid=282b66,false
13614575295,__sneha__1204,sneha❤️,https://instagram.fblr20-1.fna.fbcdn.net/v/t51.2885-19/310661501_200348222431892_8267417632329053060_n.jpg?stp=dst-jpg_s150x150&_nc_ht=instagram.fblr20-1.fna.fbcdn.net&_nc_cat=108&_nc_ohc=-btpG40f2i0AX_xdDqF&tn=0CjN_rVN9B-0nI5k&edm=AOG-cTkBAAAA&ccb=7-5&oh=00_AfALtcGn0j7ctDDG6NbtGSfr3vCKUV7z-GSznEifrFI7kw&oe=638ED126&_nc_sid=282b66,false
15874173319,_mudit.8_,Mudit Jain (Moonlit),https://instagram.fblr20-1.fna.fbcdn.net/v/t51.2885-19/73385897_1154324528292115_3388957139048333312_n.jpg?stp=dst-jpg_s150x150&_nc_ht=instagram.fblr20-1.fna.fbcdn.net&_nc_cat=107&_nc_ohc=zV7RtISo-vkAX-K2zhe&edm=AOG-cTkBAAAA&ccb=7-5&oh=00_AfAdtE7QaeMCHpTmqdCM81JXgSCBV7kqH-6shN6lWIYiWg&oe=638E854E&_nc_sid=282b66,false
54009892358,silenteyes._27,little flower,https://instagram.fpnq13-2.fna.fbcdn.net/v/t51.2885-19/44884218_345707102882519_2446069589734326272_n.jpg?efg=eyJybWQiOiJpZ19hbmRyb2lkX21vYmlsZV9uZXR3b3JrX3N0YWNrX2xpZ2VyX2Rpc2FibGVfZG5zX3JldHJ5XzI6Y29udHJvbCJ9&_nc_ht=instagram.fpnq13-2.fna.fbcdn.net&_nc_cat=1&_nc_ohc=v6hG0j-H7LQAX8vBw3s&edm=AAfggu4BAAAA&ccb=7-5&ig_cache_key=YW5vbnltb3VzX3Byb2ZpbGVfcGlj.2-ccb7-5&oh=00_AfAG5NaLnFJ3BBUyQO6XoBFosPvorOVtljos0v7kWhfyQA&oe=638EA58F&_nc_sid=f226f3,false
14429740297,bindallakshya,Lakshya Bindal,https://instagram.fblr20-1.fna.fbcdn.net/v/t51.2885-19/271434448_1048024462409853_7999455585624054139_n.jpg?stp=dst-jpg_s150x150&_nc_ht=instagram.fblr20-1.fna.fbcdn.net&_nc_cat=109&_nc_ohc=rEWeqSzKsIYAX--wSik&edm=AOG-cTkBAAAA&ccb=7-5&oh=00_AfBkj_DQ34HM7KpQWdKlloxUdvPxg_pSPGkNhzp6-XLtqQ&oe=638DB76F&_nc_sid=282b66,false
51087423461,xxangels_zone,angelo ardizzone♟,https://instagram.fblr20-2.fna.fbcdn.net/v/t51.2885-19/310030816_435112712078906_7964776469021956297_n.jpg?stp=dst-jpg_s150x150&_nc_ht=instagram.fblr20-2.fna.fbcdn.net&_nc_cat=102&_nc_ohc=2uiIpRjOmwgAX_aFFr8&edm=AOG-cTkBAAAA&ccb=7-5&oh=00_AfBhzsW-WAXg-YOejET4GDwUVJ0naS_ajLzjPAPu5_DtZw&oe=638DF587&_nc_sid=282b66,false
8419512267,pragati.priydarshi,PR∆G∆T¡,https://instagram.fblr20-1.fna.fbcdn.net/v/t51.2885-19/308882219_498778305461623_2849521165315095184_n.jpg?stp=dst-jpg_s150x150&_nc_ht=instagram.fblr20-1.fna.fbcdn.net&_nc_cat=107&_nc_ohc=T-sBNU_LrzUAX8eqzOU&edm=AOG-cTkBAAAA&ccb=7-5&oh=00_AfDKx2nH8aVM6kezXciRdjuJK1DKvTsXfozfvFva1S_z9Q&oe=638CEA97&_nc_sid=282b66,false
15876587298,_lkiya_,K A U S H I k I 🌼,https://instagram.fblr20-3.fna.fbcdn.net/v/t51.2885-19/314397742_844547306685289_5561906181294279951_n.jpg?stp=dst-jpg_s150x150&_nc_ht=instagram.fblr20-3.fna.fbcdn.net&_nc_cat=101&_nc_ohc=Ws4Pjk9J2yoAX8bv1AD&tn=0CjN_rVN9B-0nI5k&edm=AOG-cTkBAAAA&ccb=7-5&oh=00_AfAKFVo90eq3Gjoh6tRQu2zHU_dbwF-PtjxZdhCGFP_gWg&oe=638EB252&_nc_sid=282b66,false
8216992705,kasana_learning,Kasana Learning,https://instagram.fblr20-1.fna.fbcdn.net/v/t51.2885-19/292494739_368161742109261_6262790276841093542_n.jpg?stp=dst-jpg_s150x150&_nc_ht=instagram.fblr20-1.fna.fbcdn.net&_nc_cat=109&_nc_ohc=nIAI8aOUgiwAX9HZT97&tn=0CjN_rVN9B-0nI5k&edm=AOG-cTkBAAAA&ccb=7-5&oh=00_AfAgy4EcqCLnJyznTawahgjkq9bUp_A6Npc0SLYzftFfVg&oe=638CE4B5&_nc_sid=282b66,false
21632863256,_palak_._bhandari_,...,https://instagram.fblr20-3.fna.fbcdn.net/v/t51.2885-19/304928287_1397319537423036_6125319502067406137_n.jpg?stp=dst-jpg_s150x150&_nc_ht=instagram.fblr20-3.fna.fbcdn.net&_nc_cat=100&_nc_ohc=3ZApiyl8dugAX-t8Smb&tn=0CjN_rVN9B-0nI5k&edm=AOG-cTkBAAAA&ccb=7-5&oh=00_AfB1HCyxQ5_nrR6qAKQmGzR4l1lQ_8-Bf0pCqHg4seVPUw&oe=638CEDEC&_nc_sid=282b66,false
9033422876,sparsh_majumdar,Sparsh Majumdar,https://instagram.fblr20-3.fna.fbcdn.net/v/t51.2885-19/310641314_158485496823497_5765167370798603799_n.jpg?stp=dst-jpg_s150x150&_nc_ht=instagram.fblr20-3.fna.fbcdn.net&_nc_cat=105&_nc_ohc=t79Etfnrxz4AX9S2-Q3&edm=AOG-cTkBAAAA&ccb=7-5&oh=00_AfBh42MzJsrFXoCIZBfwsjc4eqgYRMpCy-QZXyxTDIrRxA&oe=638EA486&_nc_sid=282b66,false
5882339000,mxhiraz,Mahi,https://instagram.fblr20-1.fna.fbcdn.net/v/t51.2885-19/317394327_1123780828156040_1776752107560238089_n.jpg?stp=dst-jpg_s150x150&_nc_ht=instagram.fblr20-1.fna.fbcdn.net&_nc_cat=108&_nc_ohc=MHsvbnboz_AAX-Bh5uB&edm=AOG-cTkBAAAA&ccb=7-5&oh=00_AfCjSkvlLHwLMiIPgU_LysPo0NWZRaxh99bYRpjiv0yryQ&oe=638E547F&_nc_sid=282b66,false
25682474835,its_sarthak_tiwari,Sarthak Tiwari,https://instagram.fblr20-2.fna.fbcdn.net/v/t51.2885-19/151159315_951585125372536_7631058428962575905_n.jpg?stp=dst-jpg_s150x150&_nc_ht=instagram.fblr20-2.fna.fbcdn.net&_nc_cat=104&_nc_ohc=j-pjOpkaED4AX-jdHs3&edm=AOG-cTkBAAAA&ccb=7-5&oh=00_AfAYmBcSkv977Q4AT2Irz_hE539O-Mvoq_nPCMxg94E5Nw&oe=638D54A4&_nc_sid=282b66,false
5608300113,kaartikey_dube,kaartikey dube,https://instagram.fblr20-2.fna.fbcdn.net/v/t51.2885-19/314516132_1124059908313583_6377250221277561704_n.jpg?stp=dst-jpg_s150x150&_nc_ht=instagram.fblr20-2.fna.fbcdn.net&_nc_cat=111&_nc_ohc=08QWfkXFOUgAX90cPwb&edm=AOG-cTkBAAAA&ccb=7-5&oh=00_AfAAa_MeCjkEvRyApJEUN4uvlAn_Y-gDx2cWGsIq2PTVHQ&oe=638DE163&_nc_sid=282b66,false
54175738000,jatin_24gupta,jatin,https://instagram.fblr20-2.fna.fbcdn.net/v/t51.2885-19/309403733_642542580593615_118323961825569525_n.jpg?stp=dst-jpg_s150x150&_nc_ht=instagram.fblr20-2.fna.fbcdn.net&_nc_cat=111&_nc_ohc=0_o9waQMV3MAX8MmH_-&edm=AOG-cTkBAAAA&ccb=7-5&oh=00_AfAgjEEhIUigsqsHH7Nz6pvIuYw9KnV7AUIVNOSvr_nQfQ&oe=638D2971&_nc_sid=282b66,false
25027366028,jainpriyanshu144,Priyanshu Jain,https://instagram.fblr20-1.fna.fbcdn.net/v/t51.2885-19/176016512_489705835486569_3657364925481431368_n.jpg?stp=dst-jpg_s150x150&_nc_ht=instagram.fblr20-1.fna.fbcdn.net&_nc_cat=109&_nc_ohc=acMgRtacAw4AX-piSdL&edm=AOG-cTkBAAAA&ccb=7-5&oh=00_AfA9oLipOdPW8yUBST-ZYsyKEDL92AAHgj5K3dGz5q6lLA&oe=638CF944&_nc_sid=282b66,false
7529560121,w.shrutiii,shruti wakchaure,https://instagram.fblr20-1.fna.fbcdn.net/v/t51.2885-19/313976536_1359591721516615_583704326725257660_n.jpg?stp=dst-jpg_s150x150&_nc_ht=instagram.fblr20-1.fna.fbcdn.net&_nc_cat=107&_nc_ohc=raATq1fuEYIAX9Xxf0u&edm=AOG-cTkBAAAA&ccb=7-5&oh=00_AfAGHc1OZIUnJVm4L26oPACByMAvu9vSCQr6zjkEfjlIAg&oe=638DAEAE&_nc_sid=282b66,false
25034376356,sarvagya.jn_12,Sarvagyx🧋,https://instagram.fblr20-2.fna.fbcdn.net/v/t51.2885-19/317009414_207473238391466_5322301017926919849_n.jpg?stp=dst-jpg_s150x150&_nc_ht=instagram.fblr20-2.fna.fbcdn.net&_nc_cat=102&_nc_ohc=ko1iGCQJb9MAX-8jqt3&edm=AOG-cTkBAAAA&ccb=7-5&oh=00_AfApn41LVDJZV2BLA7ketnkoNDO0COjl9Hnyl2dAUl2v4A&oe=638DCAF3&_nc_sid=282b66,false
6936636459,bhagyashreee_x,𝑩𝒉𝒂𝒈𝒚𝒂𝒔𝒉𝒓𝒆𝒆 𝑯𝒂𝒅𝒂,https://instagram.fblr20-1.fna.fbcdn.net/v/t51.2885-19/312836205_1514083529065857_4373193220306562516_n.jpg?stp=dst-jpg_s150x150&_nc_ht=instagram.fblr20-1.fna.fbcdn.net&_nc_cat=109&_nc_ohc=fBZ9Zx_ssacAX-95nik&edm=AOG-cTkBAAAA&ccb=7-5&oh=00_AfD38XkeIxpT-p468fsCBAeWkPH3DJ--kknULTSB_1AoTw&oe=638DBFC7&_nc_sid=282b66,false
54163587645,mkalreja,MannKarnika Alreja,https://instagram.fblr20-3.fna.fbcdn.net/v/t51.2885-19/316730285_862442111602601_6340231992852383717_n.jpg?stp=dst-jpg_s150x150&_nc_ht=instagram.fblr20-3.fna.fbcdn.net&_nc_cat=105&_nc_ohc=Xb0SLgfUT6wAX_f_efm&tn=0CjN_rVN9B-0nI5k&edm=AOG-cTkBAAAA&ccb=7-5&oh=00_AfCpV7cMB8AetIrkK9G-EsPahhOraqiy5k9-Uc_U2Smr2g&oe=638EBE2B&_nc_sid=282b66,false
52339521944,naman_nainiwal,Naman Nainiwal,https://instagram.fblr20-2.fna.fbcdn.net/v/t51.2885-19/290167390_1988396578033600_3438624222559351459_n.jpg?stp=dst-jpg_s150x150&_nc_ht=instagram.fblr20-2.fna.fbcdn.net&_nc_cat=104&_nc_ohc=tI9vU0xKG_YAX9qLc9K&tn=0CjN_rVN9B-0nI5k&edm=AOG-cTkBAAAA&ccb=7-5&oh=00_AfBuzXQ3nMf5XO2R7SQsKFjO2LiES-DkaaEVAnWRSSGEdA&oe=638DF4B6&_nc_sid=282b66,false
54687674412,khushi.pathak17,Khushi Pathak,https://instagram.fblr20-3.fna.fbcdn.net/v/t51.2885-19/299953045_793724025145849_5172257419837916653_n.jpg?stp=dst-jpg_s150x150&_nc_ht=instagram.fblr20-3.fna.fbcdn.net&_nc_cat=101&_nc_ohc=FseRQdl1mwwAX_0fd_o&edm=AOG-cTkBAAAA&ccb=7-5&oh=00_AfB0VWrdrvrmB1bqxxWAafWIfXFlugO4BqIAq2_0Py2sMg&oe=638DCC12&_nc_sid=282b66,false
51808918938,popular___reels_______________,popular reels,https://instagram.fblr20-1.fna.fbcdn.net/v/t51.2885-19/275353133_3229825943959207_4578200516426401863_n.jpg?stp=dst-jpg_s150x150&_nc_ht=instagram.fblr20-1.fna.fbcdn.net&_nc_cat=107&_nc_ohc=IznYfOkIgXwAX_GdhQR&tn=0CjN_rVN9B-0nI5k&edm=AOG-cTkBAAAA&ccb=7-5&oh=00_AfCOgzOTsJBVFcrF7sxW1Sadn9J3k9z-95bo2pFrJtsDmw&oe=638D4F0D&_nc_sid=282b66,false
48600668504,_shridarbarsahib__,Gurbani,https://instagram.fblr20-1.fna.fbcdn.net/v/t51.2885-19/279478007_3223381787978971_4704366978088605695_n.jpg?stp=dst-jpg_s150x150&_nc_ht=instagram.fblr20-1.fna.fbcdn.net&_nc_cat=107&_nc_ohc=zEuzQcwDQIoAX_MfIXv&edm=AOG-cTkBAAAA&ccb=7-5&oh=00_AfCtTS8RlMZ7dy76lCMKbxk374CA8kskaOmLYZY5l12CZw&oe=638E1D2A&_nc_sid=282b66,false
50817886005,arjun.raj706,Arjunrajarjunraj Arjunraj,https://instagram.fblr20-3.fna.fbcdn.net/v/t51.2885-19/277113353_1870556733150637_599978283336375066_n.jpg?stp=dst-jpg_s150x150&_nc_ht=instagram.fblr20-3.fna.fbcdn.net&_nc_cat=101&_nc_ohc=K7NLDzvRaswAX91VEMN&edm=AOG-cTkBAAAA&ccb=7-5&oh=00_AfByByWKERceklsxuEcLn6-JuakijpC_oUfRw_1MhEq6dg&oe=638DB327&_nc_sid=282b66,false
53048066009,unacademyfanclub,Unacademy Fan Club,https://instagram.fblr20-1.fna.fbcdn.net/v/t51.2885-19/278007192_305335465069484_1600982180670166510_n.jpg?stp=dst-jpg_s150x150&_nc_ht=instagram.fblr20-1.fna.fbcdn.net&_nc_cat=108&_nc_ohc=Ic4phL-dcD8AX84_-FE&edm=AOG-cTkBAAAA&ccb=7-5&oh=00_AfBosfa4ERuxVMisloapyAbrh4qTMG5ndHewzvmkYzI_iA&oe=638E42E9&_nc_sid=282b66,false
53770759660,marriagefordaily,Marriage For Daily,https://instagram.fblr20-2.fna.fbcdn.net/v/t51.2885-19/286853428_1062461761030912_4595293335621901441_n.jpg?stp=dst-jpg_s150x150&_nc_ht=instagram.fblr20-2.fna.fbcdn.net&_nc_cat=104&_nc_ohc=us0d6Hgkz7AAX9ZEhM8&edm=AOG-cTkBAAAA&ccb=7-5&oh=00_AfCgWP1DfAD3PGYtYzjlUSh-KVIL7Vh4E6kH1qN2Ba_gig&oe=638DED5F&_nc_sid=282b66,false
52873965823,shepp_ing,,https://instagram.fblr20-3.fna.fbcdn.net/v/t51.2885-19/284982903_1628918757485753_6759005971754134374_n.jpg?stp=dst-jpg_s150x150&_nc_ht=instagram.fblr20-3.fna.fbcdn.net&_nc_cat=105&_nc_ohc=mRsAWjjW27EAX8J8x-Y&edm=AOG-cTkBAAAA&ccb=7-5&oh=00_AfB-QB1qGO00LkBs3iI5K2mSgbQ2rHfRe6sMeK5z0udu6w&oe=638CEE05&_nc_sid=282b66,false
45707578691,theg.gcart,Theggcart Theggcart,https://instagram.fblr20-3.fna.fbcdn.net/v/t51.2885-19/308208581_387357656912173_698483898228220422_n.jpg?stp=dst-jpg_s150x150&_nc_ht=instagram.fblr20-3.fna.fbcdn.net&_nc_cat=101&_nc_ohc=gBXuKIqhyIEAX-WH7pZ&edm=AOG-cTkBAAAA&ccb=7-5&oh=00_AfDCLtkGBAcCGFyUOOP3JArBTnlDNvFu9oKTtYCrVd1r6Q&oe=638D455F&_nc_sid=282b66,false
49309527415,jayvictor27,Jay Victor,https://instagram.fblr20-1.fna.fbcdn.net/v/t51.2885-19/313202951_660512172086995_7835364370028779853_n.jpg?stp=dst-jpg_s150x150&_nc_ht=instagram.fblr20-1.fna.fbcdn.net&_nc_cat=107&_nc_ohc=Y-3ur5LBvmYAX_PNOpL&edm=AOG-cTkBAAAA&ccb=7-5&oh=00_AfATx9gGG-yCTxtMCRa-m0Xtx9FWGojbd-BaVDfy22ANmQ&oe=638E892A&_nc_sid=282b66,false
2271905073,rosiiietorres,LA FAMOSA ROSIE ♡ 🧿,https://instagram.fblr20-3.fna.fbcdn.net/v/t51.2885-19/310661148_194375506331175_5781946603948835417_n.jpg?stp=dst-jpg_s150x150&_nc_ht=instagram.fblr20-3.fna.fbcdn.net&_nc_cat=103&_nc_ohc=p1n2xBsprZ8AX9gisUN&edm=AOG-cTkBAAAA&ccb=7-5&oh=00_AfCfZgoyr__uyuM33zl_RPQQsMh82UY2NDJJihW6qMnW0g&oe=638CF607&_nc_sid=282b66,false
36824712715,anushka.chittora,Anushka Chittora,https://instagram.fblr20-3.fna.fbcdn.net/v/t51.2885-19/304911258_1478951272552467_8394297899846437128_n.jpg?stp=dst-jpg_s150x150&_nc_ht=instagram.fblr20-3.fna.fbcdn.net&_nc_cat=103&_nc_ohc=v9Vl1MwdsQsAX_kMKtx&tn=0CjN_rVN9B-0nI5k&edm=AOG-cTkBAAAA&ccb=7-5&oh=00_AfAzZtge0M0TQxxMruascK7usdRmCA_86RniBj2XD1QmGA&oe=638E8099&_nc_sid=282b66,false
