id,userName,fullName,profilePicUrl,isVerified
56790209437,msrit_confessions25,MSRIT'25 | Confessions,https://instagram.fblr2-2.fna.fbcdn.net/v/t51.2885-19/317718785_674312280969082_3888449605436941157_n.jpg?stp=dst-jpg_s150x150&_nc_ht=instagram.fblr2-2.fna.fbcdn.net&_nc_cat=110&_nc_ohc=mahOAWikxFUAX_74qm9&edm=AOG-cTkBAAAA&ccb=7-5&oh=00_AfCUU12kRchEJl1HmQn_xh3WBVmE7-lx4kr8NCfxJ-4tIQ&oe=638F47AC&_nc_sid=282b66,false
49158144468,navaneeth_23_,Navaneeth Arasu,https://instagram.flko1-2.fna.fbcdn.net/v/t51.2885-19/44884218_345707102882519_2446069589734326272_n.jpg?_nc_ht=instagram.flko1-2.fna.fbcdn.net&_nc_cat=1&_nc_ohc=v6hG0j-H7LQAX8yJGCo&edm=ALlQn9MBAAAA&ccb=7-5&ig_cache_key=YW5vbnltb3VzX3Byb2ZpbGVfcGlj.2-ccb7-5&oh=00_AfDcrg_4zqOpMUqIaqvjnj6KiKVp2NGRE4mEMLf_8erGYQ&oe=638EA58F&_nc_sid=48a2a6,false
36838950455,prachi_gopsitkar,Prachi J G,https://instagram.fblr2-1.fna.fbcdn.net/v/t51.2885-19/310939666_608551797421477_4301484326851008716_n.jpg?stp=dst-jpg_s150x150&_nc_ht=instagram.fblr2-1.fna.fbcdn.net&_nc_cat=101&_nc_ohc=d-FYBtvOqeMAX-r3vSn&edm=AOG-cTkBAAAA&ccb=7-5&oh=00_AfCTL1jBv3zvl8wHnfzcetlEAaIIhbDThAWHyUr2ZKl_xw&oe=638E3C7A&_nc_sid=282b66,false
50756992778,sahityachinta,Sahitya Chinta,https://instagram.fblr2-1.fna.fbcdn.net/v/t51.2885-19/289498304_448595767271115_7599844638894628008_n.jpg?stp=dst-jpg_s150x150&_nc_ht=instagram.fblr2-1.fna.fbcdn.net&_nc_cat=103&_nc_ohc=X_iDh5jHd90AX_5EtTV&edm=AOG-cTkBAAAA&ccb=7-5&oh=00_AfCxOf4nKzQK-R9JoX2QI8sOJQcWE9-GWdlcEFVOUD4x6g&oe=638E6F45&_nc_sid=282b66,false
13550672133,pratheek31,pratheek,https://instagram.fblr2-2.fna.fbcdn.net/v/t51.2885-19/300057964_635654898085716_662713523035733280_n.jpg?stp=dst-jpg_s150x150&_nc_ht=instagram.fblr2-2.fna.fbcdn.net&_nc_cat=100&_nc_ohc=oqxZ6IwMc5MAX9K1TN8&tn=DBNlXcUCKOf1RGaQ&edm=AOG-cTkBAAAA&ccb=7-5&oh=00_AfCj4hn0bcA30iFEJRjpbUZHs_6AaKNfbCgZ2d7LfHrZpQ&oe=638DEB57&_nc_sid=282b66,false
55723289117,_msrcasc.confessions_,MSRCASC CONFESSIONS,https://instagram.fblr2-2.fna.fbcdn.net/v/t51.2885-19/316061513_188481710422171_3085410195278436036_n.jpg?stp=dst-jpg_s150x150&_nc_ht=instagram.fblr2-2.fna.fbcdn.net&_nc_cat=107&_nc_ohc=HL9ej_pI8KUAX9BR5wy&edm=AOG-cTkBAAAA&ccb=7-5&oh=00_AfDhWwilzCxDoLTnwhrd9ExNhjjruKWZx8JsbWjU1DLriw&oe=638DBAC0&_nc_sid=282b66,false
39643310532,vigneeshan_26,Vigneeshan,https://instagram.fblr2-1.fna.fbcdn.net/v/t51.2885-19/315749652_1648361465566446_4341038550997431135_n.jpg?stp=dst-jpg_s150x150&_nc_ht=instagram.fblr2-1.fna.fbcdn.net&_nc_cat=106&_nc_ohc=iLCn_aE0kacAX9YGHFg&edm=AOG-cTkBAAAA&ccb=7-5&oh=00_AfBZD_AY7N0gFEXRIW90v4auDPotN7yo2CJpLEi_nPIAaQ&oe=638E4BF6&_nc_sid=282b66,false
34651038602,sarvesh_4972,_S_arves_h,https://instagram.fblr2-2.fna.fbcdn.net/v/t51.2885-19/317572304_701495424506480_904143504568980387_n.jpg?stp=dst-jpg_s150x150&_nc_ht=instagram.fblr2-2.fna.fbcdn.net&_nc_cat=108&_nc_ohc=XQ2-POqSRlsAX-oWQeg&edm=AOG-cTkBAAAA&ccb=7-5&oh=00_AfBW1eDTQhK-L_tLh9cqOAZ7Vmtr9-vX7dbt2s1XXc8jdQ&oe=638E95A6&_nc_sid=282b66,false
49311768834,_shraddha_.78,Shraddha Prabhu,https://instagram.fblr2-1.fna.fbcdn.net/v/t51.2885-19/244653676_376984697496253_3236801646905578479_n.jpg?stp=dst-jpg_s150x150&_nc_ht=instagram.fblr2-1.fna.fbcdn.net&_nc_cat=101&_nc_ohc=1I43RK4PZgkAX_0PD4X&edm=AOG-cTkBAAAA&ccb=7-5&oh=00_AfBWYmd-REolTOIbFM_IVysIap4fpNrKO7wWG3NTU-N_aA&oe=638DADB5&_nc_sid=282b66,false
56547582986,_msrit_confessions,MSRIT | Confessions,https://instagram.fblr2-2.fna.fbcdn.net/v/t51.2885-19/317186012_916110222707699_231281772653282652_n.jpg?stp=dst-jpg_s150x150&_nc_ht=instagram.fblr2-2.fna.fbcdn.net&_nc_cat=111&_nc_ohc=vMfvEKt2ox4AX8Qd_oo&edm=AOG-cTkBAAAA&ccb=7-5&oh=00_AfCTRsqnex8JiXDqbzXsgnDbBNdoqRnly3g8B-6vmIhphg&oe=638EDC3D&_nc_sid=282b66,false
51652774544,laya_arun19,Laya Arun,https://instagram.fblr2-1.fna.fbcdn.net/v/t51.2885-19/274263757_686369765845141_6401868345296176212_n.jpg?stp=dst-jpg_s150x150&_nc_ht=instagram.fblr2-1.fna.fbcdn.net&_nc_cat=101&_nc_ohc=NQry_vZrGkgAX-2b0bv&edm=AOG-cTkBAAAA&ccb=7-5&oh=00_AfBk7mUaPe9kNcJXC-WMEad5uwtsu0KOiY95jaoWhp0qPQ&oe=638EF4A0&_nc_sid=282b66,false
26664885749,kathy__ray,K A T H Y,https://instagram.fblr2-1.fna.fbcdn.net/v/t51.2885-19/83301829_2769246683168538_7605000833276575744_n.jpg?stp=dst-jpg_s150x150&_nc_ht=instagram.fblr2-1.fna.fbcdn.net&_nc_cat=106&_nc_ohc=QHXplevmvNAAX-EIOBz&edm=AOG-cTkBAAAA&ccb=7-5&oh=00_AfBtBV9AdaLCNuRJz5efbbB4rvjHaLIZbkTJexSCnbiYsA&oe=638EAD69&_nc_sid=282b66,false
56300663128,__abhishek3297,Abhishek R Prasad,https://instagram.fblr2-2.fna.fbcdn.net/v/t51.2885-19/314153848_818885222693009_4215453160893678249_n.jpg?stp=dst-jpg_s150x150&_nc_ht=instagram.fblr2-2.fna.fbcdn.net&_nc_cat=105&_nc_ohc=5-66nEjfEE4AX9FG53I&edm=AOG-cTkBAAAA&ccb=7-5&oh=00_AfAYllO_UznrXUL-59KKrhTFcN6HJhdDeaaAOLEHFWExmg&oe=638DE2F1&_nc_sid=282b66,false
7317395164,therealhetjoshi,Het Joshi,https://instagram.fblr2-2.fna.fbcdn.net/v/t51.2885-19/312130553_185411614058585_7041171994166456465_n.jpg?stp=dst-jpg_s150x150&_nc_ht=instagram.fblr2-2.fna.fbcdn.net&_nc_cat=105&_nc_ohc=oRfGfdDEZ90AX_dSgT8&tn=DBNlXcUCKOf1RGaQ&edm=AOG-cTkBAAAA&ccb=7-5&oh=00_AfDSbuyHCvCfw1Des-U76QynckqB_tUxeKdBraeBdPgxlw&oe=638E7935&_nc_sid=282b66,false
48325744018,nut_1190,Natasha<3,https://instagram.fblr2-1.fna.fbcdn.net/v/t51.2885-19/316898426_931232294525382_8786221973753875964_n.jpg?stp=dst-jpg_s150x150&_nc_ht=instagram.fblr2-1.fna.fbcdn.net&_nc_cat=106&_nc_ohc=8dsoM7wGzO4AX_ohdqV&edm=AOG-cTkBAAAA&ccb=7-5&oh=00_AfAobWGaKFouP8MLhix6Txg23uU2N9wKVevu8Sa7zv7PMw&oe=638DF294&_nc_sid=282b66,false
56321180767,picture_gravity,🍀,https://instagram.fblr2-2.fna.fbcdn.net/v/t51.2885-19/315143524_1132639140750293_5312577165495483502_n.jpg?stp=dst-jpg_s150x150&_nc_ht=instagram.fblr2-2.fna.fbcdn.net&_nc_cat=105&_nc_ohc=ThCXfo5_jVEAX9NM97Z&edm=AOG-cTkBAAAA&ccb=7-5&oh=00_AfA6_0ssxaE9z9mem6wbWbKDOV6gSA99Znkzy6OUVnp-CQ&oe=638F7EAD&_nc_sid=282b66,false
51801917930,nikith_ganga,Nikith Ganga,https://instagram.fblr2-2.fna.fbcdn.net/v/t51.2885-19/315233206_1136555227234150_5409561259606690338_n.jpg?stp=dst-jpg_s150x150&_nc_ht=instagram.fblr2-2.fna.fbcdn.net&_nc_cat=110&_nc_ohc=ktHo_5fhCe0AX9zSNNy&edm=AOG-cTkBAAAA&ccb=7-5&oh=00_AfBnZYzTeI4SuTrT0mWRPrjRWTghWNPhftKsbuGmgrKLdw&oe=638F6830&_nc_sid=282b66,false
52090436739,krishna_pranay18,Krishna Pranay,https://instagram.fblr2-2.fna.fbcdn.net/v/t51.2885-19/314597045_1230719497506528_362032292412759792_n.jpg?stp=dst-jpg_s150x150&_nc_ht=instagram.fblr2-2.fna.fbcdn.net&_nc_cat=100&_nc_ohc=cZiIEF1HLSEAX_oJ9v0&edm=AOG-cTkBAAAA&ccb=7-5&oh=00_AfAeZDWW1i01QYO_T_L-Y-hgpilPeYmK75GrhyREM0HiUQ&oe=638EBB34&_nc_sid=282b66,false
52525998013,udaykiranrkarturi,uday kiran R K,https://instagram.fblr2-1.fna.fbcdn.net/v/t51.2885-19/278569813_138058832105104_3191185226813410180_n.jpg?stp=dst-jpg_s150x150&_nc_ht=instagram.fblr2-1.fna.fbcdn.net&_nc_cat=104&_nc_ohc=kYba4FaWBywAX-S6qBU&edm=AOG-cTkBAAAA&ccb=7-5&oh=00_AfB6fg3V9hnTqyrthEtEiQoqyZIBo0Y2R4e21icUBXeZKQ&oe=638E28C9&_nc_sid=282b66,false
7858146736,sai_kalyan_sarma,Sai Kalyan Sarma,https://instagram.fblr2-2.fna.fbcdn.net/v/t51.2885-19/299796859_1201416347318777_404583636811899272_n.jpg?stp=dst-jpg_s150x150&_nc_ht=instagram.fblr2-2.fna.fbcdn.net&_nc_cat=105&_nc_ohc=yr-D5OnCersAX88P0KH&edm=AOG-cTkBAAAA&ccb=7-5&oh=00_AfBDsbgCNQrmbIfB5qZm9O7dunVWEUzrmWppmEb8ljLW6Q&oe=638E83D8&_nc_sid=282b66,false
30073372539,aaditya._22,,https://instagram.fblr2-1.fna.fbcdn.net/v/t51.2885-19/297492221_814993726347126_8426733044191570757_n.jpg?stp=dst-jpg_s150x150&_nc_ht=instagram.fblr2-1.fna.fbcdn.net&_nc_cat=106&_nc_ohc=0I1LiSDcAqgAX_b1ugn&edm=AOG-cTkBAAAA&ccb=7-5&oh=00_AfDNCRMJ4VxbBZ0u0jZpYaDCDRHLOu1Kqn8ezJEj-nCL9A&oe=638E85B8&_nc_sid=282b66,false
8466103559,rohanhraj,Rohan H Raj,https://instagram.fblr2-2.fna.fbcdn.net/v/t51.2885-19/138804590_806444930086428_866399860970286218_n.jpg?stp=dst-jpg_s150x150&_nc_ht=instagram.fblr2-2.fna.fbcdn.net&_nc_cat=100&_nc_ohc=kYrBEnpj4HIAX-Ztf_i&tn=DBNlXcUCKOf1RGaQ&edm=AOG-cTkBAAAA&ccb=7-5&oh=00_AfCendtTkThdG8W9PH2KL7UQ9GcOrJBiq8KcXtBUCIJmow&oe=638E9068&_nc_sid=282b66,false
55603617873,nithin18.10,Nithin,https://instagram.flko1-2.fna.fbcdn.net/v/t51.2885-19/44884218_345707102882519_2446069589734326272_n.jpg?_nc_ht=instagram.flko1-2.fna.fbcdn.net&_nc_cat=1&_nc_ohc=v6hG0j-H7LQAX8yJGCo&edm=ALlQn9MBAAAA&ccb=7-5&ig_cache_key=YW5vbnltb3VzX3Byb2ZpbGVfcGlj.2-ccb7-5&oh=00_AfDcrg_4zqOpMUqIaqvjnj6KiKVp2NGRE4mEMLf_8erGYQ&oe=638EA58F&_nc_sid=48a2a6,false
56023062641,_.pranav._83,P.N.PRANAV YADAV,https://instagram.flko1-2.fna.fbcdn.net/v/t51.2885-19/44884218_345707102882519_2446069589734326272_n.jpg?_nc_ht=instagram.flko1-2.fna.fbcdn.net&_nc_cat=1&_nc_ohc=v6hG0j-H7LQAX8yJGCo&edm=ALlQn9MBAAAA&ccb=7-5&ig_cache_key=YW5vbnltb3VzX3Byb2ZpbGVfcGlj.2-ccb7-5&oh=00_AfDcrg_4zqOpMUqIaqvjnj6KiKVp2NGRE4mEMLf_8erGYQ&oe=638EA58F&_nc_sid=48a2a6,false
55865300275,chethana_1003,Chethana Peramana,https://instagram.fblr2-1.fna.fbcdn.net/v/t51.2885-19/314408494_181606954418718_4269179154927579039_n.jpg?stp=dst-jpg_s150x150&_nc_ht=instagram.fblr2-1.fna.fbcdn.net&_nc_cat=106&_nc_ohc=YahG0-UI6B4AX_EpOyB&edm=AOG-cTkBAAAA&ccb=7-5&oh=00_AfAHHpuhnwos1v7jj1_Qhpbql9euSXRiFf-AQPNFbURvPQ&oe=638ED5D7&_nc_sid=282b66,false
54203403468,vamsikrishna3354,Vamsi Krishna,https://instagram.fblr2-2.fna.fbcdn.net/v/t51.2885-19/313908307_197588659317475_4781509941064243685_n.jpg?stp=dst-jpg_s150x150&_nc_ht=instagram.fblr2-2.fna.fbcdn.net&_nc_cat=107&_nc_ohc=CopeZpXUt0EAX9NCurI&tn=DBNlXcUCKOf1RGaQ&edm=AOG-cTkBAAAA&ccb=7-5&oh=00_AfBLsqrAKr5NgIaijBlZirjxFAcPCn1nhMYc05m02o3uwA&oe=638E9ADC&_nc_sid=282b66,false
48052936234,yjjoojfthvvfg,,https://instagram.flko1-2.fna.fbcdn.net/v/t51.2885-19/44884218_345707102882519_2446069589734326272_n.jpg?_nc_ht=instagram.flko1-2.fna.fbcdn.net&_nc_cat=1&_nc_ohc=v6hG0j-H7LQAX8yJGCo&edm=ALlQn9MBAAAA&ccb=7-5&ig_cache_key=YW5vbnltb3VzX3Byb2ZpbGVfcGlj.2-ccb7-5&oh=00_AfDcrg_4zqOpMUqIaqvjnj6KiKVp2NGRE4mEMLf_8erGYQ&oe=638EA58F&_nc_sid=48a2a6,false
53103494960,phoenix_cat_723,Nikhilesh,https://instagram.fblr2-1.fna.fbcdn.net/v/t51.2885-19/279796830_1133033080607845_5884138781946027096_n.jpg?stp=dst-jpg_s150x150&_nc_ht=instagram.fblr2-1.fna.fbcdn.net&_nc_cat=101&_nc_ohc=TTsgl6m41vMAX9Yy1e5&edm=AOG-cTkBAAAA&ccb=7-5&oh=00_AfARqqMq8UwLX57fJbFdgW7d7j-7Qa-lQ5tGXnSGen3bfg&oe=638F0C50&_nc_sid=282b66,false
55963085259,curiousfeline,Mohaka,https://instagram.fblr2-1.fna.fbcdn.net/v/t51.2885-19/312563795_847844356373306_4265605255063793766_n.jpg?stp=dst-jpg_s150x150&_nc_ht=instagram.fblr2-1.fna.fbcdn.net&_nc_cat=102&_nc_ohc=aU1R85t7CxUAX8Ke4wH&edm=AOG-cTkBAAAA&ccb=7-5&oh=00_AfDFKK6q9BBfV62bCdNkQ9qbH9k44v8vpXHdH6Rp01R03Q&oe=638E503B&_nc_sid=282b66,false
55791091897,nair.saan04,Saanvi Nair,https://instagram.fblr2-1.fna.fbcdn.net/v/t51.2885-19/311075458_3250393865175097_3533004622038991565_n.jpg?stp=dst-jpg_s150x150&_nc_ht=instagram.fblr2-1.fna.fbcdn.net&_nc_cat=101&_nc_ohc=EUTpuBsPqEEAX_ZSL9w&edm=AOG-cTkBAAAA&ccb=7-5&oh=00_AfDnKqT3nd8b5pPzUWArF97CoNbduk-cjH14pg_Hpm3qrQ&oe=638E8D9C&_nc_sid=282b66,false
49415844166,prajwaln68,Prajwal N,https://instagram.fblr2-2.fna.fbcdn.net/v/t51.2885-19/308529428_502389734626295_3660878677637562569_n.jpg?stp=dst-jpg_s150x150&_nc_ht=instagram.fblr2-2.fna.fbcdn.net&_nc_cat=111&_nc_ohc=B6WA-ACTFagAX-GfQOb&edm=AOG-cTkBAAAA&ccb=7-5&oh=00_AfAzmgjJr13SlLGxeXrmzf-N9X4K2Tkybr7RygD2Of9KxQ&oe=638E4E88&_nc_sid=282b66,false
54048911080,r_m_2_22,Rashmi R,https://instagram.fblr2-1.fna.fbcdn.net/v/t51.2885-19/310752919_1030586274289551_2811170488506386600_n.jpg?stp=dst-jpg_s150x150&_nc_ht=instagram.fblr2-1.fna.fbcdn.net&_nc_cat=103&_nc_ohc=0IzQeogSziAAX_oV1cH&tn=DBNlXcUCKOf1RGaQ&edm=AOG-cTkBAAAA&ccb=7-5&oh=00_AfADZPGnk3rv29a6eDEUR09IrGmfpDx1HiuE59ED4lyqIw&oe=638E38A1&_nc_sid=282b66,false
33173372232,chandru_1_8,Chandrashekar S,https://instagram.fblr2-1.fna.fbcdn.net/v/t51.2885-19/316300058_675949884147410_9080089621089613193_n.jpg?stp=dst-jpg_s150x150&_nc_ht=instagram.fblr2-1.fna.fbcdn.net&_nc_cat=102&_nc_ohc=hbXQ0KdjqI0AX9h18b5&edm=AOG-cTkBAAAA&ccb=7-5&oh=00_AfC_n50af3uKOkXe6UIWYZEI4xw8v3pVCuutk2gA0Bd-qQ&oe=638F203A&_nc_sid=282b66,false
8046108121,raachhnaa,Rachna Ramesh,https://instagram.fblr2-1.fna.fbcdn.net/v/t51.2885-19/309083088_1629808697434204_1488904271295462027_n.jpg?stp=dst-jpg_s150x150&_nc_ht=instagram.fblr2-1.fna.fbcdn.net&_nc_cat=104&_nc_ohc=RN1uyCGyjf8AX-R5yY2&edm=AOG-cTkBAAAA&ccb=7-5&oh=00_AfDRbrlYu64kWjSGS0vVEUfU2W0MBOy0QWAS81KmQ4ut3g&oe=638EC535&_nc_sid=282b66,false
8913695997,_kaushik.c_,Kaushik C,https://instagram.fblr2-2.fna.fbcdn.net/v/t51.2885-19/74599500_267493094601107_4926134795281791422_n.jpg?stp=dst-jpg_s150x150&_nc_ht=instagram.fblr2-2.fna.fbcdn.net&_nc_cat=111&_nc_ohc=wnZ-vnRZilMAX8VClJc&edm=AOG-cTkBAAAA&ccb=7-5&oh=00_AfDXvulwsGDpBDw12655K2TGWqSzcmeYiHipVzWU2AaxcQ&oe=638E6A29&_nc_sid=282b66,false
3986128008,vennela_10,Vennela,https://instagram.fblr2-2.fna.fbcdn.net/v/t51.2885-19/301258536_1024865314864796_4953638821486049034_n.jpg?stp=dst-jpg_s150x150&_nc_ht=instagram.fblr2-2.fna.fbcdn.net&_nc_cat=108&_nc_ohc=4P99NHtdTRYAX-pjD7K&edm=AOG-cTkBAAAA&ccb=7-5&oh=00_AfAyLSX-de4-2MsDaH3k3z6J55V6Sb50ukByfmh3kBXqoA&oe=638E4380&_nc_sid=282b66,false
29816389862,rosa_nahor,Rohan Santhosh,https://instagram.fblr2-2.fna.fbcdn.net/v/t51.2885-19/316280115_1173270159952496_6009722617637125141_n.jpg?stp=dst-jpg_s150x150&_nc_ht=instagram.fblr2-2.fna.fbcdn.net&_nc_cat=108&_nc_ohc=-rxvJewCUe8AX-RsGQZ&edm=AOG-cTkBAAAA&ccb=7-5&oh=00_AfDiCf5AHvVwEK06ldzl7RreFoM7_w-jEKvKHWhGWMWW0w&oe=638EACD0&_nc_sid=282b66,false
1988089313,tarun_.gs,Tarun GS,https://instagram.fblr2-2.fna.fbcdn.net/v/t51.2885-19/312359379_1255945281643593_5863753133062257676_n.jpg?stp=dst-jpg_s150x150&_nc_ht=instagram.fblr2-2.fna.fbcdn.net&_nc_cat=109&_nc_ohc=TUyfPjQlopoAX8_33lf&edm=AOG-cTkBAAAA&ccb=7-5&oh=00_AfCncOmj3T48VYWnQdHUgNPud6q0RtTfTVWeS3ArCydCvQ&oe=638F117D&_nc_sid=282b66,false
52949483849,shashank.dk.56,Shashank Dk,https://instagram.fblr2-2.fna.fbcdn.net/v/t51.2885-19/311111435_433083372280799_199901880335237045_n.jpg?stp=dst-jpg_s150x150&_nc_ht=instagram.fblr2-2.fna.fbcdn.net&_nc_cat=111&_nc_ohc=J-HQCojgeQUAX_tbNFN&tn=DBNlXcUCKOf1RGaQ&edm=AOG-cTkBAAAA&ccb=7-5&oh=00_AfBi38u1oU1rtWFF7PdJ3JsEN-4NJomRST8hzV6HPDHdBQ&oe=638DE256&_nc_sid=282b66,false
7407391153,nitishrishi1609,Nitish Rishi,https://instagram.flko1-2.fna.fbcdn.net/v/t51.2885-19/44884218_345707102882519_2446069589734326272_n.jpg?_nc_ht=instagram.flko1-2.fna.fbcdn.net&_nc_cat=1&_nc_ohc=v6hG0j-H7LQAX8yJGCo&edm=ALlQn9MBAAAA&ccb=7-5&ig_cache_key=YW5vbnltb3VzX3Byb2ZpbGVfcGlj.2-ccb7-5&oh=00_AfDcrg_4zqOpMUqIaqvjnj6KiKVp2NGRE4mEMLf_8erGYQ&oe=638EA58F&_nc_sid=48a2a6,false
12121907504,_leo_.11._,Tilak._.7,https://instagram.fblr2-2.fna.fbcdn.net/v/t51.2885-19/95850268_236312750770404_8053627484651913216_n.jpg?stp=dst-jpg_s150x150&_nc_ht=instagram.fblr2-2.fna.fbcdn.net&_nc_cat=100&_nc_ohc=04lGeqYrblYAX-74eG6&edm=AOG-cTkBAAAA&ccb=7-5&oh=00_AfBLlAULndQguMF5DS3exyHAH50uI6xE-osoByuBv40Lhg&oe=638DA449&_nc_sid=282b66,false
34471936319,otaku1088,Otaku1434,https://instagram.fblr2-2.fna.fbcdn.net/v/t51.2885-19/120908808_1319574055077658_7563464384430961645_n.jpg?stp=dst-jpg_s150x150&_nc_ht=instagram.fblr2-2.fna.fbcdn.net&_nc_cat=110&_nc_ohc=wj-F6tc-8HMAX8MPTid&edm=AOG-cTkBAAAA&ccb=7-5&oh=00_AfBSDApYwsXOAxJjpSI0VZRpUVWJEmYikx3wza80fQWhCg&oe=638F2FA4&_nc_sid=282b66,false
10002450884,thanugna.i,T̴h̴a̴n̴u̴ ♕ ✿,https://instagram.fblr2-2.fna.fbcdn.net/v/t51.2885-19/314505484_1134959623799580_3135339387063849127_n.jpg?stp=dst-jpg_s150x150&_nc_ht=instagram.fblr2-2.fna.fbcdn.net&_nc_cat=100&_nc_ohc=ygl28iJecTcAX_yPRCF&tn=DBNlXcUCKOf1RGaQ&edm=AOG-cTkBAAAA&ccb=7-5&oh=00_AfD5dlSdZwKfGVW7leGWInZynq3njlg9EjWhQnL1TQacRg&oe=638DEC90&_nc_sid=282b66,false
18750520831,bunny_z06,GP 🖤,https://instagram.fblr2-1.fna.fbcdn.net/v/t51.2885-19/312497889_150822144324450_3053377394505463230_n.jpg?stp=dst-jpg_s150x150&_nc_ht=instagram.fblr2-1.fna.fbcdn.net&_nc_cat=106&_nc_ohc=1WvStpMlb0oAX-R7V_y&edm=AOG-cTkBAAAA&ccb=7-5&oh=00_AfC3FH9QkVIjb09GTi3vLHu41iOxrfM9tAeWjBDKA4UvGw&oe=638F2423&_nc_sid=282b66,false
55136377865,p_v_t_ltd,S.SANJITH,https://instagram.fblr2-1.fna.fbcdn.net/v/t51.2885-19/305521477_769982117563765_6111152668627812745_n.jpg?stp=dst-jpg_s150x150&_nc_ht=instagram.fblr2-1.fna.fbcdn.net&_nc_cat=101&_nc_ohc=U28F9PkrPCIAX8cNtME&edm=AOG-cTkBAAAA&ccb=7-5&oh=00_AfBC-zK5VZZDjmARLjhSrOEpJGjZk-Ms_dHwtBUt-zx5YQ&oe=638E61E9&_nc_sid=282b66,false
51062109497,ar.thi943,Arthi,https://instagram.fblr2-1.fna.fbcdn.net/v/t51.2885-19/301574510_1091312115091250_1812728911215835325_n.jpg?stp=dst-jpg_s150x150&_nc_ht=instagram.fblr2-1.fna.fbcdn.net&_nc_cat=102&_nc_ohc=nCUYIQbMmnIAX8wzMiz&edm=AOG-cTkBAAAA&ccb=7-5&oh=00_AfAe0ZiSJnSwacDn818fJVFbm_TglCAhgC2brS4lqfDdIg&oe=638E9B3A&_nc_sid=282b66,false
53638973427,_.bhavya_reddy._,Bhavya reddy,https://instagram.flko1-2.fna.fbcdn.net/v/t51.2885-19/44884218_345707102882519_2446069589734326272_n.jpg?_nc_ht=instagram.flko1-2.fna.fbcdn.net&_nc_cat=1&_nc_ohc=v6hG0j-H7LQAX8yJGCo&edm=ALlQn9MBAAAA&ccb=7-5&ig_cache_key=YW5vbnltb3VzX3Byb2ZpbGVfcGlj.2-ccb7-5&oh=00_AfDcrg_4zqOpMUqIaqvjnj6KiKVp2NGRE4mEMLf_8erGYQ&oe=638EA58F&_nc_sid=48a2a6,false
54982115699,leks__1808,Leks,https://instagram.fblr2-1.fna.fbcdn.net/v/t51.2885-19/316368881_698648541688602_7097809000932438273_n.jpg?stp=dst-jpg_s150x150&_nc_ht=instagram.fblr2-1.fna.fbcdn.net&_nc_cat=106&_nc_ohc=bNsIgxNxtqEAX_5Jfl7&edm=AOG-cTkBAAAA&ccb=7-5&oh=00_AfCCisN2OlyLFHDlCh-3vAsA9_tMZ7HOQoZV-5S4mOkNOQ&oe=638DF165&_nc_sid=282b66,false
40493127074,digo1894,M Dinesh Gokul Das,https://instagram.fblr2-1.fna.fbcdn.net/v/t51.2885-19/248030440_1061822437692784_2467492807952017296_n.jpg?stp=dst-jpg_s150x150&_nc_ht=instagram.fblr2-1.fna.fbcdn.net&_nc_cat=104&_nc_ohc=kWeRdkGtFR8AX8L3Tye&tn=DBNlXcUCKOf1RGaQ&edm=AOG-cTkBAAAA&ccb=7-5&oh=00_AfBUXbiK9NmHWhbEINoPkcL1sybNNgemLsUeQJjlakRYfQ&oe=638F1E9E&_nc_sid=282b66,false
54992115790,_itsmeanushetty_,Anu,https://instagram.fblr2-2.fna.fbcdn.net/v/t51.2885-19/299874328_433978288672387_5744975835351944277_n.jpg?stp=dst-jpg_s150x150&_nc_ht=instagram.fblr2-2.fna.fbcdn.net&_nc_cat=107&_nc_ohc=zbNNjH1fGfMAX_uBkfN&edm=AOG-cTkBAAAA&ccb=7-5&oh=00_AfCZb7EtjJmQdD-d6erL3Z3AmvY5qRQbN8kPpb0nWh5XgQ&oe=638F245C&_nc_sid=282b66,false
50072414749,jedi_samy,Jedi Samy,https://instagram.fblr2-1.fna.fbcdn.net/v/t51.2885-19/302239428_1225151635006658_7554351992021255026_n.jpg?stp=dst-jpg_s150x150&_nc_ht=instagram.fblr2-1.fna.fbcdn.net&_nc_cat=102&_nc_ohc=Fbl-jAxIXA8AX9fw7AE&edm=AOG-cTkBAAAA&ccb=7-5&oh=00_AfArz-om_P8C995HIgPkQBAcYZ926DHiesR8nK8aqzb44Q&oe=638EE4DA&_nc_sid=282b66,false
39058095271,siddharth_rao_k,Siddharth Rao,https://instagram.fblr2-2.fna.fbcdn.net/v/t51.2885-19/274239683_1049665355893268_5556094092236677612_n.jpg?stp=dst-jpg_s150x150&_nc_ht=instagram.fblr2-2.fna.fbcdn.net&_nc_cat=108&_nc_ohc=CgN7aKOsa_sAX9V-lYG&tn=DBNlXcUCKOf1RGaQ&edm=AOG-cTkBAAAA&ccb=7-5&oh=00_AfBaxXF3vzWXuXGeA9anxiegWUu8RhkuwRIgJpN5A308Wg&oe=638F3ACB&_nc_sid=282b66,false
8941605736,dj__roxx,SHREYAS JADHAV,https://instagram.fblr2-2.fna.fbcdn.net/v/t51.2885-19/294609724_1887216124817147_2188885019358161482_n.jpg?stp=dst-jpg_s150x150&_nc_ht=instagram.fblr2-2.fna.fbcdn.net&_nc_cat=111&_nc_ohc=Ob5b0IGZLccAX_sbVOB&edm=AOG-cTkBAAAA&ccb=7-5&oh=00_AfAMyJ9rRLYPz3KffYFRoLjgPdeXZ3xeCkhC4qaaIKf3Aw&oe=638E9469&_nc_sid=282b66,false
43023792494,ddhanush_018,Dhanush,https://instagram.fixc4-1.fna.fbcdn.net/v/t51.2885-19/44884218_345707102882519_2446069589734326272_n.jpg?efg=eyJybWQiOiJpZ19hbmRyb2lkX21vYmlsZV9uZXR3b3JrX3N0YWNrX3RpZ29uX21uc18yNTlfcmJzX3Y0OnRpZ29uX2xpZ2VyIn0&_nc_ht=instagram.fixc4-1.fna.fbcdn.net&_nc_cat=1&_nc_ohc=v6hG0j-H7LQAX8eFb0A&edm=AKr9bWQBAAAA&ccb=7-5&ig_cache_key=YW5vbnltb3VzX3Byb2ZpbGVfcGlj.2-ccb7-5&oh=00_AfD2uCwqRsOA0Njf0Co-N0SgEUfnR6ApXFICfPuFRIS-hA&oe=638EA58F&_nc_sid=1094b9,false
54628729465,pretham_naik,Pretham_naik,https://instagram.fblr2-2.fna.fbcdn.net/v/t51.2885-19/314910780_2333945276761896_2067568829436733565_n.jpg?stp=dst-jpg_s150x150&_nc_ht=instagram.fblr2-2.fna.fbcdn.net&_nc_cat=100&_nc_ohc=QiLygH0j0B8AX8z8Hfw&edm=AOG-cTkBAAAA&ccb=7-5&oh=00_AfC0HF32YxDGmUKGBokI5O0oZZHsWs2cSp09ZpnsMxSVCw&oe=638ED94E&_nc_sid=282b66,false
9222023941,__banu_prasad_,× Banu prasad ×,https://instagram.fblr2-2.fna.fbcdn.net/v/t51.2885-19/299691913_756810558918407_7169001476391641197_n.jpg?stp=dst-jpg_s150x150&_nc_ht=instagram.fblr2-2.fna.fbcdn.net&_nc_cat=111&_nc_ohc=QYB47VBbk_gAX-jCHMY&edm=AOG-cTkBAAAA&ccb=7-5&oh=00_AfBugGKVpEo0ggh-AkfEWdopVPlu9oEh539kwciQfpS9kw&oe=638F2C88&_nc_sid=282b66,false
50823649363,vinylazalea,anusri,https://instagram.fblr2-2.fna.fbcdn.net/v/t51.2885-19/269756623_3121466221458192_308854927868250439_n.jpg?stp=dst-jpg_s150x150&_nc_ht=instagram.fblr2-2.fna.fbcdn.net&_nc_cat=100&_nc_ohc=Hx95TKWIRW4AX9DS1_7&edm=AOG-cTkBAAAA&ccb=7-5&oh=00_AfBWBQb5bwSzD_N5-F8Oa2NfFvJnFE6GJoHmc6pNJHnCiw&oe=638ED006&_nc_sid=282b66,false
21286882559,im_revanth474,Revanth Kundurthi,https://instagram.fblr2-2.fna.fbcdn.net/v/t51.2885-19/168349392_1373042423076658_6190782321574952607_n.jpg?stp=dst-jpg_s150x150&_nc_ht=instagram.fblr2-2.fna.fbcdn.net&_nc_cat=110&_nc_ohc=Cl53XXv2NB8AX_TrFpe&edm=AOG-cTkBAAAA&ccb=7-5&oh=00_AfBIubalRr3sYpNt6BnBwucXnmrhzRy50Dh5jqEH15M1og&oe=638DAB56&_nc_sid=282b66,false
54400306850,gurupreethkn,GURUPREETH K N,https://instagram.fblr2-2.fna.fbcdn.net/v/t51.2885-19/296291954_465993898314239_7092444888475165179_n.jpg?stp=dst-jpg_s150x150&_nc_ht=instagram.fblr2-2.fna.fbcdn.net&_nc_cat=111&_nc_ohc=M7unaUROUGoAX-D7qa0&tn=DBNlXcUCKOf1RGaQ&edm=AOG-cTkBAAAA&ccb=7-5&oh=00_AfDm5EHY3VWT4k_Y6trXfkRJf00o1aZuA_nkFSKZAcwj_w&oe=638DE6C9&_nc_sid=282b66,false
41146696205,naruto_uzumaki000000000000,Darshan Nirag,https://instagram.fblr2-2.fna.fbcdn.net/v/t51.2885-19/287240101_1077963432801980_7720543887533337574_n.jpg?stp=dst-jpg_s150x150&_nc_ht=instagram.fblr2-2.fna.fbcdn.net&_nc_cat=108&_nc_ohc=rkYeetbZyHoAX-AjSM2&edm=AOG-cTkBAAAA&ccb=7-5&oh=00_AfCEfvsrmRH9-A6GFR9_L4IMJ6rPBGtjel4zTnHQDi6o2A&oe=638EDB76&_nc_sid=282b66,false
53317818250,rahul_71_killer,Ŕāhůľàņţøňý🖤,https://instagram.fblr2-2.fna.fbcdn.net/v/t51.2885-19/298567629_373454181628160_9162362512649285403_n.jpg?stp=dst-jpg_s150x150&_nc_ht=instagram.fblr2-2.fna.fbcdn.net&_nc_cat=108&_nc_ohc=1FRzGKBT7CMAX8Eck4d&edm=AOG-cTkBAAAA&ccb=7-5&oh=00_AfCd2i7zobw9XTobjslvFtTYD2ngwQtgfBV3XRQU24anHQ&oe=638F5DC2&_nc_sid=282b66,false
5748539547,the_sahil_khirwal,Sahil Khirwal,https://instagram.fblr2-2.fna.fbcdn.net/v/t51.2885-19/294275923_620451609203975_6999026866454686701_n.jpg?stp=dst-jpg_s150x150&_nc_ht=instagram.fblr2-2.fna.fbcdn.net&_nc_cat=111&_nc_ohc=I8gafs5q600AX_Xjvc0&edm=AOG-cTkBAAAA&ccb=7-5&oh=00_AfB4V54b-WqdFmHQYTrRc3xsUhxEAXNvIu5KJARAdhSK_Q&oe=638E2DCC&_nc_sid=282b66,false
54141955775,fashionhubmsrit,Fashion Hub MSRIT,https://instagram.fblr2-1.fna.fbcdn.net/v/t51.2885-19/294374393_1376557296185929_519584702463199638_n.jpg?stp=dst-jpg_s150x150&_nc_ht=instagram.fblr2-1.fna.fbcdn.net&_nc_cat=101&_nc_ohc=JzQhzmStonUAX908eZX&tn=DBNlXcUCKOf1RGaQ&edm=AOG-cTkBAAAA&ccb=7-5&oh=00_AfCMUIphF26i7FJD3etg15lkBAqt7s8N7yi0oadfCa1_Qg&oe=638E7A31&_nc_sid=282b66,false
53693652507,msrit_confessions,MSRIT CONFESSIONS,https://instagram.fblr2-2.fna.fbcdn.net/v/t51.2885-19/290776495_751079299571914_5693395498576769283_n.jpg?stp=dst-jpg_s150x150&_nc_ht=instagram.fblr2-2.fna.fbcdn.net&_nc_cat=110&_nc_ohc=JLHiJXEM7SgAX9Ha0eT&edm=AOG-cTkBAAAA&ccb=7-5&oh=00_AfBMbddD4jr61BJbcotbll4V_Hz5zlK6mX-mzdCL4_hlwg&oe=638DDC52&_nc_sid=282b66,false
52581262347,gurupreeth18,ցմɾմրɾεεէհ ƙ.ղ,https://instagram.fblr2-1.fna.fbcdn.net/v/t51.2885-19/290748305_514442923767880_4291950148154024006_n.jpg?stp=dst-jpg_s150x150&_nc_ht=instagram.fblr2-1.fna.fbcdn.net&_nc_cat=104&_nc_ohc=lkMx3G-8Az0AX9N8zcR&edm=AOG-cTkBAAAA&ccb=7-5&oh=00_AfDAVmXqBoK68dmiE35mOapCnkkN7EHY43IFppoctBGBOg&oe=638F3A8C&_nc_sid=282b66,false
8512997531,manjula_reena,Manjula Reena,https://instagram.fblr2-1.fna.fbcdn.net/v/t51.2885-19/309932860_586737083193337_7043680545489493046_n.jpg?stp=dst-jpg_s150x150&_nc_ht=instagram.fblr2-1.fna.fbcdn.net&_nc_cat=101&_nc_ohc=Naaako2diT0AX_TEcl2&edm=AOG-cTkBAAAA&ccb=7-5&oh=00_AfC1pHH17omX5pT_lZS_1X1LWiJunQhtAwjUSbuZvVpyzg&oe=638DE03E&_nc_sid=282b66,false
45983837981,pruthvirajmsavanur,Pruthviraj,https://instagram.fixc4-1.fna.fbcdn.net/v/t51.2885-19/44884218_345707102882519_2446069589734326272_n.jpg?efg=eyJybWQiOiJpZ19hbmRyb2lkX21vYmlsZV9uZXR3b3JrX3N0YWNrX3RpZ29uX21uc18yNTlfcmJzX3Y0OnRpZ29uX2xpZ2VyIn0&_nc_ht=instagram.fixc4-1.fna.fbcdn.net&_nc_cat=1&_nc_ohc=v6hG0j-H7LQAX8eFb0A&edm=AKr9bWQBAAAA&ccb=7-5&ig_cache_key=YW5vbnltb3VzX3Byb2ZpbGVfcGlj.2-ccb7-5&oh=00_AfD2uCwqRsOA0Njf0Co-N0SgEUfnR6ApXFICfPuFRIS-hA&oe=638EA58F&_nc_sid=1094b9,false
1712750095,saipeteti37,Sai Krishna Peteti,https://instagram.fblr2-2.fna.fbcdn.net/v/t51.2885-19/295770126_435162561853956_328340955715815061_n.jpg?stp=dst-jpg_s150x150&_nc_ht=instagram.fblr2-2.fna.fbcdn.net&_nc_cat=100&_nc_ohc=ADss8Wk7dTcAX_5W2iV&tn=DBNlXcUCKOf1RGaQ&edm=AOG-cTkBAAAA&ccb=7-5&oh=00_AfDJbs0-FD7837___k07CNbkiJLyMLpHs6o3YB4UtWO11Q&oe=638F533A&_nc_sid=282b66,false
51963905869,maxonmkittur,Maxon m kittur,https://instagram.fblr2-2.fna.fbcdn.net/v/t51.2885-19/314606277_131896162770310_7656749361276594327_n.jpg?stp=dst-jpg_s150x150&_nc_ht=instagram.fblr2-2.fna.fbcdn.net&_nc_cat=110&_nc_ohc=x_36v1Z_IWgAX8Bn4Cv&tn=DBNlXcUCKOf1RGaQ&edm=AOG-cTkBAAAA&ccb=7-5&oh=00_AfBrikFjtGBSu5us63NIV4IVVbS643nfTatfSdpTb9eCCw&oe=638F1518&_nc_sid=282b66,false
5920212320,adithya_sankarakrishnan,Adithya Sankara Krishnan,https://instagram.fblr2-2.fna.fbcdn.net/v/t51.2885-19/275515258_174913181536088_8069267878423778621_n.jpg?stp=dst-jpg_s150x150&_nc_ht=instagram.fblr2-2.fna.fbcdn.net&_nc_cat=108&_nc_ohc=4A8VR6b0MSEAX8MjDmR&tn=DBNlXcUCKOf1RGaQ&edm=AOG-cTkBAAAA&ccb=7-5&oh=00_AfBiU-_5eE-ukN8qdIfhXaz6WlTNp7sHuopUcwUCEE7FBw&oe=638EA348&_nc_sid=282b66,false
32066502208,_black_swords_man_,𝕾𝖆𝖘𝖍𝖎 𝖕𝖗𝖎𝖙𝖆𝖒,https://instagram.fblr2-1.fna.fbcdn.net/v/t51.2885-19/312054096_802521114412165_3689349185567259738_n.jpg?stp=dst-jpg_s150x150&_nc_ht=instagram.fblr2-1.fna.fbcdn.net&_nc_cat=101&_nc_ohc=laAaU0fbiEkAX8w48sq&edm=AOG-cTkBAAAA&ccb=7-5&oh=00_AfCUMBYVazokXUZ0Ae07OBB0T-ie_tqtHTTISVfm43JLqA&oe=638DFA70&_nc_sid=282b66,false
12314711574,joshitha0123,joshitha,https://instagram.fixc4-1.fna.fbcdn.net/v/t51.2885-19/44884218_345707102882519_2446069589734326272_n.jpg?efg=eyJybWQiOiJpZ19hbmRyb2lkX21vYmlsZV9uZXR3b3JrX3N0YWNrX3RpZ29uX21uc18yNTlfcmJzX3Y0OnRpZ29uX2xpZ2VyIn0&_nc_ht=instagram.fixc4-1.fna.fbcdn.net&_nc_cat=1&_nc_ohc=v6hG0j-H7LQAX8eFb0A&edm=AKr9bWQBAAAA&ccb=7-5&ig_cache_key=YW5vbnltb3VzX3Byb2ZpbGVfcGlj.2-ccb7-5&oh=00_AfD2uCwqRsOA0Njf0Co-N0SgEUfnR6ApXFICfPuFRIS-hA&oe=638EA58F&_nc_sid=1094b9,false
53631107414,vegapunk776,,https://instagram.fblr2-1.fna.fbcdn.net/v/t51.2885-19/287364580_715516899545498_5235156090054252958_n.jpg?stp=dst-jpg_s150x150&_nc_ht=instagram.fblr2-1.fna.fbcdn.net&_nc_cat=102&_nc_ohc=XyKXgDod8HUAX_t23_b&edm=AOG-cTkBAAAA&ccb=7-5&oh=00_AfBubsQiSEIXe8nrsNCUXRCXJTLdy_M5ICEZG2gXo3jzhA&oe=638ECCE9&_nc_sid=282b66,false
45131949044,vamsi270902,ㅤㅤㅤㅤ,https://instagram.fixc4-1.fna.fbcdn.net/v/t51.2885-19/44884218_345707102882519_2446069589734326272_n.jpg?efg=eyJybWQiOiJpZ19hbmRyb2lkX21vYmlsZV9uZXR3b3JrX3N0YWNrX3RpZ29uX21uc18yNTlfcmJzX3Y0OnRpZ29uX2xpZ2VyIn0&_nc_ht=instagram.fixc4-1.fna.fbcdn.net&_nc_cat=1&_nc_ohc=v6hG0j-H7LQAX8eFb0A&edm=AKr9bWQBAAAA&ccb=7-5&ig_cache_key=YW5vbnltb3VzX3Byb2ZpbGVfcGlj.2-ccb7-5&oh=00_AfD2uCwqRsOA0Njf0Co-N0SgEUfnR6ApXFICfPuFRIS-hA&oe=638EA58F&_nc_sid=1094b9,false
49682551725,neeraj.______,Neeraj,https://instagram.fblr2-2.fna.fbcdn.net/v/t51.2885-19/299402373_130661179466767_7265064402535677180_n.jpg?stp=dst-jpg_s150x150&_nc_ht=instagram.fblr2-2.fna.fbcdn.net&_nc_cat=107&_nc_ohc=Id_Oj1wwihYAX_mAfRu&edm=AOG-cTkBAAAA&ccb=7-5&oh=00_AfCYVl_IWp7ZnVZan3TdhnUtBaS-ecHHw1GtIzJvKA0rkQ&oe=638F75E9&_nc_sid=282b66,false
48050511555,ritvik___r.__,ritvik.__.PR,https://instagram.fblr2-2.fna.fbcdn.net/v/t51.2885-19/299880052_638234030991120_6634521081072732567_n.jpg?stp=dst-jpg_s150x150&_nc_ht=instagram.fblr2-2.fna.fbcdn.net&_nc_cat=100&_nc_ohc=DtiehdooL2gAX9EhpH5&edm=AOG-cTkBAAAA&ccb=7-5&oh=00_AfBDnudGSJX3Xei4_73ABhh703zvAT_VJQrLSGi7oQXp5w&oe=638E8CB1&_nc_sid=282b66,false
49802166545,wtframagiri,wtf bro,https://instagram.fblr2-2.fna.fbcdn.net/v/t51.2885-19/313859531_656064882557206_3208599416672146697_n.jpg?stp=dst-jpg_s150x150&_nc_ht=instagram.fblr2-2.fna.fbcdn.net&_nc_cat=110&_nc_ohc=WwAMiqNBIZIAX91hu2Q&edm=AOG-cTkBAAAA&ccb=7-5&oh=00_AfBwj1q_T7Dgxn9iPlLvtqWxLs2Hh4yMJYkkfnUhGgiYOQ&oe=638E832E&_nc_sid=282b66,false
50685001546,dhaneshjaydev,DJ_7,https://instagram.fblr2-2.fna.fbcdn.net/v/t51.2885-19/279519846_365422512205294_4854347458026596143_n.jpg?stp=dst-jpg_s150x150&_nc_ht=instagram.fblr2-2.fna.fbcdn.net&_nc_cat=110&_nc_ohc=i3ndXSD86CYAX9uulbH&edm=AOG-cTkBAAAA&ccb=7-5&oh=00_AfD9VLCHofqwPByizdBwky18AXLQsqgxyL6c3ZI2LPlh4g&oe=638F0904&_nc_sid=282b66,false
44764955317,yashk068,Yash K K,https://instagram.fblr2-2.fna.fbcdn.net/v/t51.2885-19/277241325_134501455783977_4817182564436037087_n.jpg?stp=dst-jpg_s150x150&_nc_ht=instagram.fblr2-2.fna.fbcdn.net&_nc_cat=109&_nc_ohc=8j8Re69NMBIAX9PNFzO&edm=AOG-cTkBAAAA&ccb=7-5&oh=00_AfC6M386EZAsMwzDycguDt4XEsDH3ahyc4Ug7gL5ZYXFDA&oe=638F79C2&_nc_sid=282b66,false
52631410183,anand_bg_railfan,anand_bg_railfan❣️🤌🏻,https://instagram.fblr2-1.fna.fbcdn.net/v/t51.2885-19/312986311_849957029361673_8671836392428839110_n.jpg?stp=dst-jpg_s150x150&_nc_ht=instagram.fblr2-1.fna.fbcdn.net&_nc_cat=101&_nc_ohc=kqiRPlLG1GMAX9iPEfG&edm=AOG-cTkBAAAA&ccb=7-5&oh=00_AfAJSFgK131wzIvxjKHD2SHk-1ZlbbXt7pH0ueqSgAE3bQ&oe=638E8658&_nc_sid=282b66,false
32442643618,mr_cricketer78,Aryan A Kashyap,https://instagram.fblr2-1.fna.fbcdn.net/v/t51.2885-19/314504417_169078232402546_6409724215697931230_n.jpg?stp=dst-jpg_s150x150&_nc_ht=instagram.fblr2-1.fna.fbcdn.net&_nc_cat=102&_nc_ohc=MgRip9RQSdkAX8Y-V9J&edm=AOG-cTkBAAAA&ccb=7-5&oh=00_AfDFy2u5y6ltU3BMayIwza71jF5QZIyEA2xeaumrVtC07g&oe=638DC078&_nc_sid=282b66,false
52761230695,puneeth_raavi,Puneeth Vishisth R,https://instagram.fblr2-2.fna.fbcdn.net/v/t51.2885-19/316872566_1200217887235786_7675004312448131023_n.jpg?stp=dst-jpg_s150x150&_nc_ht=instagram.fblr2-2.fna.fbcdn.net&_nc_cat=110&_nc_ohc=vN81SELhYF4AX_G6dUJ&edm=AOG-cTkBAAAA&ccb=7-5&oh=00_AfBVvn8HZcEufeoaqEZpj4KSLzrrR6JNsCUAFobAGMAYJQ&oe=638E4C34&_nc_sid=282b66,false
49365478443,bh_agath_16,BuNnY,https://instagram.fblr2-1.fna.fbcdn.net/v/t51.2885-19/314665459_5186497291460054_3943627010648681145_n.jpg?stp=dst-jpg_s150x150&_nc_ht=instagram.fblr2-1.fna.fbcdn.net&_nc_cat=102&_nc_ohc=CSzwwJSF6jgAX8oUzfF&edm=AOG-cTkBAAAA&ccb=7-5&oh=00_AfDSiD3JndGIhwIzfB3GDQugXg4-wZ5V-zuDPQ0zqFpoCA&oe=638EDBE6&_nc_sid=282b66,false
47050759781,8872_aryan,aryan,https://instagram.fblr2-2.fna.fbcdn.net/v/t51.2885-19/167145122_172168051393893_1539596803483647287_n.jpg?stp=dst-jpg_s150x150&_nc_ht=instagram.fblr2-2.fna.fbcdn.net&_nc_cat=109&_nc_ohc=-NVIHf6GylQAX-R9qr8&tn=DBNlXcUCKOf1RGaQ&edm=AOG-cTkBAAAA&ccb=7-5&oh=00_AfDumqPDVVCFS_DVaCX7IvgeJtw-ZWaQ_T8R0g40IBrTZw&oe=638F1C97&_nc_sid=282b66,false
1687082202,ahaanhegde,Ahaan,https://instagram.fblr2-2.fna.fbcdn.net/v/t51.2885-19/313442434_843146766708478_6972497091244198867_n.jpg?stp=dst-jpg_s150x150&_nc_ht=instagram.fblr2-2.fna.fbcdn.net&_nc_cat=110&_nc_ohc=9leNIpgFfGQAX8uGmc8&tn=DBNlXcUCKOf1RGaQ&edm=AOG-cTkBAAAA&ccb=7-5&oh=00_AfCkuubIrCrBjurqY0fbZcsGQyIZBiiF7JIeN7B60azZCQ&oe=638DCB17&_nc_sid=282b66,false
46617418430,mandy_0_3,Mandeep,https://instagram.fblr2-2.fna.fbcdn.net/v/t51.2885-19/291179533_753342292783187_680910261704294037_n.jpg?stp=dst-jpg_s150x150&_nc_ht=instagram.fblr2-2.fna.fbcdn.net&_nc_cat=111&_nc_ohc=1tNPAkNfL5cAX9D02f3&edm=AOG-cTkBAAAA&ccb=7-5&oh=00_AfC6e14YUKiCm9RUFQ9BlWeqAKkz-fAsaNyORoma8B8qHw&oe=638F175E&_nc_sid=282b66,false
3736582463,vinayaka._.17,VINAYAKA  HATTARAKIHAL,https://instagram.fblr2-1.fna.fbcdn.net/v/t51.2885-19/312685784_684945873052143_451664657721920420_n.jpg?stp=dst-jpg_s150x150&_nc_ht=instagram.fblr2-1.fna.fbcdn.net&_nc_cat=103&_nc_ohc=T371v1GG5YAAX9pTsws&edm=AOG-cTkBAAAA&ccb=7-5&oh=00_AfA4OD8IFRR8D32_0rTT3GRrZyI9Hcx_g9zOrEoQCxA69w&oe=638EC1FD&_nc_sid=282b66,false
5517966539,shravan_revanna,Shravan Revanna,https://instagram.fblr2-1.fna.fbcdn.net/v/t51.2885-19/313081527_839717277219136_2885117760507268471_n.jpg?stp=dst-jpg_s150x150&_nc_ht=instagram.fblr2-1.fna.fbcdn.net&_nc_cat=104&_nc_ohc=ASsRi2x8du8AX_fSN0E&edm=AOG-cTkBAAAA&ccb=7-5&oh=00_AfARa6wGLb1gwC-T1DEZQt3SzKLQqD4VTWnuDgCYAX0_FA&oe=638E7E6B&_nc_sid=282b66,false
9619143177,chaitanya101003,Chaitanya,https://instagram.fblr2-1.fna.fbcdn.net/v/t51.2885-19/49660311_227386944815834_3185166855023099904_n.jpg?stp=dst-jpg_s150x150&_nc_ht=instagram.fblr2-1.fna.fbcdn.net&_nc_cat=102&_nc_ohc=UikUYRZysooAX9zm4Y5&edm=AOG-cTkBAAAA&ccb=7-5&oh=00_AfCvCQ13MR5RXWbbqcZhp2L3d09rMDKca_BUGc93G1dfJA&oe=638F4417&_nc_sid=282b66,false
53050462828,ssagars816,sagar s,https://instagram.fblr2-1.fna.fbcdn.net/v/t51.2885-19/285348291_1410581626083337_4709955966567701682_n.jpg?stp=dst-jpg_s150x150&_nc_ht=instagram.fblr2-1.fna.fbcdn.net&_nc_cat=101&_nc_ohc=cpFuM56gM5UAX9yQ688&edm=AOG-cTkBAAAA&ccb=7-5&oh=00_AfBrikQN2eFE8mQZTnhlqIJWcDn7FgbR_BWiplJVcmeXow&oe=638DDAA1&_nc_sid=282b66,false
35382137811,shivanshgupta.81,,https://instagram.fblr2-1.fna.fbcdn.net/v/t51.2885-19/98169030_818274555244994_8673096660772978688_n.jpg?stp=dst-jpg_s150x150&_nc_ht=instagram.fblr2-1.fna.fbcdn.net&_nc_cat=102&_nc_ohc=rzJ9QQbETgoAX8pH-wk&tn=DBNlXcUCKOf1RGaQ&edm=AOG-cTkBAAAA&ccb=7-5&oh=00_AfA-VlQDRMB4_ARGhr5t8uYrEb1dKQCggRh0eGHWYcEqqg&oe=638E690D&_nc_sid=282b66,false
51339416324,harihara1204,,https://instagram.fixc4-1.fna.fbcdn.net/v/t51.2885-19/44884218_345707102882519_2446069589734326272_n.jpg?efg=eyJybWQiOiJpZ19hbmRyb2lkX21vYmlsZV9uZXR3b3JrX3N0YWNrX3RpZ29uX21uc18yNTlfcmJzX3Y0OnRpZ29uX2xpZ2VyIn0&_nc_ht=instagram.fixc4-1.fna.fbcdn.net&_nc_cat=1&_nc_ohc=v6hG0j-H7LQAX8eFb0A&edm=AKr9bWQBAAAA&ccb=7-5&ig_cache_key=YW5vbnltb3VzX3Byb2ZpbGVfcGlj.2-ccb7-5&oh=00_AfD2uCwqRsOA0Njf0Co-N0SgEUfnR6ApXFICfPuFRIS-hA&oe=638EA58F&_nc_sid=1094b9,false
1379037890,suchir_otturu,Suchir Otturu,https://instagram.fblr2-1.fna.fbcdn.net/v/t51.2885-19/315437547_888351572527050_11997296229994195_n.jpg?stp=dst-jpg_s150x150&_nc_ht=instagram.fblr2-1.fna.fbcdn.net&_nc_cat=106&_nc_ohc=I5XdyrfsCz4AX9HOXMG&edm=AOG-cTkBAAAA&ccb=7-5&oh=00_AfAQGNDQczKkeIcQVFkq-r_ViS9eZS1nTKvWjOVgkGUO0Q&oe=638E79F3&_nc_sid=282b66,false
3123877798,nishi_k26,nishiii🤍,https://instagram.fblr2-2.fna.fbcdn.net/v/t51.2885-19/308837981_130977766357304_933983550938122413_n.jpg?stp=dst-jpg_s150x150&_nc_ht=instagram.fblr2-2.fna.fbcdn.net&_nc_cat=108&_nc_ohc=IozpEAboFRgAX8DqVde&edm=AOG-cTkBAAAA&ccb=7-5&oh=00_AfBcM5iZQxrIp6x03uAR5xvwTj0FnAHwKf1YrBZD9Fwyeg&oe=638F759F&_nc_sid=282b66,false
52833344697,root88productions,,https://instagram.fixc4-1.fna.fbcdn.net/v/t51.2885-19/44884218_345707102882519_2446069589734326272_n.jpg?efg=eyJybWQiOiJpZ19hbmRyb2lkX21vYmlsZV9uZXR3b3JrX3N0YWNrX3RpZ29uX21uc18yNTlfcmJzX3Y0OnRpZ29uX2xpZ2VyIn0&_nc_ht=instagram.fixc4-1.fna.fbcdn.net&_nc_cat=1&_nc_ohc=v6hG0j-H7LQAX8eFb0A&edm=AKr9bWQBAAAA&ccb=7-5&ig_cache_key=YW5vbnltb3VzX3Byb2ZpbGVfcGlj.2-ccb7-5&oh=00_AfD2uCwqRsOA0Njf0Co-N0SgEUfnR6ApXFICfPuFRIS-hA&oe=638EA58F&_nc_sid=1094b9,false
12853583827,omkarsn16,Omkar S Nagansur,https://instagram.fblr2-2.fna.fbcdn.net/v/t51.2885-19/311302904_2024230787964971_8401642681043500506_n.jpg?stp=dst-jpg_s150x150&_nc_ht=instagram.fblr2-2.fna.fbcdn.net&_nc_cat=111&_nc_ohc=RbKCA61pevgAX96VApo&tn=DBNlXcUCKOf1RGaQ&edm=AOG-cTkBAAAA&ccb=7-5&oh=00_AfD6nxcp0oYirQsg4ph6Cl2NkbAdZgE3cmXZ7ifLBlXJCQ&oe=638F538D&_nc_sid=282b66,false
49803768650,harshavardhan_reddy03,Harshavardhan Reddy,https://instagram.fblr2-1.fna.fbcdn.net/v/t51.2885-19/315354599_127261350162326_1115672278156655202_n.jpg?stp=dst-jpg_s150x150&_nc_ht=instagram.fblr2-1.fna.fbcdn.net&_nc_cat=102&_nc_ohc=9sFnjCNW02oAX9AWhvv&edm=AOG-cTkBAAAA&ccb=7-5&oh=00_AfCWDpO-KcZYmpMorpZJkz7KB56SvjgXTwRTsOeFlrzNow&oe=638F0FA0&_nc_sid=282b66,false
21536864020,yestanishka,tanishka,https://instagram.fblr2-1.fna.fbcdn.net/v/t51.2885-19/309085326_824088802112245_8149929514389519649_n.jpg?stp=dst-jpg_s150x150&_nc_ht=instagram.fblr2-1.fna.fbcdn.net&_nc_cat=101&_nc_ohc=kO4XAqRKIVkAX85ePhv&edm=AOG-cTkBAAAA&ccb=7-5&oh=00_AfBe-IZoAp4jIGkQhtOIoVghTsja96iVauFL1kqLBNsudA&oe=638DD761&_nc_sid=282b66,false
50429226906,pratish_k3,Pratish,https://instagram.fblr2-2.fna.fbcdn.net/v/t51.2885-19/304911773_433149995304684_2712357163988704623_n.jpg?stp=dst-jpg_s150x150&_nc_ht=instagram.fblr2-2.fna.fbcdn.net&_nc_cat=100&_nc_ohc=lUBCR3cmnKYAX8hxjtN&tn=DBNlXcUCKOf1RGaQ&edm=AOG-cTkBAAAA&ccb=7-5&oh=00_AfAz5h0D-TI6ZLgbADE58g19Np8_I9-ozLV2rgw2D-ZAFg&oe=638EC868&_nc_sid=282b66,false
51971694734,dearsoul10,,https://instagram.fixc4-1.fna.fbcdn.net/v/t51.2885-19/44884218_345707102882519_2446069589734326272_n.jpg?efg=eyJybWQiOiJpZ19hbmRyb2lkX21vYmlsZV9uZXR3b3JrX3N0YWNrX3RpZ29uX21uc18yNTlfcmJzX3Y0OnRpZ29uX2xpZ2VyIn0&_nc_ht=instagram.fixc4-1.fna.fbcdn.net&_nc_cat=1&_nc_ohc=v6hG0j-H7LQAX8eFb0A&edm=AKr9bWQBAAAA&ccb=7-5&ig_cache_key=YW5vbnltb3VzX3Byb2ZpbGVfcGlj.2-ccb7-5&oh=00_AfD2uCwqRsOA0Njf0Co-N0SgEUfnR6ApXFICfPuFRIS-hA&oe=638EA58F&_nc_sid=1094b9,false
12245212783,sahil_kulkarni_1010,Sahil Kulkarni,https://instagram.fblr2-2.fna.fbcdn.net/v/t51.2885-19/299524556_1076620642972030_3868751768224512349_n.jpg?stp=dst-jpg_s150x150&_nc_ht=instagram.fblr2-2.fna.fbcdn.net&_nc_cat=110&_nc_ohc=M_bcic-PdhIAX_OO_wp&edm=AOG-cTkBAAAA&ccb=7-5&oh=00_AfC8bzM7LF_UQZqjSo7eweMO75TbdJmYi4C7HtGCTMzPTg&oe=638F8D2D&_nc_sid=282b66,false
45526898749,vamsikrishnakrivi,Vamsi Krishna,https://instagram.fblr2-1.fna.fbcdn.net/v/t51.2885-19/190916437_241870374365775_6647345008743607782_n.jpg?stp=dst-jpg_s150x150&_nc_ht=instagram.fblr2-1.fna.fbcdn.net&_nc_cat=103&_nc_ohc=cJPtuBxpo6sAX8538vW&edm=AOG-cTkBAAAA&ccb=7-5&oh=00_AfB7c9UHWo7wBftWC_mh0A0O6IKzhaZAEoWrgbG_mbDVfg&oe=638DD216&_nc_sid=282b66,false
6275400068,shashu_20_,shashank_s_,https://instagram.fblr2-2.fna.fbcdn.net/v/t51.2885-19/310920998_5800936456617324_8966135184870726777_n.jpg?stp=dst-jpg_s150x150&_nc_ht=instagram.fblr2-2.fna.fbcdn.net&_nc_cat=100&_nc_ohc=tiEOsF_MjFIAX-KdYfG&edm=AOG-cTkBAAAA&ccb=7-5&oh=00_AfBiMfXHIe9e6FINfeuaFDbvKeseZcskS6hmi7Fij-dDrg&oe=638EA7D6&_nc_sid=282b66,false
8043637754,kv_singh_ror,Vijender Singh,https://instagram.fblr2-1.fna.fbcdn.net/v/t51.2885-19/316054069_137638772396881_8667258097475992608_n.jpg?stp=dst-jpg_s150x150&_nc_ht=instagram.fblr2-1.fna.fbcdn.net&_nc_cat=101&_nc_ohc=IULziM586m4AX_0hZEb&edm=AOG-cTkBAAAA&ccb=7-5&oh=00_AfBde8fgjQJjtOnJPoOZEgf0p4nB67vYSg2ZHdy85NruTA&oe=638F8D8A&_nc_sid=282b66,false
8274324816,___mj_03___,Peter MJ,https://instagram.fblr2-2.fna.fbcdn.net/v/t51.2885-19/253394614_579406976666220_2561639403631249470_n.jpg?stp=dst-jpg_s150x150&_nc_ht=instagram.fblr2-2.fna.fbcdn.net&_nc_cat=100&_nc_ohc=t3r9QpbuUE4AX_sW-Op&tn=DBNlXcUCKOf1RGaQ&edm=AOG-cTkBAAAA&ccb=7-5&oh=00_AfD-jFQN5iKftHIivXxAm34F5JA2OYj6us_-NbJTA9TDvg&oe=638F3550&_nc_sid=282b66,false
5499372528,__ud.ay.___,Uday,https://instagram.fblr2-1.fna.fbcdn.net/v/t51.2885-19/271187652_456597982590414_7343702109835649663_n.jpg?stp=dst-jpg_s150x150&_nc_ht=instagram.fblr2-1.fna.fbcdn.net&_nc_cat=106&_nc_ohc=nlCAW-pmJxIAX_pK09z&edm=AOG-cTkBAAAA&ccb=7-5&oh=00_AfBcGkUGahnwLoU3RUuzRCCqAG9Vnkv_vNpbMdzOgg3VwQ&oe=638E1190&_nc_sid=282b66,false
30652714435,piyush_khodbole,Piyush,https://instagram.fblr2-2.fna.fbcdn.net/v/t51.2885-19/311346121_837325750638922_1136970983067699661_n.jpg?stp=dst-jpg_s150x150&_nc_ht=instagram.fblr2-2.fna.fbcdn.net&_nc_cat=110&_nc_ohc=HREjjULEbPEAX8pv_iz&edm=AOG-cTkBAAAA&ccb=7-5&oh=00_AfAdyVfKk1pXea4nkUfCcSHKvi_a04VRl5fqgdVarYGXbA&oe=638ED26A&_nc_sid=282b66,false
2940013509,arslaan_khurshied,Arslaan khurshied,https://instagram.fblr2-2.fna.fbcdn.net/v/t51.2885-19/310953954_193537586461999_3778421046036775777_n.jpg?stp=dst-jpg_s150x150&_nc_ht=instagram.fblr2-2.fna.fbcdn.net&_nc_cat=107&_nc_ohc=V1RujufJu0EAX9tPwbA&edm=AOG-cTkBAAAA&ccb=7-5&oh=00_AfDI1wAPvwQ3CaFBrg4bQrBPSfr_uxBD_JTWhOQ-Bq3eRg&oe=638E96E7&_nc_sid=282b66,false
12892216227,prathameshdevaramani,ಪ್ರಥಮೇಶ ದೇವರಮನಿ,https://instagram.fblr2-1.fna.fbcdn.net/v/t51.2885-19/317262774_196926986234152_635058933872475029_n.jpg?stp=dst-jpg_s150x150&_nc_ht=instagram.fblr2-1.fna.fbcdn.net&_nc_cat=104&_nc_ohc=TC85gb9BbEYAX-J3KYu&tn=DBNlXcUCKOf1RGaQ&edm=AOG-cTkBAAAA&ccb=7-5&oh=00_AfAE3mK7X6M5DKp6HGFDbrRRNey887OQrA575gKEMg8ZUg&oe=638F7A2D&_nc_sid=282b66,false
21582357729,neketha._.04,Neketha,https://instagram.fblr2-2.fna.fbcdn.net/v/t51.2885-19/310395405_766616747756064_5348792119191487707_n.jpg?stp=dst-jpg_s150x150&_nc_ht=instagram.fblr2-2.fna.fbcdn.net&_nc_cat=100&_nc_ohc=DeWGwyY2GPMAX-6B63b&edm=AOG-cTkBAAAA&ccb=7-5&oh=00_AfCNANDWEsQ9yw4mHr7a3cblakzmOinmBqZ6uNWi8rDZNg&oe=638E2DDB&_nc_sid=282b66,false
8496428228,tavisha_saxena,Tavisha Saxena,https://instagram.fblr2-2.fna.fbcdn.net/v/t51.2885-19/285582186_1063936744547599_2503756438810232171_n.jpg?stp=dst-jpg_s150x150&_nc_ht=instagram.fblr2-2.fna.fbcdn.net&_nc_cat=107&_nc_ohc=l2KNB8NnSSoAX9wH2Rt&edm=AOG-cTkBAAAA&ccb=7-5&oh=00_AfAgScqpA4QzKvhwO-GP2KQhXiCHdqfMf__wlOlMD-RIEA&oe=638DCEDD&_nc_sid=282b66,false
51183492009,sscreationsofficial,CEO- @sanjith_official1,https://instagram.fblr2-1.fna.fbcdn.net/v/t51.2885-19/274658691_108713264992239_5874247779876578383_n.jpg?stp=dst-jpg_s150x150&_nc_ht=instagram.fblr2-1.fna.fbcdn.net&_nc_cat=103&_nc_ohc=6XkWcu9HxqQAX_q5fWh&tn=DBNlXcUCKOf1RGaQ&edm=AOG-cTkBAAAA&ccb=7-5&oh=00_AfC32DUNvI3ruIPKcYFXCMgctISsZekf3d44lw5D5G5EYg&oe=638E7EEE&_nc_sid=282b66,false
48650847339,its_yogu_21,yᴏɢᴇꜱʜ ɴᴀᴠɪ,https://instagram.fblr2-1.fna.fbcdn.net/v/t51.2885-19/314615132_647195126962837_7004644368021644351_n.jpg?stp=dst-jpg_s150x150&_nc_ht=instagram.fblr2-1.fna.fbcdn.net&_nc_cat=101&_nc_ohc=jshxeOZCuv4AX-KDQnc&edm=AOG-cTkBAAAA&ccb=7-5&oh=00_AfBrYNwFeLlr2ZLZfOsJ2WcLPkIcl2iAN8335BJ3RY40wg&oe=638DC517&_nc_sid=282b66,false
50498711194,shettyprutvi,Prutvi Shetty,https://instagram.fblr2-1.fna.fbcdn.net/v/t51.2885-19/289672310_1167804334043305_3172931851434340819_n.jpg?stp=dst-jpg_s150x150&_nc_ht=instagram.fblr2-1.fna.fbcdn.net&_nc_cat=101&_nc_ohc=AxUULOIugysAX-4I8ng&edm=AOG-cTkBAAAA&ccb=7-5&oh=00_AfCZciLz13YrE-9HjOKmIFvsEBzrwB3IfWONs7C7zKk7BQ&oe=638DE024&_nc_sid=282b66,false
4797162700,pranay_sharma03,Pranay Sharma,https://instagram.fblr2-2.fna.fbcdn.net/v/t51.2885-19/272705833_2032429370250607_3283991922860149829_n.jpg?stp=dst-jpg_s150x150&_nc_ht=instagram.fblr2-2.fna.fbcdn.net&_nc_cat=107&_nc_ohc=T00htdDPE4kAX8Vhu_Q&tn=DBNlXcUCKOf1RGaQ&edm=AOG-cTkBAAAA&ccb=7-5&oh=00_AfAj9zmO2rtdKZTgxbE5dzdR7fTX_h0xrl2GMGrCKD_gSg&oe=638E6CEE&_nc_sid=282b66,false
13212856387,susheel_seervi_h,Susheel Seervi H,https://instagram.fblr2-2.fna.fbcdn.net/v/t51.2885-19/315991639_1295700501179974_7201172426576223515_n.jpg?stp=dst-jpg_s150x150&_nc_ht=instagram.fblr2-2.fna.fbcdn.net&_nc_cat=110&_nc_ohc=xinoZG_-9uYAX_yKwCX&edm=AOG-cTkBAAAA&ccb=7-5&oh=00_AfDBM_4vidbnv5jAMzE29LMaus0NA5ET_nPeUg2QS0W4kw&oe=638E8F57&_nc_sid=282b66,false
2366613116,vinay._.x,Vinay,https://instagram.fblr2-2.fna.fbcdn.net/v/t51.2885-19/274877886_1110811299494264_1611315050580199647_n.jpg?stp=dst-jpg_s150x150&_nc_ht=instagram.fblr2-2.fna.fbcdn.net&_nc_cat=108&_nc_ohc=onRZC3WBPn0AX82u3lu&edm=AOG-cTkBAAAA&ccb=7-5&oh=00_AfByJfdIhaAmQVcoYmZTiNTKHECg8mEJdmLJEWTvPcZUsw&oe=638EB434&_nc_sid=282b66,false
2932219203,pranav_kun,Padre Pranav kun🐧,https://instagram.fblr2-2.fna.fbcdn.net/v/t51.2885-19/312706909_103043662578803_5478768054640270970_n.jpg?stp=dst-jpg_s150x150&_nc_ht=instagram.fblr2-2.fna.fbcdn.net&_nc_cat=111&_nc_ohc=9ATM3H_lzfoAX95BRnf&edm=AOG-cTkBAAAA&ccb=7-5&oh=00_AfAHvs3x3xvilVo1plkNChcLHXpNdfcDD7MbP4NxxpMATw&oe=638F74EE&_nc_sid=282b66,false
6938567437,ateeb.___,Ateeb,https://instagram.fblr2-1.fna.fbcdn.net/v/t51.2885-19/309598316_3391433667810591_4183649961923829142_n.jpg?stp=dst-jpg_s150x150&_nc_ht=instagram.fblr2-1.fna.fbcdn.net&_nc_cat=103&_nc_ohc=fRTghrlHYsoAX-3JyLH&edm=AOG-cTkBAAAA&ccb=7-5&oh=00_AfBRe02AraVk3xOetjUme2EHwAFmVOQhivXq7j0C7mfaoQ&oe=638EB66C&_nc_sid=282b66,false
6403645972,4_sahil_4,☮️,https://instagram.fblr2-2.fna.fbcdn.net/v/t51.2885-19/305590116_390608619716816_4722114964315875110_n.jpg?stp=dst-jpg_s150x150&_nc_ht=instagram.fblr2-2.fna.fbcdn.net&_nc_cat=108&_nc_ohc=SBHTXRUPQ_wAX-pbDxC&edm=AOG-cTkBAAAA&ccb=7-5&oh=00_AfAXJ1su0adh0VLUq_7_72-dtp0bq31mSG6iAS3jiL4xHA&oe=638E7105&_nc_sid=282b66,false
51716259788,sridevikaazzz,S G Sridevika,https://instagram.fblr2-2.fna.fbcdn.net/v/t51.2885-19/315202748_180085801271009_664512676836252741_n.jpg?stp=dst-jpg_s150x150&_nc_ht=instagram.fblr2-2.fna.fbcdn.net&_nc_cat=105&_nc_ohc=taYZES2yCwcAX_xgxmI&edm=AOG-cTkBAAAA&ccb=7-5&oh=00_AfC8FnTlvVQwCHS_LyXv48NfSU-KZH3Cq8kG8NsNN22Bxg&oe=638F8195&_nc_sid=282b66,false
4155631377,eshaaaannnnn,eshaan,https://instagram.fblr2-1.fna.fbcdn.net/v/t51.2885-19/287337313_475288717738717_2669057321383976537_n.jpg?stp=dst-jpg_s150x150&_nc_ht=instagram.fblr2-1.fna.fbcdn.net&_nc_cat=101&_nc_ohc=GD6PTU-txyEAX8X2pLT&edm=AOG-cTkBAAAA&ccb=7-5&oh=00_AfADyurvD35bZNiHF_TH-cZuMxbE7FWnmdr2aAvvyFxI7w&oe=638E06C2&_nc_sid=282b66,false
2206112460,vasuman_mishra_1402,Vasuman Mishra,https://instagram.fblr2-1.fna.fbcdn.net/v/t51.2885-19/310451623_646329017057871_4181090194755341952_n.jpg?stp=dst-jpg_s150x150&_nc_ht=instagram.fblr2-1.fna.fbcdn.net&_nc_cat=103&_nc_ohc=hXUSTkOxSAsAX9b_Kw5&edm=AOG-cTkBAAAA&ccb=7-5&oh=00_AfDUNxD16sMT12XDmxdD78DFKu0EEtVtjNsoQQfC-0GYxw&oe=638F4525&_nc_sid=282b66,false
50129681700,manasi_priya317,Manasi Priya,https://instagram.fblr2-2.fna.fbcdn.net/v/t51.2885-19/279825256_2688827404595155_4008288457507472324_n.jpg?stp=dst-jpg_s150x150&_nc_ht=instagram.fblr2-2.fna.fbcdn.net&_nc_cat=107&_nc_ohc=xWQlQ0JCYZEAX9yL6LV&tn=DBNlXcUCKOf1RGaQ&edm=AOG-cTkBAAAA&ccb=7-5&oh=00_AfBx_13P7ivtHQ9C9nIRQpcuszVCn0oT9SnHArmheWGHQA&oe=638DB607&_nc_sid=282b66,false
6792813924,amruthraj.amp,Amruth Raj,https://instagram.fblr2-2.fna.fbcdn.net/v/t51.2885-19/317756206_300297782467613_2557706878682200766_n.jpg?stp=dst-jpg_s150x150&_nc_ht=instagram.fblr2-2.fna.fbcdn.net&_nc_cat=105&_nc_ohc=jq12Tlc3UjQAX-3P1oL&edm=AOG-cTkBAAAA&ccb=7-5&oh=00_AfC5EmfEQIrB-MMyyEEHOgKyIZSahIbZ7HXJ7_CwqmRvzA&oe=638F1D61&_nc_sid=282b66,false
43297128109,bhooshi_anirudh,B ANIRUDH,https://instagram.fblr2-2.fna.fbcdn.net/v/t51.2885-19/178230433_4280948198602932_1067590167989160150_n.jpg?stp=dst-jpg_s150x150&_nc_ht=instagram.fblr2-2.fna.fbcdn.net&_nc_cat=100&_nc_ohc=di7P1GRkStEAX99Bj7E&edm=AOG-cTkBAAAA&ccb=7-5&oh=00_AfCnirQrFTefzWvwDn-EQ4kme08g8Yp63tsgjRxP795k8A&oe=638F6BA9&_nc_sid=282b66,false
50844201397,sanath_04,Sanath,https://instagram.fblr2-2.fna.fbcdn.net/v/t51.2885-19/283919572_541947364122452_7426930670842266800_n.jpg?stp=dst-jpg_s150x150&_nc_ht=instagram.fblr2-2.fna.fbcdn.net&_nc_cat=108&_nc_ohc=dr9p2doqMdYAX9Ghano&edm=AOG-cTkBAAAA&ccb=7-5&oh=00_AfBCxW1pEm5sn5naT5zeqmvzaXJ7o0NGKunDMa4T1TCCIQ&oe=638F3A9C&_nc_sid=282b66,false
51561507637,rahul._.2204,Rahul Bodh YD,https://instagram.fblr2-2.fna.fbcdn.net/v/t51.2885-19/312341521_516175323368004_9198265972022456480_n.jpg?stp=dst-jpg_s150x150&_nc_ht=instagram.fblr2-2.fna.fbcdn.net&_nc_cat=100&_nc_ohc=iH8wke12k0YAX--s6o4&tn=DBNlXcUCKOf1RGaQ&edm=AOG-cTkBAAAA&ccb=7-5&oh=00_AfAl-LJzuyEZyPRrVwI_hW3pUftVdfISeLkWWosUbIXUbg&oe=638E87AE&_nc_sid=282b66,false
47299366465,shabarish.priv,Shabarish,https://scontent.cdninstagram.com/v/t51.2885-19/44884218_345707102882519_2446069589734326272_n.jpg?_nc_ht=scontent.cdninstagram.com&_nc_cat=1&_nc_ohc=v6hG0j-H7LQAX9eE06-&edm=AE33r6YAAAAA&ccb=7-5&ig_cache_key=YW5vbnltb3VzX3Byb2ZpbGVfcGlj.2-ccb7-5&oh=00_AfD2GTCbIBiEUU3z_lLkwV0YD1-qcxRFtsgajz_hTU-Ywg&oe=638EA58F&_nc_sid=c7f4db,false
2322082312,adhidevvin0d,Adhidev Vinod,https://instagram.fblr2-2.fna.fbcdn.net/v/t51.2885-19/192819379_201111831738948_615930411518226855_n.jpg?stp=dst-jpg_s150x150&_nc_ht=instagram.fblr2-2.fna.fbcdn.net&_nc_cat=100&_nc_ohc=uplbwxzvFL8AX-igbLT&tn=DBNlXcUCKOf1RGaQ&edm=AOG-cTkBAAAA&ccb=7-5&oh=00_AfAZKmvnFjbyoqrEUmh0xW7mX4Kb7bDT5Zi4xCgV5gKIPA&oe=638EFDA6&_nc_sid=282b66,false
6394944451,preetham_m_p,Preetham,https://instagram.fblr2-1.fna.fbcdn.net/v/t51.2885-19/267012221_468913357996238_7896069351956776307_n.jpg?stp=dst-jpg_s150x150&_nc_ht=instagram.fblr2-1.fna.fbcdn.net&_nc_cat=102&_nc_ohc=ZSqpWrzl-6kAX9Bx_YW&edm=AOG-cTkBAAAA&ccb=7-5&oh=00_AfDZsSgx8NimBUa6EhY8x4DIts98Cxva-4R4XrYFn0zktQ&oe=638E48E4&_nc_sid=282b66,false
44598747193,onii_chadd,Anirudhhan,https://instagram.fblr2-2.fna.fbcdn.net/v/t51.2885-19/310235064_195153369544739_5137732626160815645_n.jpg?stp=dst-jpg_s150x150&_nc_ht=instagram.fblr2-2.fna.fbcdn.net&_nc_cat=111&_nc_ohc=y6OVNkYqe8EAX8FmtjN&tn=DBNlXcUCKOf1RGaQ&edm=AOG-cTkBAAAA&ccb=7-5&oh=00_AfB9qvaFHd5f1NnpI7M02-Hq_GYDGxRLcGcG5O8F-GmjcQ&oe=638DFC4A&_nc_sid=282b66,false
47548750453,yousufmohd223,Md Yousuf,https://scontent.cdninstagram.com/v/t51.2885-19/44884218_345707102882519_2446069589734326272_n.jpg?_nc_ht=scontent.cdninstagram.com&_nc_cat=1&_nc_ohc=v6hG0j-H7LQAX9eE06-&edm=AE33r6YAAAAA&ccb=7-5&ig_cache_key=YW5vbnltb3VzX3Byb2ZpbGVfcGlj.2-ccb7-5&oh=00_AfD2GTCbIBiEUU3z_lLkwV0YD1-qcxRFtsgajz_hTU-Ywg&oe=638EA58F&_nc_sid=c7f4db,false
50917041827,_vishmati_,vishmati,https://scontent.cdninstagram.com/v/t51.2885-19/44884218_345707102882519_2446069589734326272_n.jpg?_nc_ht=scontent.cdninstagram.com&_nc_cat=1&_nc_ohc=v6hG0j-H7LQAX9eE06-&edm=AE33r6YAAAAA&ccb=7-5&ig_cache_key=YW5vbnltb3VzX3Byb2ZpbGVfcGlj.2-ccb7-5&oh=00_AfD2GTCbIBiEUU3z_lLkwV0YD1-qcxRFtsgajz_hTU-Ywg&oe=638EA58F&_nc_sid=c7f4db,false
5898880296,akanksh_rajath,アカンクシュ ラジャス,https://instagram.fblr2-2.fna.fbcdn.net/v/t51.2885-19/314315561_137885962340492_6794280342022390004_n.jpg?stp=dst-jpg_s150x150&_nc_ht=instagram.fblr2-2.fna.fbcdn.net&_nc_cat=108&_nc_ohc=83vguInV0hUAX9U_MUg&tn=DBNlXcUCKOf1RGaQ&edm=AOG-cTkBAAAA&ccb=7-5&oh=00_AfCXnq4pZ4YK_QvkZddg_KAGCpfmbTvjwnLgSXS3Cro05Q&oe=638F7547&_nc_sid=282b66,false
5555582635,_b.u.n.n.y_05,Benakeshwar GK,https://instagram.fblr2-2.fna.fbcdn.net/v/t51.2885-19/313042783_452162876814767_2003403717264280734_n.jpg?stp=dst-jpg_s150x150&_nc_ht=instagram.fblr2-2.fna.fbcdn.net&_nc_cat=111&_nc_ohc=t8qJ4YVnY64AX_OYyUi&edm=AOG-cTkBAAAA&ccb=7-5&oh=00_AfBL6APRJo7Yq4wIGGXlfSmvbDIjdXstL6lzbUOdeDussA&oe=638EA52A&_nc_sid=282b66,false
50082766879,_prateek_1001,Prateek Vernekar,https://instagram.fblr2-2.fna.fbcdn.net/v/t51.2885-19/254544060_3048638212045137_6960903795761564368_n.jpg?stp=dst-jpg_s150x150&_nc_ht=instagram.fblr2-2.fna.fbcdn.net&_nc_cat=109&_nc_ohc=pLC-4nZpzSEAX-KNkcc&tn=DBNlXcUCKOf1RGaQ&edm=AOG-cTkBAAAA&ccb=7-5&oh=00_AfBVSXWTSE64YvlL4iI1MNDMnFvkzMZJelZkehNZiHaFaA&oe=638F8D86&_nc_sid=282b66,false
51008577249,_vishal.js_,Vishal Chaurasia,https://scontent.cdninstagram.com/v/t51.2885-19/44884218_345707102882519_2446069589734326272_n.jpg?_nc_ht=scontent.cdninstagram.com&_nc_cat=1&_nc_ohc=v6hG0j-H7LQAX9eE06-&edm=AE33r6YAAAAA&ccb=7-5&ig_cache_key=YW5vbnltb3VzX3Byb2ZpbGVfcGlj.2-ccb7-5&oh=00_AfD2GTCbIBiEUU3z_lLkwV0YD1-qcxRFtsgajz_hTU-Ywg&oe=638EA58F&_nc_sid=c7f4db,false
2537054540,anushkaumarani,Anushka Umarani,https://instagram.fblr2-1.fna.fbcdn.net/v/t51.2885-19/291968806_732922704714807_1233137462420323092_n.jpg?stp=dst-jpg_s150x150&_nc_ht=instagram.fblr2-1.fna.fbcdn.net&_nc_cat=103&_nc_ohc=SmLePznlaaQAX-PR0PL&edm=AOG-cTkBAAAA&ccb=7-5&oh=00_AfB9f8DBSVF1X-iHwYuD3Gs2cVG8LEOLAk-YS3cjkLEg3Q&oe=638F1B31&_nc_sid=282b66,false
50988324706,craig_jm,craig,https://instagram.fblr2-2.fna.fbcdn.net/v/t51.2885-19/290822080_413320030738569_393311899345090404_n.jpg?stp=dst-jpg_s150x150&_nc_ht=instagram.fblr2-2.fna.fbcdn.net&_nc_cat=109&_nc_ohc=s76jLJ7lIacAX8Oi02-&edm=AOG-cTkBAAAA&ccb=7-5&oh=00_AfB9p8h7kJp4sftWaHprLjIWtQs_0ST2l6_zanabUC2riw&oe=638E6E89&_nc_sid=282b66,false
30104409652,shabarish._18,Shabarish,https://instagram.fblr2-1.fna.fbcdn.net/v/t51.2885-19/316714111_3396945037218507_4152339903962995475_n.jpg?stp=dst-jpg_s150x150&_nc_ht=instagram.fblr2-1.fna.fbcdn.net&_nc_cat=103&_nc_ohc=KL1K1CSHvpIAX-8H6L9&edm=AOG-cTkBAAAA&ccb=7-5&oh=00_AfD3Xz7qAiG4rqZ0ZpEjl6bkAJEoNiJk3WLgM6fr_CyTeQ&oe=638EF61B&_nc_sid=282b66,false
3561333080,karthik_sreeram,Karthik Sreeram,https://instagram.fblr2-2.fna.fbcdn.net/v/t51.2885-19/280578573_153883233800648_6742810849670937947_n.jpg?stp=dst-jpg_s150x150&_nc_ht=instagram.fblr2-2.fna.fbcdn.net&_nc_cat=108&_nc_ohc=R1nydVNJqDsAX-_x-Yf&edm=AOG-cTkBAAAA&ccb=7-5&oh=00_AfBCcpmPRGfISii2j5bTWBFIbB-ct7SIBJ-HkAk8s2a81g&oe=638E8CBE&_nc_sid=282b66,false
51009477398,jithendranandakumar,Jithendra Nandakumar,https://instagram.fblr2-2.fna.fbcdn.net/v/t51.2885-19/316820247_805666633855920_8604831997703728745_n.jpg?stp=dst-jpg_s150x150&_nc_ht=instagram.fblr2-2.fna.fbcdn.net&_nc_cat=100&_nc_ohc=U9JL-u3HtUUAX83lQJP&edm=AOG-cTkBAAAA&ccb=7-5&oh=00_AfCiFNmxeYYtX8IQcJ6ZTmnsq6VEWb7LIApwI38DknQlYg&oe=638F1337&_nc_sid=282b66,false
4442793818,dhruthik_dushyanth,DHRUTHIK DUSHYANTH,https://instagram.fblr2-1.fna.fbcdn.net/v/t51.2885-19/277992433_710276416654298_8235061431654702315_n.jpg?stp=dst-jpg_s150x150&_nc_ht=instagram.fblr2-1.fna.fbcdn.net&_nc_cat=102&_nc_ohc=Ug0lQBc7udUAX-aIMx7&tn=DBNlXcUCKOf1RGaQ&edm=AOG-cTkBAAAA&ccb=7-5&oh=00_AfDQJW1yy7XgKe4bBAGdr6-VLbAtn766grphZw6_8OBmNw&oe=638E2DBA&_nc_sid=282b66,false
13774713152,_suhail_tk,Suhail TK,https://instagram.fblr2-2.fna.fbcdn.net/v/t51.2885-19/277052742_1335250273645373_2592563930936358595_n.jpg?stp=dst-jpg_s150x150&_nc_ht=instagram.fblr2-2.fna.fbcdn.net&_nc_cat=105&_nc_ohc=brGNIVGJEHQAX_0VAzh&edm=AOG-cTkBAAAA&ccb=7-5&oh=00_AfDSb_mgGE5iadgBQMqs2muU5m38a_HeA8yireUQlF5-Bg&oe=638F1345&_nc_sid=282b66,false
50661814554,neontanshuk,उदितांशू कमल,https://instagram.fblr2-2.fna.fbcdn.net/v/t51.2885-19/269790883_259618799503644_7246089129631937457_n.jpg?stp=dst-jpg_s150x150&_nc_ht=instagram.fblr2-2.fna.fbcdn.net&_nc_cat=100&_nc_ohc=Gpzl-cZOxlkAX9lkeP7&edm=AOG-cTkBAAAA&ccb=7-5&oh=00_AfAs24P5AXd1qYg2upaxE7Ln-8dGVRYUH6UQ6LBPmSxmCQ&oe=638F12A9&_nc_sid=282b66,false
49047252860,vathsa_328,srivathsa,https://instagram.fblr2-2.fna.fbcdn.net/v/t51.2885-19/256458495_916708735918193_5597397766046260143_n.jpg?stp=dst-jpg_s150x150&_nc_ht=instagram.fblr2-2.fna.fbcdn.net&_nc_cat=105&_nc_ohc=tOpse90jh_gAX-KInky&edm=AOG-cTkBAAAA&ccb=7-5&oh=00_AfD1EW33-AXKKBZjQN1ONHXYiq-j5y6M_73avSwsLWUSaw&oe=638EBDBC&_nc_sid=282b66,false
9617247222,_pavan_kumar.k,,https://instagram.fblr2-2.fna.fbcdn.net/v/t51.2885-19/315312240_532243095050614_921637225636816065_n.jpg?stp=dst-jpg_s150x150&_nc_ht=instagram.fblr2-2.fna.fbcdn.net&_nc_cat=110&_nc_ohc=v0v-MjC9vxoAX-rrIGe&edm=AOG-cTkBAAAA&ccb=7-5&oh=00_AfBfZF82QGN_A_Nvginx1Coe9bzrE6QTMQeasCaooaxGaw&oe=638E7A82&_nc_sid=282b66,false
50377238440,myselfsanjith,S.Sanjith,https://instagram.fblr2-1.fna.fbcdn.net/v/t51.2885-19/306711392_829847538016386_8012662291184391407_n.jpg?stp=dst-jpg_s150x150&_nc_ht=instagram.fblr2-1.fna.fbcdn.net&_nc_cat=106&_nc_ohc=zfKwv5Ub2iEAX8C7BDU&edm=AOG-cTkBAAAA&ccb=7-5&oh=00_AfBNbEZtQ347Kb8AhrzLyY0E67YxGjdfUTh0G0mB117IdA&oe=638EC6AE&_nc_sid=282b66,false
12614425568,yashica_rockstar,Yashwanth Gowda,https://instagram.fblr2-1.fna.fbcdn.net/v/t51.2885-19/306480014_545780900680242_8545067967746015509_n.jpg?stp=dst-jpg_s150x150&_nc_ht=instagram.fblr2-1.fna.fbcdn.net&_nc_cat=106&_nc_ohc=Itwulk9jgEYAX_7VEJY&tn=DBNlXcUCKOf1RGaQ&edm=AOG-cTkBAAAA&ccb=7-5&oh=00_AfAwwtIBX9i_VMR97ezGZcMv_vyHiXrSu3B_qc1UedmXKA&oe=638F3BDC&_nc_sid=282b66,false
50212424893,prnv_2k3,Pranav,https://instagram.fbkk3-3.fna.fbcdn.net/v/t51.2885-19/44884218_345707102882519_2446069589734326272_n.jpg?efg=eyJybWQiOiJpZ19hbmRyb2lkX21vYmlsZV9uZXR3b3JrX3N0YWNrX3RpZ29uX21uc18yNTlfcmJzX3Y1OnRpZ29uX2xpZ2VyIn0&_nc_ht=instagram.fbkk3-3.fna.fbcdn.net&_nc_cat=1&_nc_ohc=v6hG0j-H7LQAX8jO15e&edm=AJ9x6zYBAAAA&ccb=7-5&ig_cache_key=YW5vbnltb3VzX3Byb2ZpbGVfcGlj.2-ccb7-5&oh=00_AfB0H9BrGuJni1UKZUwKfTQQ2mDQxzQ-l_U-K-iAIM1khg&oe=638EA58F&_nc_sid=cff2a4,false
26037751409,frozen_fire05,Sathvik,https://instagram.fblr2-1.fna.fbcdn.net/v/t51.2885-19/317151845_3412534449029298_4835328884074227403_n.jpg?stp=dst-jpg_s150x150&_nc_ht=instagram.fblr2-1.fna.fbcdn.net&_nc_cat=106&_nc_ohc=-vSRbiXh194AX8r9FPP&edm=AOG-cTkBAAAA&ccb=7-5&oh=00_AfBqjQgPvO8W_8rYP0VhO63gH5Z7EIZupfaC_YWGSWGiBg&oe=638EB2CB&_nc_sid=282b66,false
33444558493,photograpy4204,BS ROHITH,https://instagram.fblr2-2.fna.fbcdn.net/v/t51.2885-19/93400791_555401878432941_3397235241834774528_n.jpg?stp=dst-jpg_s150x150&_nc_ht=instagram.fblr2-2.fna.fbcdn.net&_nc_cat=109&_nc_ohc=66H8FrmbWb4AX-_ZSfu&edm=AOG-cTkBAAAA&ccb=7-5&oh=00_AfCxEIJmpJqJA3I9u9sFgOXRKbsQ5UxYKVBNdvaxmFswtg&oe=638DE311&_nc_sid=282b66,false
45473698356,allen.0403,Cordeilia Arial,https://instagram.fblr2-1.fna.fbcdn.net/v/t51.2885-19/271135615_444259687324134_1193726069875081475_n.jpg?stp=dst-jpg_s150x150&_nc_ht=instagram.fblr2-1.fna.fbcdn.net&_nc_cat=106&_nc_ohc=vzV8jJjF59oAX9SPqH6&edm=AOG-cTkBAAAA&ccb=7-5&oh=00_AfClJjO1gSvqeO6OuVhpPWsNKF8gHtY3q2ihCkcxf6SzuQ&oe=638DCE62&_nc_sid=282b66,false
40893419024,asteroidcoffeecake,Srivathsa T,https://instagram.fblr2-2.fna.fbcdn.net/v/t51.2885-19/270485302_649873353099106_8044142926679057662_n.jpg?stp=dst-jpg_s150x150&_nc_ht=instagram.fblr2-2.fna.fbcdn.net&_nc_cat=110&_nc_ohc=yunCfvXV8YQAX8OKa0a&tn=DBNlXcUCKOf1RGaQ&edm=AOG-cTkBAAAA&ccb=7-5&oh=00_AfBWDY8q51wEoyRHLvb9sDp_1VIaxLnrU5LegELVdvH-OA&oe=638E7235&_nc_sid=282b66,false
49068195035,suhas.k0,Suhas Kini M,https://instagram.fblr2-1.fna.fbcdn.net/v/t51.2885-19/312944594_875198533475138_1490690781552505402_n.jpg?stp=dst-jpg_s150x150&_nc_ht=instagram.fblr2-1.fna.fbcdn.net&_nc_cat=102&_nc_ohc=Um81nqCcRLAAX_2v4UU&edm=AOG-cTkBAAAA&ccb=7-5&oh=00_AfDCC8-5nzcuEGQNr4lTjqmblimsPD_g4isdseRI6r1uig&oe=638E02C6&_nc_sid=282b66,false
46460950993,eshwar_.07,Eshwar Sai Reddy 😈,https://instagram.fblr2-1.fna.fbcdn.net/v/t51.2885-19/316802189_1227172144809186_2926354707107905821_n.jpg?stp=dst-jpg_s150x150&_nc_ht=instagram.fblr2-1.fna.fbcdn.net&_nc_cat=106&_nc_ohc=RWEZCFc43DkAX9DL4n0&edm=AOG-cTkBAAAA&ccb=7-5&oh=00_AfCjQVZQvjtBMwcqnoT8l1mqMsA1NhVkSnMPqqA8jaHgUw&oe=638F3693&_nc_sid=282b66,false
41410233571,peddireddy_eswar,Peddi Reddy Eswar Reddy,https://instagram.fblr2-2.fna.fbcdn.net/v/t51.2885-19/290853710_2213717092119921_7130024478958546440_n.jpg?stp=dst-jpg_s150x150&_nc_ht=instagram.fblr2-2.fna.fbcdn.net&_nc_cat=109&_nc_ohc=BreNr3KJ8MoAX8XPPzt&tn=DBNlXcUCKOf1RGaQ&edm=AOG-cTkBAAAA&ccb=7-5&oh=00_AfDOv1GqCAZOmCYxi5lD3tc7kzw-YTceGKwQ5qbocTfXHg&oe=638EEBAF&_nc_sid=282b66,false
5945725864,kaushik__10__,kaushik,https://instagram.fblr2-1.fna.fbcdn.net/v/t51.2885-19/273358693_4559409204169743_7567959320762162005_n.jpg?stp=dst-jpg_s150x150&_nc_ht=instagram.fblr2-1.fna.fbcdn.net&_nc_cat=103&_nc_ohc=knkgMoz69yYAX-84A5B&edm=AOG-cTkBAAAA&ccb=7-5&oh=00_AfA8EFSUtpEsfjONV6QiABopAZo4NOTUiRZ1gyQibng95w&oe=638F27C2&_nc_sid=282b66,false
4864510872,gokkss_,Gokul,https://instagram.fblr2-1.fna.fbcdn.net/v/t51.2885-19/285712980_5344589315606199_3755901111339415130_n.jpg?stp=dst-jpg_s150x150&_nc_ht=instagram.fblr2-1.fna.fbcdn.net&_nc_cat=103&_nc_ohc=F1KYTVC5FBkAX9xE-xa&edm=AOG-cTkBAAAA&ccb=7-5&oh=00_AfDhQdSyq8Zxh-1p-AHwWWlmYLcS8xFq-Zj-pxqqU1TvlA&oe=638ED3F1&_nc_sid=282b66,false
50532290368,chaysure,chaitanya,https://instagram.fbkk3-3.fna.fbcdn.net/v/t51.2885-19/44884218_345707102882519_2446069589734326272_n.jpg?efg=eyJybWQiOiJpZ19hbmRyb2lkX21vYmlsZV9uZXR3b3JrX3N0YWNrX3RpZ29uX21uc18yNTlfcmJzX3Y1OnRpZ29uX2xpZ2VyIn0&_nc_ht=instagram.fbkk3-3.fna.fbcdn.net&_nc_cat=1&_nc_ohc=v6hG0j-H7LQAX8jO15e&edm=AJ9x6zYBAAAA&ccb=7-5&ig_cache_key=YW5vbnltb3VzX3Byb2ZpbGVfcGlj.2-ccb7-5&oh=00_AfB0H9BrGuJni1UKZUwKfTQQ2mDQxzQ-l_U-K-iAIM1khg&oe=638EA58F&_nc_sid=cff2a4,false
16934270210,sambangibalaji,Balaji Sambangi,https://instagram.fblr2-1.fna.fbcdn.net/v/t51.2885-19/67299667_513001589437695_137357456467558400_n.jpg?stp=dst-jpg_s150x150&_nc_ht=instagram.fblr2-1.fna.fbcdn.net&_nc_cat=103&_nc_ohc=Lpn44BId7ocAX_mu0-6&edm=AOG-cTkBAAAA&ccb=7-5&oh=00_AfAyJ2DZwnF5SWycFTCF48j4aIXPUYzHvIJct0sJY16jSg&oe=638F3616&_nc_sid=282b66,false
50654068756,allwin_grace_2003,Allwin_Grace,https://instagram.fblr2-1.fna.fbcdn.net/v/t51.2885-19/257467386_271012621642878_4349576637205246495_n.jpg?stp=dst-jpg_s150x150&_nc_ht=instagram.fblr2-1.fna.fbcdn.net&_nc_cat=106&_nc_ohc=uu-lC5sPlAMAX98M0jC&edm=AOG-cTkBAAAA&ccb=7-5&oh=00_AfAbNZl-jLltlopBIfTWH7INOTxJJmarbP-mdttkHj1slg&oe=638EA079&_nc_sid=282b66,false
44890288066,charithareddy2003,Sai Charitha,https://instagram.fblr2-1.fna.fbcdn.net/v/t51.2885-19/311751683_193335399871862_2421288861757767342_n.jpg?stp=dst-jpg_s150x150&_nc_ht=instagram.fblr2-1.fna.fbcdn.net&_nc_cat=102&_nc_ohc=VsGAOHeoZAoAX8CKczW&edm=AOG-cTkBAAAA&ccb=7-5&oh=00_AfB9r80m9M0QbFp1V1RO7fVH-EXSUD9I7rrvVqbR5yCRWQ&oe=638F89E0&_nc_sid=282b66,false
15973937911,1ts_a_me_mar1o,Vipin Mario,https://instagram.fbkk3-3.fna.fbcdn.net/v/t51.2885-19/44884218_345707102882519_2446069589734326272_n.jpg?efg=eyJybWQiOiJpZ19hbmRyb2lkX21vYmlsZV9uZXR3b3JrX3N0YWNrX3RpZ29uX21uc18yNTlfcmJzX3Y1OnRpZ29uX2xpZ2VyIn0&_nc_ht=instagram.fbkk3-3.fna.fbcdn.net&_nc_cat=1&_nc_ohc=v6hG0j-H7LQAX8jO15e&edm=AJ9x6zYBAAAA&ccb=7-5&ig_cache_key=YW5vbnltb3VzX3Byb2ZpbGVfcGlj.2-ccb7-5&oh=00_AfB0H9BrGuJni1UKZUwKfTQQ2mDQxzQ-l_U-K-iAIM1khg&oe=638EA58F&_nc_sid=cff2a4,false
49813286106,anuraagbv1,Anuraag,https://instagram.fbkk3-3.fna.fbcdn.net/v/t51.2885-19/44884218_345707102882519_2446069589734326272_n.jpg?efg=eyJybWQiOiJpZ19hbmRyb2lkX21vYmlsZV9uZXR3b3JrX3N0YWNrX3RpZ29uX21uc18yNTlfcmJzX3Y1OnRpZ29uX2xpZ2VyIn0&_nc_ht=instagram.fbkk3-3.fna.fbcdn.net&_nc_cat=1&_nc_ohc=v6hG0j-H7LQAX8jO15e&edm=AJ9x6zYBAAAA&ccb=7-5&ig_cache_key=YW5vbnltb3VzX3Byb2ZpbGVfcGlj.2-ccb7-5&oh=00_AfB0H9BrGuJni1UKZUwKfTQQ2mDQxzQ-l_U-K-iAIM1khg&oe=638EA58F&_nc_sid=cff2a4,false
44322694985,oza_veerji,🕉️𝓥𝓘𝓡𝓔𝓝𝓓𝓐𝓡 🕉️,https://instagram.fblr2-2.fna.fbcdn.net/v/t51.2885-19/312599050_1288615855259299_2512550534259153854_n.jpg?stp=dst-jpg_s150x150&_nc_ht=instagram.fblr2-2.fna.fbcdn.net&_nc_cat=107&_nc_ohc=oGvFMzoERuMAX8AZp_1&tn=DBNlXcUCKOf1RGaQ&edm=AOG-cTkBAAAA&ccb=7-5&oh=00_AfDdqUhms7MQAC4_uopSYDzvngOvHbtRA7VX0Lb8_Q6MZA&oe=638EAF7B&_nc_sid=282b66,false
10692166160,rajgopal282,Raj Gopal,https://instagram.fblr2-1.fna.fbcdn.net/v/t51.2885-19/275316546_4844684945626338_5537595064238601920_n.jpg?stp=dst-jpg_s150x150&_nc_ht=instagram.fblr2-1.fna.fbcdn.net&_nc_cat=106&_nc_ohc=2Tu8wud6qFkAX9mGNNh&edm=AOG-cTkBAAAA&ccb=7-5&oh=00_AfCaaYg2jsrEKwNqbOtpgrd0DS3MMgjb0yJiF-WpZAnpnw&oe=638E04F1&_nc_sid=282b66,false
24856114676,ka_rthik5485,Karthik Reddy.G,https://instagram.fblr2-2.fna.fbcdn.net/v/t51.2885-19/132792726_115671707058017_4204689709062754353_n.jpg?stp=dst-jpg_s150x150&_nc_ht=instagram.fblr2-2.fna.fbcdn.net&_nc_cat=105&_nc_ohc=wBL1S0gMb8sAX_wu-h0&edm=AOG-cTkBAAAA&ccb=7-5&oh=00_AfCmroUxk0EtLrz5ccjU8pRQCZw2og_ofbCP2vTUhWOg-g&oe=638DD997&_nc_sid=282b66,false
4294696082,itsnishanthreddy,Nishanth Reddy,https://instagram.fblr2-1.fna.fbcdn.net/v/t51.2885-19/277284246_2816971155278608_7662409529204639551_n.jpg?stp=dst-jpg_s150x150&_nc_ht=instagram.fblr2-1.fna.fbcdn.net&_nc_cat=104&_nc_ohc=R-toEEvmgZEAX-eYX6I&tn=DBNlXcUCKOf1RGaQ&edm=AOG-cTkBAAAA&ccb=7-5&oh=00_AfAoYJ9p0QWG3Ug2PWzQZy74BBxvM5a3m-dM0fMeBjfBLQ&oe=638E48F8&_nc_sid=282b66,false
50240845022,kairon_1204_wasnt_taken,Tarun J Palani,https://instagram.fblr2-2.fna.fbcdn.net/v/t51.2885-19/305429836_1072989670050983_5155810396513343124_n.jpg?stp=dst-jpg_s150x150&_nc_ht=instagram.fblr2-2.fna.fbcdn.net&_nc_cat=111&_nc_ohc=7ZGXPG6yebQAX8saJYA&edm=AOG-cTkBAAAA&ccb=7-5&oh=00_AfBChRwJIujrbeJ-1dkygE1X74b-A2SbXGnt-9L7q8oRHQ&oe=638F8910&_nc_sid=282b66,false
50303440318,chai__018,Chaitanya,https://instagram.fblr2-1.fna.fbcdn.net/v/t51.2885-19/277983394_1293618354462976_8260052481774442817_n.jpg?stp=dst-jpg_s150x150&_nc_ht=instagram.fblr2-1.fna.fbcdn.net&_nc_cat=104&_nc_ohc=_gdkt3XltCAAX8UZMYD&edm=AOG-cTkBAAAA&ccb=7-5&oh=00_AfCvRWahgdni1f4PNGM-KyIVb4NofovwqxJ0Lm-BPsw8pg&oe=638E4433&_nc_sid=282b66,false
36031187386,_.vijay_30.__,N.Vijay Kumar,https://instagram.fblr2-2.fna.fbcdn.net/v/t51.2885-19/234829679_568070227526085_774786411874559751_n.jpg?stp=dst-jpg_s150x150&_nc_ht=instagram.fblr2-2.fna.fbcdn.net&_nc_cat=109&_nc_ohc=1cqqoG95ezEAX_MLQIv&edm=AOG-cTkBAAAA&ccb=7-5&oh=00_AfA30vHj-R0hfsSo9AePQhEGYM7T2qnnbUziPCRkRMlbPg&oe=638F886E&_nc_sid=282b66,false
7133321047,__s.h.a.s.h.a.n.k__,🅂🄷🄰🅂🄷🄰🄽🄺,https://instagram.fblr2-1.fna.fbcdn.net/v/t51.2885-19/74665217_268683120719440_2772607586652913664_n.jpg?stp=dst-jpg_s150x150&_nc_ht=instagram.fblr2-1.fna.fbcdn.net&_nc_cat=104&_nc_ohc=3dbmMI4k3pQAX-P1O3F&edm=AOG-cTkBAAAA&ccb=7-5&oh=00_AfAaXORM0tE3k3cNMo4VVoCk4sMRzhYSVsVd-x0OVtDffA&oe=638E5763&_nc_sid=282b66,false
2093237767,charithrage,Charith Rage,https://instagram.fblr2-1.fna.fbcdn.net/v/t51.2885-19/241153132_1025962314868683_8437002322159383697_n.jpg?stp=dst-jpg_s150x150&_nc_ht=instagram.fblr2-1.fna.fbcdn.net&_nc_cat=103&_nc_ohc=ahIRxSS0aSMAX96kEln&edm=AOG-cTkBAAAA&ccb=7-5&oh=00_AfDDm49Wu6DpJ9KFXl2FZuY_YF2XYr60qXJcnlMnVn_RaQ&oe=638E99A7&_nc_sid=282b66,false
8046767725,abhinav_r07,Abhinav.,https://instagram.fblr2-1.fna.fbcdn.net/v/t51.2885-19/279057774_363323958920821_1129581675757961706_n.jpg?stp=dst-jpg_s150x150&_nc_ht=instagram.fblr2-1.fna.fbcdn.net&_nc_cat=101&_nc_ohc=FJTMYbFvuBoAX8WSknn&tn=DBNlXcUCKOf1RGaQ&edm=AOG-cTkBAAAA&ccb=7-5&oh=00_AfCibrwQtPDqfikih50Q7HeY0ayjjVyyRE3u-CNxvyHv_w&oe=638F7744&_nc_sid=282b66,false
49798876849,_xrahul._,Rahul.D,https://instagram.fblr2-2.fna.fbcdn.net/v/t51.2885-19/279074100_524519405732136_4473338154520213274_n.jpg?stp=dst-jpg_s150x150&_nc_ht=instagram.fblr2-2.fna.fbcdn.net&_nc_cat=100&_nc_ohc=oruJufqO0EwAX_T5Nsc&edm=AOG-cTkBAAAA&ccb=7-5&oh=00_AfDOU38CkJW7oDjAE01hUgVVj1RnxzygF_mCfN18oyhKQQ&oe=638F6BF8&_nc_sid=282b66,false
50253650236,aniruddh__1907,Aniruddh Mantrala,https://instagram.fbkk3-3.fna.fbcdn.net/v/t51.2885-19/44884218_345707102882519_2446069589734326272_n.jpg?efg=eyJybWQiOiJpZ19hbmRyb2lkX21vYmlsZV9uZXR3b3JrX3N0YWNrX3RpZ29uX21uc18yNTlfcmJzX3Y1OnRpZ29uX2xpZ2VyIn0&_nc_ht=instagram.fbkk3-3.fna.fbcdn.net&_nc_cat=1&_nc_ohc=v6hG0j-H7LQAX8jO15e&edm=AJ9x6zYBAAAA&ccb=7-5&ig_cache_key=YW5vbnltb3VzX3Byb2ZpbGVfcGlj.2-ccb7-5&oh=00_AfB0H9BrGuJni1UKZUwKfTQQ2mDQxzQ-l_U-K-iAIM1khg&oe=638EA58F&_nc_sid=cff2a4,false
50069656046,niranjana_reddy_b_s,Niranjana Reddy B S,https://instagram.fblr2-2.fna.fbcdn.net/v/t51.2885-19/247927258_2995520824040911_8417809426499721326_n.jpg?stp=dst-jpg_s150x150&_nc_ht=instagram.fblr2-2.fna.fbcdn.net&_nc_cat=107&_nc_ohc=_ZupsifmQmsAX9uI5p1&edm=AOG-cTkBAAAA&ccb=7-5&oh=00_AfD9Nf1pkIww4X5J8VgfNPLr2TRBRUKS3cd1DbpevPK4WQ&oe=638F79F4&_nc_sid=282b66,false
30313532123,suryago777,Surya,https://instagram.fblr2-2.fna.fbcdn.net/v/t51.2885-19/317129835_2123675041138976_6428045386676947111_n.jpg?stp=dst-jpg_s150x150&_nc_ht=instagram.fblr2-2.fna.fbcdn.net&_nc_cat=108&_nc_ohc=LZbgW6qTpiQAX8RqtBj&edm=AOG-cTkBAAAA&ccb=7-5&oh=00_AfDXabZcpHn6tKRMfkwbD2_pmxzqdIIvtUHwX-LjxnvRgA&oe=638E49BB&_nc_sid=282b66,false
11360061673,harini_337,harini,https://instagram.fbkk3-3.fna.fbcdn.net/v/t51.2885-19/44884218_345707102882519_2446069589734326272_n.jpg?efg=eyJybWQiOiJpZ19hbmRyb2lkX21vYmlsZV9uZXR3b3JrX3N0YWNrX3RpZ29uX21uc18yNTlfcmJzX3Y1OnRpZ29uX2xpZ2VyIn0&_nc_ht=instagram.fbkk3-3.fna.fbcdn.net&_nc_cat=1&_nc_ohc=v6hG0j-H7LQAX8jO15e&edm=AJ9x6zYBAAAA&ccb=7-5&ig_cache_key=YW5vbnltb3VzX3Byb2ZpbGVfcGlj.2-ccb7-5&oh=00_AfB0H9BrGuJni1UKZUwKfTQQ2mDQxzQ-l_U-K-iAIM1khg&oe=638EA58F&_nc_sid=cff2a4,false
44448721970,krushikar02,krushikar reddy,https://instagram.fblr2-1.fna.fbcdn.net/v/t51.2885-19/137300347_2918939371764999_7164048172228664807_n.jpg?stp=dst-jpg_s150x150&_nc_ht=instagram.fblr2-1.fna.fbcdn.net&_nc_cat=103&_nc_ohc=yzQ0lEKNe8YAX8sO7Mg&edm=AOG-cTkBAAAA&ccb=7-5&oh=00_AfCF7rbLecJ6RiofyeBzJp6cHhoT4ojxQGxFx0070kTV_Q&oe=638E1D0A&_nc_sid=282b66,false
10682765721,fx.2dm,Mohammed Fahad Ibn Fayaz,https://instagram.fblr2-2.fna.fbcdn.net/v/t51.2885-19/296763399_549818240262957_3334937621891170106_n.jpg?stp=dst-jpg_s150x150&_nc_ht=instagram.fblr2-2.fna.fbcdn.net&_nc_cat=109&_nc_ohc=tEYgGJM76SMAX_Cs5FB&edm=AOG-cTkBAAAA&ccb=7-5&oh=00_AfC2JSJv7KCM-zbSjR-jZMtl_XIGQZc6c0HiK2soS4p7xQ&oe=638E01BC&_nc_sid=282b66,false
7101860742,faizu__008,Mohammed Faizan,https://instagram.fblr2-2.fna.fbcdn.net/v/t51.2885-19/308242792_1155838508680930_6442725750027113692_n.jpg?stp=dst-jpg_s150x150&_nc_ht=instagram.fblr2-2.fna.fbcdn.net&_nc_cat=110&_nc_ohc=zO5ASLr_mTEAX-nz_c_&edm=AOG-cTkBAAAA&ccb=7-5&oh=00_AfDNzDX4nyaZLcQlfo4PlWQnQn3cmHsAR0sE9E5_-H8DoA&oe=638EF420&_nc_sid=282b66,false
6247128253,abhiishek_v,APPU🦁,https://instagram.fblr2-2.fna.fbcdn.net/v/t51.2885-19/316439465_814825596456478_4709992474260368996_n.jpg?stp=dst-jpg_s150x150&_nc_ht=instagram.fblr2-2.fna.fbcdn.net&_nc_cat=110&_nc_ohc=RDmXWom79vEAX-DOEb5&edm=AOG-cTkBAAAA&ccb=7-5&oh=00_AfDgjVDMCgwSvpjLdyuS5Qhw2FGkHjYRRTaclIGBuWymCg&oe=638DB2F1&_nc_sid=282b66,false
16855954125,server_crash_,Shubhan Ravi,https://instagram.fblr2-2.fna.fbcdn.net/v/t51.2885-19/316122214_176521211623248_4567765772215572275_n.jpg?stp=dst-jpg_s150x150&_nc_ht=instagram.fblr2-2.fna.fbcdn.net&_nc_cat=100&_nc_ohc=Ot4HkLz_28QAX8vshO8&edm=AOG-cTkBAAAA&ccb=7-5&oh=00_AfABgUtH339JXwJf5DGWImsNHjwL_UHA7SWi2JA516Rlbw&oe=638F2129&_nc_sid=282b66,false
8677077110,srivatsa_31.me,Lakshmi Sai Srivatsa,https://instagram.fblr2-1.fna.fbcdn.net/v/t51.2885-19/284190623_765160235288154_4691249865977060295_n.jpg?stp=dst-jpg_s150x150&_nc_ht=instagram.fblr2-1.fna.fbcdn.net&_nc_cat=106&_nc_ohc=Sa3Tlxu9WTcAX_GDZue&edm=AOG-cTkBAAAA&ccb=7-5&oh=00_AfDM2QkfSQhRaN_-mrw77v3_fAtJn4OoSLFmKFsjwXSm6w&oe=638EE5C7&_nc_sid=282b66,false
13811872650,ishwarb_0238,Ishwar B,https://instagram.fblr2-2.fna.fbcdn.net/v/t51.2885-19/273402199_741930563439679_6608517552260175113_n.jpg?stp=dst-jpg_s150x150&_nc_ht=instagram.fblr2-2.fna.fbcdn.net&_nc_cat=107&_nc_ohc=1uXtXUxhUMEAX8WhdtB&edm=AOG-cTkBAAAA&ccb=7-5&oh=00_AfA-5-mfJrJ8mEmnzEoU4al_3jC-u0NFADZzqfpLKB2f1A&oe=638E81AD&_nc_sid=282b66,false
4162789941,ig_hemanth_official,Hemanth🧿,https://instagram.fblr2-2.fna.fbcdn.net/v/t51.2885-19/308101833_489926736337423_8112053781770486287_n.jpg?stp=dst-jpg_s150x150&_nc_ht=instagram.fblr2-2.fna.fbcdn.net&_nc_cat=107&_nc_ohc=R0pQ8dUDIiUAX8JMx3b&edm=AOG-cTkBAAAA&ccb=7-5&oh=00_AfD8cCsCQIY9lSprh2hUTMlteY5yIoZWTPqaDlgLIIXigQ&oe=638DC7B8&_nc_sid=282b66,false
3599622956,annoinenoinee,Anirudhhan,https://instagram.fblr2-1.fna.fbcdn.net/v/t51.2885-19/314478038_804297223959532_5638887242938416489_n.jpg?stp=dst-jpg_s150x150&_nc_ht=instagram.fblr2-1.fna.fbcdn.net&_nc_cat=104&_nc_ohc=7PGaDL9YftwAX_KFt_A&edm=AOG-cTkBAAAA&ccb=7-5&oh=00_AfDCq2TdBj--xmBiV9302R8blu4NTJotm5GE-Rb9qr4D_A&oe=638DDE0D&_nc_sid=282b66,false
12298408312,cs.parthasarathy,Cs parthasarathy,https://instagram.fblr2-1.fna.fbcdn.net/v/t51.2885-19/316364102_443628751263494_126697363825542025_n.jpg?stp=dst-jpg_s150x150&_nc_ht=instagram.fblr2-1.fna.fbcdn.net&_nc_cat=102&_nc_ohc=22SPYWv0s64AX9XJdMZ&tn=DBNlXcUCKOf1RGaQ&edm=AOG-cTkBAAAA&ccb=7-5&oh=00_AfCFeIkPmQWOryR2zskedbqLRiTBDPZKmAm2_Yo6xDd2Eg&oe=638EC2B6&_nc_sid=282b66,false
45274592360,nithin._parimi,NITHIN PARIMI,https://instagram.fblr2-1.fna.fbcdn.net/v/t51.2885-19/306724110_466872952010343_3016251637319168708_n.jpg?stp=dst-jpg_s150x150&_nc_ht=instagram.fblr2-1.fna.fbcdn.net&_nc_cat=103&_nc_ohc=EhXW_8iBXZcAX-yw1dH&tn=DBNlXcUCKOf1RGaQ&edm=AOG-cTkBAAAA&ccb=7-5&oh=00_AfAdfe52LX4-elgK5aF0z_mD6z39AFSHyZSz1YhDeKh5hQ&oe=638DFE14&_nc_sid=282b66,false
11799076807,manideep_vadlamani,వడ్లమాణి సాయి మణీదీప్,https://instagram.fblr2-2.fna.fbcdn.net/v/t51.2885-19/295881443_424029309680837_2111279507381252293_n.jpg?stp=dst-jpg_s150x150&_nc_ht=instagram.fblr2-2.fna.fbcdn.net&_nc_cat=105&_nc_ohc=8xs_Bf3RtYUAX9cvNLm&edm=AOG-cTkBAAAA&ccb=7-5&oh=00_AfCQaGqEGtAT9QmmvjGfDSodHLS4D-E9XstXZbMM-UxPVQ&oe=638DF777&_nc_sid=282b66,false
13965015254,chandrapoorna625,Poornachandra,https://instagram.fblr2-2.fna.fbcdn.net/v/t51.2885-19/72158489_1580677628741803_990499770051067904_n.jpg?stp=dst-jpg_s150x150&_nc_ht=instagram.fblr2-2.fna.fbcdn.net&_nc_cat=107&_nc_ohc=klEWorlR9UcAX9uJH9X&tn=DBNlXcUCKOf1RGaQ&edm=AOG-cTkBAAAA&ccb=7-5&oh=00_AfAjoOlYjnI2zxcSeuWOfLmevll5FdT8NOYqfSkRndI2zQ&oe=638E4102&_nc_sid=282b66,false
12182647256,beacon_beast04,,https://instagram.fblr2-1.fna.fbcdn.net/v/t51.2885-19/273116025_3320565721506098_6034167501121673935_n.jpg?stp=dst-jpg_s150x150&_nc_ht=instagram.fblr2-1.fna.fbcdn.net&_nc_cat=102&_nc_ohc=nb7XhrhFcCgAX9uamW5&tn=DBNlXcUCKOf1RGaQ&edm=AOG-cTkBAAAA&ccb=7-5&oh=00_AfAsx9hdu7sq86_n4f5JCHVLd2aXVVhqfzhXZT0uMXN5NA&oe=638F1E8B&_nc_sid=282b66,false
33843209648,mirage_x_photos,Rohith M R,https://instagram.fblr2-2.fna.fbcdn.net/v/t51.2885-19/292930331_439965288035314_3943700946826873670_n.jpg?stp=dst-jpg_s150x150&_nc_ht=instagram.fblr2-2.fna.fbcdn.net&_nc_cat=110&_nc_ohc=He2vp9rIoRwAX9XBJVH&edm=AOG-cTkBAAAA&ccb=7-5&oh=00_AfC7vsHpT5Z9UOazd_GiOo-hYSqW9WGGeU1weT3fPx9ffg&oe=638E9113&_nc_sid=282b66,false
35134436032,sukheth.k,Sukheth,https://instagram.fblr2-2.fna.fbcdn.net/v/t51.2885-19/220032036_141603171430848_8181463176948059235_n.jpg?stp=dst-jpg_s150x150&_nc_ht=instagram.fblr2-2.fna.fbcdn.net&_nc_cat=100&_nc_ohc=tluFw1K0aqYAX8Q5LWi&edm=AOG-cTkBAAAA&ccb=7-5&oh=00_AfAqwuuIOdH-prOErKTXJjyY3ajCUuxDv7RIs_aK3ZgffA&oe=638F32E2&_nc_sid=282b66,false
7675511716,bosstime7,Puneeth,https://instagram.fblr2-1.fna.fbcdn.net/v/t51.2885-19/40264246_1801463909970890_2115888678864683008_n.jpg?stp=dst-jpg_s150x150&_nc_ht=instagram.fblr2-1.fna.fbcdn.net&_nc_cat=102&_nc_ohc=6IhgCFPa6BsAX81NkVE&tn=DBNlXcUCKOf1RGaQ&edm=AOG-cTkBAAAA&ccb=7-5&oh=00_AfDylu7s4PSLy-yr-jdMMpVCM1Lmkzjt5soulzWsxlBcJA&oe=638ED4D3&_nc_sid=282b66,false
45218594940,_definitelyhomadveep0803_,Homadveep Ravirala,https://instagram.fblr2-2.fna.fbcdn.net/v/t51.2885-19/286084194_692379598534783_321512149007993587_n.jpg?stp=dst-jpg_s150x150&_nc_ht=instagram.fblr2-2.fna.fbcdn.net&_nc_cat=107&_nc_ohc=rDtjeS4-dR8AX9hwpZg&tn=DBNlXcUCKOf1RGaQ&edm=AOG-cTkBAAAA&ccb=7-5&oh=00_AfAC5m06IVPzFwy_NwZSEVAqie5pXELLH43d64e3witVLw&oe=638EDD90&_nc_sid=282b66,false
12068511640,im.nandhakumar,Nandha Kumar,https://instagram.fblr2-2.fna.fbcdn.net/v/t51.2885-19/295225675_3218966701693955_3803403984774296367_n.jpg?stp=dst-jpg_s150x150&_nc_ht=instagram.fblr2-2.fna.fbcdn.net&_nc_cat=111&_nc_ohc=lC7fUR1aLIoAX-9zBG3&edm=AOG-cTkBAAAA&ccb=7-5&oh=00_AfBHytRJVm_wX-6R-YqKuvKhNf6HZFXMRL3Fdpo1ReP0JQ&oe=638F3D03&_nc_sid=282b66,false
4992089116,jeev_1.pranav,,https://instagram.fkhh1-2.fna.fbcdn.net/v/t51.2885-19/44884218_345707102882519_2446069589734326272_n.jpg?_nc_ht=instagram.fkhh1-2.fna.fbcdn.net&_nc_cat=1&_nc_ohc=v6hG0j-H7LQAX_FtYIe&edm=ALXcmt0BAAAA&ccb=7-5&ig_cache_key=YW5vbnltb3VzX3Byb2ZpbGVfcGlj.2-ccb7-5&oh=00_AfDkIwXx28HFL_V_4Q2SsEzQnBRdj-85MTqWsrN1l4FIZw&oe=638EA58F&_nc_sid=19f95a,false
7274618615,_rohith_m_r__,Rohith M R,https://instagram.fblr2-2.fna.fbcdn.net/v/t51.2885-19/296433062_996169111051784_318939684332506207_n.jpg?stp=dst-jpg_s150x150&_nc_ht=instagram.fblr2-2.fna.fbcdn.net&_nc_cat=108&_nc_ohc=-LKZkkB9ykIAX-8gu8K&edm=AOG-cTkBAAAA&ccb=7-5&oh=00_AfBZ0P6FWKTFArr-iTtvSaklM7ItZ6cnqq7WDNH9AbM6bA&oe=638DC68F&_nc_sid=282b66,false
8144452509,aniruddh_1907,Aniruddh Mantrala,https://instagram.fblr2-2.fna.fbcdn.net/v/t51.2885-19/316470658_1385221902227984_5419981281023588266_n.jpg?stp=dst-jpg_s150x150&_nc_ht=instagram.fblr2-2.fna.fbcdn.net&_nc_cat=108&_nc_ohc=qwWDfdkUV8UAX814yX2&tn=DBNlXcUCKOf1RGaQ&edm=AOG-cTkBAAAA&ccb=7-5&oh=00_AfD3UBzDT9f1GLQjBek356p24suapkRvjuZaKsYosHiHIA&oe=638EDDC0&_nc_sid=282b66,false
