id,userName,fullName,profilePicUrl,isVerified
54010825257,_abhinav__chauhan__,Abhinav Chauhan,https://instagram.fblr20-2.fna.fbcdn.net/v/t51.2885-19/289723599_594229095355506_7215533159091452702_n.jpg?stp=dst-jpg_s150x150&_nc_ht=instagram.fblr20-2.fna.fbcdn.net&_nc_cat=106&_nc_ohc=fI8fotcnbRsAX9tyGPA&edm=AOG-cTkBAAAA&ccb=7-5&oh=00_AfBWqQ4bXSZlY3gtfjvuhHrfDhRCf7DVrS_qqyt94QdxaQ&oe=638E6F56&_nc_sid=282b66,false
52590523950,mr.meharaj_,MR. Meharaj,https://instagram.fblr20-2.fna.fbcdn.net/v/t51.2885-19/317023294_179477114672366_3046000976135181378_n.jpg?stp=dst-jpg_s150x150&_nc_ht=instagram.fblr20-2.fna.fbcdn.net&_nc_cat=102&_nc_ohc=xwodl_71DawAX_r1IdE&edm=AOG-cTkBAAAA&ccb=7-5&oh=00_AfDQuN9LhJDOQDHqT9tfeccBYOj7NxEniBGTjfVu9RKYtw&oe=638DD14C&_nc_sid=282b66,false
55699175426,lakshita_ls,Lakshita🌸,https://instagram.fblr20-2.fna.fbcdn.net/v/t51.2885-19/309133417_1050115089009570_6614560969787528554_n.jpg?stp=dst-jpg_s150x150&_nc_ht=instagram.fblr20-2.fna.fbcdn.net&_nc_cat=106&_nc_ohc=9CFFAD1fmQIAX-xMvFI&edm=AOG-cTkBAAAA&ccb=7-5&oh=00_AfAiG82A5yWq9zaIo3hIdE3R4uYTUH7NK1xO_EWFEaTWJw&oe=638E8BB6&_nc_sid=282b66,false
48734347846,_yashaswi17_,yashaswi singh,https://instagram.fblr20-1.fna.fbcdn.net/v/t51.2885-19/212083542_772190403473350_2695500488690881042_n.jpg?stp=dst-jpg_s150x150&_nc_ht=instagram.fblr20-1.fna.fbcdn.net&_nc_cat=110&_nc_ohc=ivUfgKuYTooAX_weVBY&edm=AOG-cTkBAAAA&ccb=7-5&oh=00_AfDhMB6i9EVj9D4ECggTzYIdV8YlBYZdpZd_AXWy7NpvxQ&oe=638E3376&_nc_sid=282b66,false
52762928576,sayandutta094,sayanduttabs 0259,https://instagram.fblr20-3.fna.fbcdn.net/v/t51.2885-19/317195260_669768697887457_2854608060794076695_n.jpg?stp=dst-jpg_s150x150&_nc_ht=instagram.fblr20-3.fna.fbcdn.net&_nc_cat=101&_nc_ohc=NQrhHXqLIEcAX9uQ9d0&edm=AOG-cTkBAAAA&ccb=7-5&oh=00_AfAnmyAdCrSZ1dzB-C5rlAsfKt_VWr_qztLzHm1-yxJnqA&oe=638E79E4&_nc_sid=282b66,false
57127360025,rit_bajrangdal,,https://instagram.fblr20-2.fna.fbcdn.net/v/t51.2885-19/317061070_862424618266403_7554996165351917970_n.jpg?stp=dst-jpg_s150x150&_nc_ht=instagram.fblr20-2.fna.fbcdn.net&_nc_cat=111&_nc_ohc=H9FiPlGoO1YAX882Wny&edm=AOG-cTkBAAAA&ccb=7-5&oh=00_AfCgzurAARRbmxiC_oP8VYbMFIEdH7qZ6-xgplZnynKhsA&oe=638D9E87&_nc_sid=282b66,false
3646974827,karthikgowda141,Karthik Gowda,https://instagram.fblr20-1.fna.fbcdn.net/v/t51.2885-19/313187168_168506799159622_6638450473467787227_n.jpg?stp=dst-jpg_s150x150&_nc_ht=instagram.fblr20-1.fna.fbcdn.net&_nc_cat=110&_nc_ohc=_eGs46erfCkAX-7DQdc&edm=AOG-cTkBAAAA&ccb=7-5&oh=00_AfDSGHrGfhA-3vGw_zfVV60U0Rq55Jt6Xc_PLQexcj36Ow&oe=638DD9F8&_nc_sid=282b66,false
32655326530,x._ballistic_.x,Adrish🦅,https://instagram.fblr20-2.fna.fbcdn.net/v/t51.2885-19/316298802_1149119915736815_1109181252278879663_n.jpg?stp=dst-jpg_s150x150&_nc_ht=instagram.fblr20-2.fna.fbcdn.net&_nc_cat=111&_nc_ohc=EhhnRGIPFIcAX90wxID&edm=AOG-cTkBAAAA&ccb=7-5&oh=00_AfDhHQDxjkuGV0pVPriJdRuBW0UxdOxl3YpwgdUwwGhMhg&oe=638D126F&_nc_sid=282b66,false
22486852328,____.sindhu.___,𝖘𝖎𝖓𝖉𝖍𝖚,https://instagram.fblr20-3.fna.fbcdn.net/v/t51.2885-19/314494412_170675142296269_708236332163943492_n.jpg?stp=dst-jpg_s150x150&_nc_ht=instagram.fblr20-3.fna.fbcdn.net&_nc_cat=101&_nc_ohc=ZfvQSeqOzJAAX-hl2FV&edm=AOG-cTkBAAAA&ccb=7-5&oh=00_AfAQHwj1eCphN90qFuizfbYLHrd5Q6Gc_7uK7AeVfsXwzg&oe=638DEED6&_nc_sid=282b66,false
55177490721,raomangalsingh171,पावन स्टील,https://instagram.fblr20-2.fna.fbcdn.net/v/t51.2885-19/307624865_417344537149434_4904398470850018646_n.jpg?stp=dst-jpg_s150x150&_nc_ht=instagram.fblr20-2.fna.fbcdn.net&_nc_cat=106&_nc_ohc=KTV-mXjyKBsAX9id5cI&edm=AOG-cTkBAAAA&ccb=7-5&oh=00_AfAr_t3X--Xj-ELqJT4x4_cDPcfSHSsWEtMhFNakA-E-xw&oe=638E2A20&_nc_sid=282b66,false
55649508869,jobinmetrocities,Job In Metro Cities,https://instagram.fblr20-2.fna.fbcdn.net/v/t51.2885-19/312728898_5967063673325932_5128411579205750418_n.jpg?stp=dst-jpg_s150x150&_nc_ht=instagram.fblr20-2.fna.fbcdn.net&_nc_cat=104&_nc_ohc=4OL10A8FfP8AX8DBOlO&tn=0CjN_rVN9B-0nI5k&edm=AOG-cTkBAAAA&ccb=7-5&oh=00_AfDjpZgtKskkVskJLC-hdGvsqiJ0jI0aIaoyIX5Z13DRWw&oe=638E0116&_nc_sid=282b66,false
7200107522,soumita_nandi_,Soumita,https://instagram.fblr20-1.fna.fbcdn.net/v/t51.2885-19/284354836_267347522232403_3641902585695364437_n.jpg?stp=dst-jpg_s150x150&_nc_ht=instagram.fblr20-1.fna.fbcdn.net&_nc_cat=107&_nc_ohc=UCS4UtvJvxMAX_ktQW_&edm=AOG-cTkBAAAA&ccb=7-5&oh=00_AfDVAYLPPQAmf4mzL7jxw3ByHke-F_7i8D5mEWk3FXfzrQ&oe=638E5515&_nc_sid=282b66,false
5669055882,the_unexpected_desire,Avipsa Das (Simly),https://instagram.fblr20-2.fna.fbcdn.net/v/t51.2885-19/310954912_622078542691202_14182400208522486_n.jpg?stp=dst-jpg_s150x150&_nc_ht=instagram.fblr20-2.fna.fbcdn.net&_nc_cat=102&_nc_ohc=_6pWkKlnfnUAX8snL8o&edm=AOG-cTkBAAAA&ccb=7-5&oh=00_AfDLiseLfRUBGM24i0f--wdBBEhicYNTQAWgitOmj0KtXA&oe=638D6A2A&_nc_sid=282b66,false
4285803336,arnab7122,Arnab Dey,https://instagram.fblr20-3.fna.fbcdn.net/v/t51.2885-19/311639512_164469046186609_921986375234553356_n.jpg?stp=dst-jpg_s150x150&_nc_ht=instagram.fblr20-3.fna.fbcdn.net&_nc_cat=101&_nc_ohc=rAFGQnowrRsAX8WiLWs&tn=0CjN_rVN9B-0nI5k&edm=AOG-cTkBAAAA&ccb=7-5&oh=00_AfBswxumiO42mBAeb1xqGBE9QScpopUhkM8VH5lNvFtFdQ&oe=638D9E07&_nc_sid=282b66,false
6015382794,bhaswati.pal.96,Bhaswati Pal,https://instagram.fblr20-2.fna.fbcdn.net/v/t51.2885-19/243994339_1059333378153474_7638048936284984437_n.jpg?stp=dst-jpg_s150x150&_nc_ht=instagram.fblr20-2.fna.fbcdn.net&_nc_cat=106&_nc_ohc=NRF7bsRs7NoAX-sQu9z&edm=AOG-cTkBAAAA&ccb=7-5&oh=00_AfCdFwiS1IvW_H6TreNmiUnqJcJdyjLINvA3xc9Jr688iA&oe=638D4FC3&_nc_sid=282b66,false
56345705087,uncensored_shitz,,https://instagram.fblr20-2.fna.fbcdn.net/v/t51.2885-19/317147013_6074979509179794_1537950653301888039_n.jpg?stp=dst-jpg_s150x150&_nc_ht=instagram.fblr20-2.fna.fbcdn.net&_nc_cat=106&_nc_ohc=BuP2mxfrrx0AX_lNmPM&edm=AOG-cTkBAAAA&ccb=7-5&oh=00_AfDzNtoDi6Vu_cKn_8q7bFPN08uM1yjeSBbwAcfhuCCIEA&oe=638CEB6D&_nc_sid=282b66,false
51680216080,anupamsarkar_gd_dv,Anupam Sarkar,https://instagram.fblr20-1.fna.fbcdn.net/v/t51.2885-19/313304289_173481538668667_3266550059863257_n.jpg?stp=dst-jpg_s150x150&_nc_ht=instagram.fblr20-1.fna.fbcdn.net&_nc_cat=107&_nc_ohc=e5b0uI6Cuq0AX9Pm_8_&edm=AOG-cTkBAAAA&ccb=7-5&oh=00_AfAuEqFc0Ddk6-1KYE3Ikvy_-Gqwa5C9JuZzhp_WY7mUOw&oe=638E0830&_nc_sid=282b66,false
28343565622,bharatroyhp311994,Bharat Roy,https://instagram.fblr20-3.fna.fbcdn.net/v/t51.2885-19/279268951_322979366611069_9072015040047438805_n.jpg?stp=dst-jpg_s150x150&_nc_ht=instagram.fblr20-3.fna.fbcdn.net&_nc_cat=101&_nc_ohc=aI2qbCC8oaYAX9hZlGH&edm=AOG-cTkBAAAA&ccb=7-5&oh=00_AfDPe_dcqtHUMQhyiWpZwRP68tr5uVl_7C4fOCIYHUj20g&oe=638DBC08&_nc_sid=282b66,false
7343330409,artish_oo7,Artish saha,https://instagram.fblr20-2.fna.fbcdn.net/v/t51.2885-19/128125716_393335481990520_6625923629613322512_n.jpg?stp=dst-jpg_s150x150&_nc_ht=instagram.fblr20-2.fna.fbcdn.net&_nc_cat=104&_nc_ohc=ZRFtUWAy43QAX-MzIwG&edm=AOG-cTkBAAAA&ccb=7-5&oh=00_AfCCA7piGrNpf7wb-Ptdr9d0Q5P89tMHxJ6JGjpdAkZsJA&oe=638D7584&_nc_sid=282b66,false
30889278725,lisa_saren,🔥𝑀𝑖𝑠𝑠_ 𝐴𝑇𝑇𝐼𝑇𝑈𝐷𝐸_𝐺𝑖𝑟𝑙🔥,https://instagram.ftpe3-2.fna.fbcdn.net/v/t51.2885-19/44884218_345707102882519_2446069589734326272_n.jpg?_nc_ht=instagram.ftpe3-2.fna.fbcdn.net&_nc_cat=1&_nc_ohc=v6hG0j-H7LQAX8_A9dO&edm=AEF8tYYBAAAA&ccb=7-5&ig_cache_key=YW5vbnltb3VzX3Byb2ZpbGVfcGlj.2-ccb7-5&oh=00_AfD_L1xmBwvd_MoCOc0Ad5v0jdBh54iSPasUdbNYwz2HhA&oe=638EA58F&_nc_sid=a9513d,false
9447263885,_txmxnnax_,Tamanna ❤✨,https://instagram.fblr20-3.fna.fbcdn.net/v/t51.2885-19/315921381_868913217461700_3822069575207873980_n.jpg?stp=dst-jpg_s150x150&_nc_ht=instagram.fblr20-3.fna.fbcdn.net&_nc_cat=100&_nc_ohc=_5xc3Ji_KWIAX9p4Oyl&edm=AOG-cTkBAAAA&ccb=7-5&oh=00_AfDfIM33mfD2QrErFSyx5yhJ3oURjL6cY-K45yN2Qtw9_A&oe=638D17CF&_nc_sid=282b66,false
55569303407,anand10radhe03,Anand Radhe,https://instagram.fblr20-2.fna.fbcdn.net/v/t51.2885-19/311096528_643748620704954_1420743087320128379_n.jpg?stp=dst-jpg_s150x150&_nc_ht=instagram.fblr20-2.fna.fbcdn.net&_nc_cat=106&_nc_ohc=pc6U369JgucAX8qyIAS&edm=AOG-cTkBAAAA&ccb=7-5&oh=00_AfCViEEh1yHhn3DvOq_4lWNR4-PfQvzfxeRVGvKCdIw9Kg&oe=638D2253&_nc_sid=282b66,false
55579978536,jaydencruzsings2,Jayden Cruz (Old Account),https://instagram.fblr20-1.fna.fbcdn.net/v/t51.2885-19/311826985_1477917036013822_7962576642257539642_n.jpg?stp=dst-jpg_s150x150&_nc_ht=instagram.fblr20-1.fna.fbcdn.net&_nc_cat=110&_nc_ohc=vvnIJShPdw0AX-65o4I&edm=AOG-cTkBAAAA&ccb=7-5&oh=00_AfDnqxxgMLutha2m17VUv0eEm3MtMYNFO-gZILvRz5lytQ&oe=638DD4FF&_nc_sid=282b66,false
33051118676,amolsalve88,Amol salve,https://instagram.fblr20-1.fna.fbcdn.net/v/t51.2885-19/95766270_1129992847349744_520550010505396224_n.jpg?stp=dst-jpg_s150x150&_nc_ht=instagram.fblr20-1.fna.fbcdn.net&_nc_cat=108&_nc_ohc=ElFLfWJHhzQAX_WbngL&edm=AOG-cTkBAAAA&ccb=7-5&oh=00_AfBGA0VYxUlazYByPToZ997fQ-PzfvxnQ-YRHnjnK-Op0w&oe=638D34EF&_nc_sid=282b66,false
54445569547,twinklemukherjee80,Twinkle Mukherjee,https://instagram.fblr20-3.fna.fbcdn.net/v/t51.2885-19/297627523_186896227032437_7569840908393283497_n.jpg?stp=dst-jpg_s150x150&_nc_ht=instagram.fblr20-3.fna.fbcdn.net&_nc_cat=105&_nc_ohc=bbSqZa3A4PQAX84dIfG&edm=AOG-cTkBAAAA&ccb=7-5&oh=00_AfDQkfFF_7Guatb5qby_kVLJWuuxyHMWLyjoqXj54ldEvg&oe=638E7EBD&_nc_sid=282b66,false
53229947165,dezz2004,ddddd,https://instagram.ftpe3-2.fna.fbcdn.net/v/t51.2885-19/44884218_345707102882519_2446069589734326272_n.jpg?_nc_ht=instagram.ftpe3-2.fna.fbcdn.net&_nc_cat=1&_nc_ohc=v6hG0j-H7LQAX8_A9dO&edm=AEF8tYYBAAAA&ccb=7-5&ig_cache_key=YW5vbnltb3VzX3Byb2ZpbGVfcGlj.2-ccb7-5&oh=00_AfD_L1xmBwvd_MoCOc0Ad5v0jdBh54iSPasUdbNYwz2HhA&oe=638EA58F&_nc_sid=a9513d,false
6262181525,_purely_fictitious_,ARPAN CHAKRABORTY,https://instagram.fblr20-2.fna.fbcdn.net/v/t51.2885-19/315603093_5884396344957174_9049324509191636459_n.jpg?stp=dst-jpg_s150x150&_nc_ht=instagram.fblr20-2.fna.fbcdn.net&_nc_cat=106&_nc_ohc=9PTqrSURxpQAX8EsuuG&edm=AOG-cTkBAAAA&ccb=7-5&oh=00_AfBitjri1NI23zY1_yT-03zpw3cI_e3sYT5dJN_Hwe6cfA&oe=638DDAD5&_nc_sid=282b66,false
26568619592,__miss_prithaaa_____,𝕻𝖗𝖎𝖙𝖍𝖆 𝕲𝖍𝖔𝖘𝖍,https://instagram.fblr20-1.fna.fbcdn.net/v/t51.2885-19/315448612_675372820670865_1163828362794008011_n.jpg?stp=dst-jpg_s150x150&_nc_ht=instagram.fblr20-1.fna.fbcdn.net&_nc_cat=109&_nc_ohc=fh6fHSo1RRYAX9HeyHJ&edm=AOG-cTkBAAAA&ccb=7-5&oh=00_AfB5Kk3K8xWFSPAhXUAHD4MrS9jvQAujKUZJY7679H2XcQ&oe=638D884E&_nc_sid=282b66,false
34006379740,sagnik.chakraborty_11,Sagnik Chakraborty,https://instagram.fblr20-1.fna.fbcdn.net/v/t51.2885-19/310446227_599320428644842_1112680373939932852_n.jpg?stp=dst-jpg_s150x150&_nc_ht=instagram.fblr20-1.fna.fbcdn.net&_nc_cat=110&_nc_ohc=YtzlMWMlWmgAX8nlxoL&edm=AOG-cTkBAAAA&ccb=7-5&oh=00_AfAJUdMpr_ARem2psxckNvsYCJemNW7o7RG5AndUYQqoqQ&oe=638E249C&_nc_sid=282b66,false
48187175253,anshu.agarwal_24,,https://instagram.fblr20-1.fna.fbcdn.net/v/t51.2885-19/314428483_807895010494268_7051956495578678362_n.jpg?stp=dst-jpg_s150x150&_nc_ht=instagram.fblr20-1.fna.fbcdn.net&_nc_cat=108&_nc_ohc=AQC9XL-zWJgAX_908FS&edm=AOG-cTkBAAAA&ccb=7-5&oh=00_AfDNvLNuAkFM3e1kivSQ5ViYldiUnAM0RqWly8LHfNhyYQ&oe=638DA4F2&_nc_sid=282b66,false
24840971843,jr_arpan,Arpan Jain,https://instagram.fblr20-3.fna.fbcdn.net/v/t51.2885-19/316003865_950932145883300_345498679154170764_n.jpg?stp=dst-jpg_s150x150&_nc_ht=instagram.fblr20-3.fna.fbcdn.net&_nc_cat=100&_nc_ohc=_BZO9UjWmMUAX-1hRLd&tn=0CjN_rVN9B-0nI5k&edm=AOG-cTkBAAAA&ccb=7-5&oh=00_AfCWqyFY7YIg-hL82VlX6iIYyWztKBcuehyTsNBEUnaZ5A&oe=638DF66F&_nc_sid=282b66,false
48659588719,_am_coco,🥤,https://instagram.ftpe3-2.fna.fbcdn.net/v/t51.2885-19/44884218_345707102882519_2446069589734326272_n.jpg?_nc_ht=instagram.ftpe3-2.fna.fbcdn.net&_nc_cat=1&_nc_ohc=v6hG0j-H7LQAX8_A9dO&edm=AEF8tYYBAAAA&ccb=7-5&ig_cache_key=YW5vbnltb3VzX3Byb2ZpbGVfcGlj.2-ccb7-5&oh=00_AfD_L1xmBwvd_MoCOc0Ad5v0jdBh54iSPasUdbNYwz2HhA&oe=638EA58F&_nc_sid=a9513d,false
14486487535,krazy_dtrzz,ritwika,https://instagram.fblr20-1.fna.fbcdn.net/v/t51.2885-19/317274630_1338680153620063_3544455825213675796_n.jpg?stp=dst-jpg_s150x150&_nc_ht=instagram.fblr20-1.fna.fbcdn.net&_nc_cat=107&_nc_ohc=-X85b5qCXJMAX-rVm20&edm=AOG-cTkBAAAA&ccb=7-5&oh=00_AfBz2qyXxwC4jyKoX-cHjTSG1pKAmID0qfYhu4iPX5CO4Q&oe=638D53B0&_nc_sid=282b66,false
46728194914,i_m_anjali15,Anjali jha💖,https://instagram.fblr20-1.fna.fbcdn.net/v/t51.2885-19/317134269_840645123811665_6276446957017364349_n.jpg?stp=dst-jpg_s150x150&_nc_ht=instagram.fblr20-1.fna.fbcdn.net&_nc_cat=109&_nc_ohc=pxMdBUZS07cAX8SHigm&edm=AOG-cTkBAAAA&ccb=7-5&oh=00_AfBraLrhnRaw1x3yXNsArXgXCMXvZ-PHnvliaIohIztGNw&oe=638E2876&_nc_sid=282b66,false
17552655333,myself_shivajyoti_,Shivajyoti Banerjee,https://instagram.fblr20-1.fna.fbcdn.net/v/t51.2885-19/313228363_649221403498054_4997496352653053686_n.jpg?stp=dst-jpg_s150x150&_nc_ht=instagram.fblr20-1.fna.fbcdn.net&_nc_cat=110&_nc_ohc=kO7aIyhC5dsAX8yxUUv&edm=AOG-cTkBAAAA&ccb=7-5&oh=00_AfCh5MLHt6O1DqaF-Lkp9emWxUuXRYiYtrHY3_uiJAb4IQ&oe=638EBBC2&_nc_sid=282b66,false
53606654613,life_of_darkness____,Satan,https://instagram.fblr20-2.fna.fbcdn.net/v/t51.2885-19/313502326_3271453786436116_4338771268085582775_n.jpg?stp=dst-jpg_s150x150&_nc_ht=instagram.fblr20-2.fna.fbcdn.net&_nc_cat=104&_nc_ohc=33x8OlE3aLsAX8LfECk&edm=AOG-cTkBAAAA&ccb=7-5&oh=00_AfBK3ncDasvlVht7V9Aupd4Uw8jpLut83uh6Zt4ocfl8rw&oe=638ED099&_nc_sid=282b66,false
48305724332,_____srijeeta_____,.....❤️🥀Srijeeta Mukherjee❤️🥀.....,https://instagram.fblr20-3.fna.fbcdn.net/v/t51.2885-19/305268439_585243069812177_7103768568387752010_n.jpg?stp=dst-jpg_s150x150&_nc_ht=instagram.fblr20-3.fna.fbcdn.net&_nc_cat=105&_nc_ohc=RLvjplW8TlAAX8NSesK&edm=AOG-cTkBAAAA&ccb=7-5&oh=00_AfDsuMNL7dmVmimXAu0OlEzIq4d2QWQpNOJlPXWhIWpUgA&oe=638DBD33&_nc_sid=282b66,false
34453378342,tris.ha125,тяιѕнα ♡,https://instagram.fblr20-2.fna.fbcdn.net/v/t51.2885-19/270435684_881043655897046_1806694869458302061_n.jpg?stp=dst-jpg_s150x150&_nc_ht=instagram.fblr20-2.fna.fbcdn.net&_nc_cat=102&_nc_ohc=-4q0kP6sl7sAX_iZGy3&edm=AOG-cTkBAAAA&ccb=7-5&oh=00_AfC1Nbn1QwyRgZZB3pimVA82khmuGm_2-CKay61JaqihNA&oe=638E8A9C&_nc_sid=282b66,false
53604324274,____sohini__ghosh____,sohini___ghosh,https://instagram.fblr20-2.fna.fbcdn.net/v/t51.2885-19/313040952_142390781603786_6864185056299992545_n.jpg?stp=dst-jpg_s150x150&_nc_ht=instagram.fblr20-2.fna.fbcdn.net&_nc_cat=102&_nc_ohc=hjuSSbE2NMEAX854cJD&edm=AOG-cTkBAAAA&ccb=7-5&oh=00_AfCdpFdPEDOQ5u81My4LKDMfsAGUbsBagzj7e1vjliz0xw&oe=638D2ECE&_nc_sid=282b66,false
35592362544,vibhagarwal24,Vibha Agarwal,https://instagram.fblr20-1.fna.fbcdn.net/v/t51.2885-19/317521813_138279059005870_4771155081795253064_n.jpg?stp=dst-jpg_s150x150&_nc_ht=instagram.fblr20-1.fna.fbcdn.net&_nc_cat=110&_nc_ohc=fE0hRcWQ_L4AX9svHXa&edm=AOG-cTkBAAAA&ccb=7-5&oh=00_AfDZpztd7y9H7Gt5SRlh38nxT9ChRjlS3G1oMgda1xUTBQ&oe=638DCDAF&_nc_sid=282b66,false
8489571779,debzz.dgaf,debopriya i swear 🎃,https://instagram.fblr20-3.fna.fbcdn.net/v/t51.2885-19/314645083_388211526779333_8516934608082018609_n.jpg?stp=dst-jpg_s150x150&_nc_ht=instagram.fblr20-3.fna.fbcdn.net&_nc_cat=105&_nc_ohc=6b_JxR2BSQEAX8ozcGi&edm=AOG-cTkBAAAA&ccb=7-5&oh=00_AfBPjqjEujHQhWnAWJPuboaGn8n9iXkDurL_BzbifG17iA&oe=638D99E5&_nc_sid=282b66,false
52179479627,_not_an_artist_u2be,~Srijani Roy~,https://instagram.fblr20-3.fna.fbcdn.net/v/t51.2885-19/316753259_698478381526541_4210422991239207837_n.jpg?stp=dst-jpg_s150x150&_nc_ht=instagram.fblr20-3.fna.fbcdn.net&_nc_cat=105&_nc_ohc=a18AsRfvNLEAX-CmYf-&edm=AOG-cTkBAAAA&ccb=7-5&oh=00_AfBhT4tRl_a4GQvR70oSGIP3t9tzvponOLMwMQKPnjSmeA&oe=638E04FB&_nc_sid=282b66,false
54135423134,tamanna_bahety_07,Tamanna Bahety,https://instagram.fblr20-3.fna.fbcdn.net/v/t51.2885-19/294567903_1235482357207356_1564757257254313872_n.jpg?stp=dst-jpg_s150x150&_nc_ht=instagram.fblr20-3.fna.fbcdn.net&_nc_cat=100&_nc_ohc=DmgB0Zqr1BoAX9rsh2i&edm=AOG-cTkBAAAA&ccb=7-5&oh=00_AfBKiJuhWVl_Ft6m4S9ixIcmK2cV6YVSE278-jqjQgiDxw&oe=638ED1B9&_nc_sid=282b66,false
42784375337,devjit675,Devjit Bhattacharya,https://instagram.fblr20-2.fna.fbcdn.net/v/t51.2885-19/315655261_1372994296567986_1351184669046311054_n.jpg?stp=dst-jpg_s150x150&_nc_ht=instagram.fblr20-2.fna.fbcdn.net&_nc_cat=106&_nc_ohc=-7jH8yNgWKIAX8sCxxd&edm=AOG-cTkBAAAA&ccb=7-5&oh=00_AfAOeR_GbTEcj0kRpTobqfrjqrMs3v3hV7ryw7xV4UaAgw&oe=638E0DBD&_nc_sid=282b66,false
7608816402,anurag.pratap.526,Anurag Pratap,https://instagram.fluh3-2.fna.fbcdn.net/v/t51.2885-19/44884218_345707102882519_2446069589734326272_n.jpg?efg=eyJybWQiOiJpZ19hbmRyb2lkX21vYmlsZV9uZXR3b3JrX3N0YWNrX3F1aWNfaGFwcHlfZXllYmFsbHNfMzp0aWdvbl9tbnMifQ&_nc_ht=instagram.fluh3-2.fna.fbcdn.net&_nc_cat=1&_nc_ohc=v6hG0j-H7LQAX-6-y0I&edm=AA0lj5EBAAAA&ccb=7-5&ig_cache_key=YW5vbnltb3VzX3Byb2ZpbGVfcGlj.2-ccb7-5&oh=00_AfClFEw8bJ4NCxn37TMIqlj4vMvQTJkgrNmOJ6sh1hDwIQ&oe=638EA58F&_nc_sid=3add00,false
49160738674,rahulsaha2361,rahul saha,https://instagram.fblr20-3.fna.fbcdn.net/v/t51.2885-19/240718714_864373290865815_8925424193297836662_n.jpg?stp=dst-jpg_s150x150&_nc_ht=instagram.fblr20-3.fna.fbcdn.net&_nc_cat=103&_nc_ohc=nBj_P-PpHu4AX8w04Nh&edm=AOG-cTkBAAAA&ccb=7-5&oh=00_AfDZD7xdEHUu__QSt1j6RhFIUJUKwW0-y8bW1DPtzPF2HQ&oe=638D5306&_nc_sid=282b66,false
33490147823,anuragkumar_mani9678,Anurag Kumar Mani,https://instagram.fblr20-2.fna.fbcdn.net/v/t51.2885-19/94180639_353684295587334_239193871244853248_n.jpg?stp=dst-jpg_s150x150&_nc_ht=instagram.fblr20-2.fna.fbcdn.net&_nc_cat=106&_nc_ohc=RUOHDSf95M0AX87nLqe&tn=0CjN_rVN9B-0nI5k&edm=AOG-cTkBAAAA&ccb=7-5&oh=00_AfBlqA__gY1fu2GeOdWcsQfZ5utwxRIwdK04Q4woLK-9Pg&oe=638DD2C0&_nc_sid=282b66,false
39375174670,_arkaholic_,Arka🥀,https://instagram.fblr20-3.fna.fbcdn.net/v/t51.2885-19/287483047_594602101845288_4863797345721352878_n.jpg?stp=dst-jpg_s150x150&_nc_ht=instagram.fblr20-3.fna.fbcdn.net&_nc_cat=100&_nc_ohc=YmdKjc50wSIAX9T_jHG&tn=0CjN_rVN9B-0nI5k&edm=AOG-cTkBAAAA&ccb=7-5&oh=00_AfAULiKzuEbFab_Zbnv5ak4pcZo8SHzZfghV_GBI-Hcf4w&oe=638EC4FE&_nc_sid=282b66,false
46475928529,raju.ghosh.88,Raju Ghosh,https://instagram.fblr20-1.fna.fbcdn.net/v/t51.2885-19/172628694_495410168535644_2666084442237956434_n.jpg?stp=dst-jpg_s150x150&_nc_ht=instagram.fblr20-1.fna.fbcdn.net&_nc_cat=108&_nc_ohc=G7UQtY0_OAAAX9_tkkY&edm=AOG-cTkBAAAA&ccb=7-5&oh=00_AfDMUI9boWQLuAZ_LJJFj-Pv1t_PPvtK48o_Fgr51WlBAA&oe=638ED46D&_nc_sid=282b66,false
53118222599,dezzz7793,Dezzz77,https://instagram.fluh3-2.fna.fbcdn.net/v/t51.2885-19/44884218_345707102882519_2446069589734326272_n.jpg?efg=eyJybWQiOiJpZ19hbmRyb2lkX21vYmlsZV9uZXR3b3JrX3N0YWNrX3F1aWNfaGFwcHlfZXllYmFsbHNfMzp0aWdvbl9tbnMifQ&_nc_ht=instagram.fluh3-2.fna.fbcdn.net&_nc_cat=1&_nc_ohc=v6hG0j-H7LQAX-6-y0I&edm=AA0lj5EBAAAA&ccb=7-5&ig_cache_key=YW5vbnltb3VzX3Byb2ZpbGVfcGlj.2-ccb7-5&oh=00_AfClFEw8bJ4NCxn37TMIqlj4vMvQTJkgrNmOJ6sh1hDwIQ&oe=638EA58F&_nc_sid=3add00,false
33738170282,tajinder.singh12334,Tajinder Singh,https://instagram.fblr20-3.fna.fbcdn.net/v/t51.2885-19/165269080_479312123246981_8594845007052101541_n.jpg?stp=dst-jpg_s150x150&_nc_ht=instagram.fblr20-3.fna.fbcdn.net&_nc_cat=105&_nc_ohc=MStJcV-t-pcAX-0X4aH&edm=AOG-cTkBAAAA&ccb=7-5&oh=00_AfBsGPpWt7SSLhmNTlKZG32OCuyiNUQbc6e3dTN7J1u6Pw&oe=638D8207&_nc_sid=282b66,false
52104470446,krish_99006,,https://instagram.fblr20-1.fna.fbcdn.net/v/t51.2885-19/274420196_313866090776228_7272447649615783365_n.jpg?stp=dst-jpg_s150x150&_nc_ht=instagram.fblr20-1.fna.fbcdn.net&_nc_cat=108&_nc_ohc=PNFkScfyolgAX-KjBJD&edm=AOG-cTkBAAAA&ccb=7-5&oh=00_AfCMAi-JTN3-IAsE1WScv9VLgqtaXhugMIlmB8T38N1xqA&oe=638D8F14&_nc_sid=282b66,false
4811757842,kaushik_das_rusty,Kaushik Das,https://instagram.fblr20-1.fna.fbcdn.net/v/t51.2885-19/295881447_2217720568391626_8839674111995451120_n.jpg?stp=dst-jpg_s150x150&_nc_ht=instagram.fblr20-1.fna.fbcdn.net&_nc_cat=110&_nc_ohc=qJpsobkgRk8AX_jjuDz&edm=AOG-cTkBAAAA&ccb=7-5&oh=00_AfD7Vup9cQFc7fSgkAwPWgtmmNjpZAGTJNF4-lASAJfjaA&oe=638CFC98&_nc_sid=282b66,false
53729924105,yuvraaj9723,yuvraaj,https://instagram.fblr20-1.fna.fbcdn.net/v/t51.2885-19/314516577_1250600425735555_557485645329216356_n.jpg?stp=dst-jpg_s150x150&_nc_ht=instagram.fblr20-1.fna.fbcdn.net&_nc_cat=107&_nc_ohc=q8_ythyL72UAX_RNudg&edm=AOG-cTkBAAAA&ccb=7-5&oh=00_AfBtDfoGSN7ZTc0ImJz6sXbUpqgVJh8GiNDrdjFUgrR_og&oe=638DD501&_nc_sid=282b66,false
41958996396,its.deepp_,Deep,https://instagram.fblr20-3.fna.fbcdn.net/v/t51.2885-19/312913075_634021368399721_1458326185259708561_n.jpg?stp=dst-jpg_s150x150&_nc_ht=instagram.fblr20-3.fna.fbcdn.net&_nc_cat=101&_nc_ohc=GzGvETBDjtgAX8DjSZ8&edm=AOG-cTkBAAAA&ccb=7-5&oh=00_AfDSA2cNOPLwBi_b0-dfnGg8SG7X8ZMhs5hkYA1UzcY9Sg&oe=638D8E5F&_nc_sid=282b66,false
52775619598,mohamadchap191,,https://instagram.fblr20-1.fna.fbcdn.net/v/t51.2885-19/309656640_463707702389889_7451844520568806588_n.jpg?stp=dst-jpg_s150x150&_nc_ht=instagram.fblr20-1.fna.fbcdn.net&_nc_cat=109&_nc_ohc=YJfdUjAW2TsAX_G3jWt&tn=0CjN_rVN9B-0nI5k&edm=AOG-cTkBAAAA&ccb=7-5&oh=00_AfA13E4YkKdQJNYkuOCYSMx8oy3v1ePFg91ivjYb-THlYA&oe=638D76CE&_nc_sid=282b66,false
3040181858,sannoyghosh,Sannoy Ghosh,https://instagram.fblr20-3.fna.fbcdn.net/v/t51.2885-19/300198575_180056734499165_5692961604040412540_n.jpg?stp=dst-jpg_s150x150&_nc_ht=instagram.fblr20-3.fna.fbcdn.net&_nc_cat=105&_nc_ohc=Zmjg_dkVgAUAX-UhA4j&edm=AOG-cTkBAAAA&ccb=7-5&oh=00_AfCvo-kjKxhOMO78nyuM0ysk5r91asb0MLTtOu2VBDUFKA&oe=638DE0BC&_nc_sid=282b66,false
53258607618,sri.jitaroychowdhury,Srijita Roy Chowdhury,https://instagram.fblr20-1.fna.fbcdn.net/v/t51.2885-19/311101661_1100164360631900_4682044447581147996_n.jpg?stp=dst-jpg_s150x150&_nc_ht=instagram.fblr20-1.fna.fbcdn.net&_nc_cat=108&_nc_ohc=LtbQY933nroAX_8RpQm&edm=AOG-cTkBAAAA&ccb=7-5&oh=00_AfDcNWVyXU77wSvYP0MVWjImEn_4sq0d7ByPeFfBzHDSRw&oe=638DBC8F&_nc_sid=282b66,false
52939309646,complete.tdh_roy,Arunabha Roy,https://instagram.fblr20-1.fna.fbcdn.net/v/t51.2885-19/317608845_854585845685133_361143683442721530_n.jpg?stp=dst-jpg_s150x150&_nc_ht=instagram.fblr20-1.fna.fbcdn.net&_nc_cat=109&_nc_ohc=KFurk4nQMNMAX-Qyy_b&edm=AOG-cTkBAAAA&ccb=7-5&oh=00_AfBepcHgjhYD4i5ISs1Lr8ojtlkNjGH--inWjve5VR1Zew&oe=638DE8C8&_nc_sid=282b66,false
53212841643,_sugar.girl28_,kim Su-ithu♡,https://instagram.fblr20-1.fna.fbcdn.net/v/t51.2885-19/315079615_1303130947115624_8001329397844857433_n.jpg?stp=dst-jpg_s150x150&_nc_ht=instagram.fblr20-1.fna.fbcdn.net&_nc_cat=108&_nc_ohc=ePGIRWU2mykAX97nNxN&edm=AOG-cTkBAAAA&ccb=7-5&oh=00_AfB6bKji2PBGOAmJw5E0uKV0M7i8PLbpQW0Rla6gDfU8iQ&oe=638D3F8E&_nc_sid=282b66,false
29939803320,rahul.yadav780,Rahul,https://instagram.fblr20-1.fna.fbcdn.net/v/t51.2885-19/306483136_612775740349219_8399563901612345976_n.jpg?stp=dst-jpg_s150x150&_nc_ht=instagram.fblr20-1.fna.fbcdn.net&_nc_cat=107&_nc_ohc=Xl62yO1TGJcAX-yfQx1&edm=AOG-cTkBAAAA&ccb=7-5&oh=00_AfD8rk-MZeqqQH_bLCvKO5BEOmyF-HXgjx8WAA5uydqh3g&oe=638E0104&_nc_sid=282b66,false
51810402327,namaskarmandali,Namaskar Mandali™️ | Travel | Explore,https://instagram.fblr20-3.fna.fbcdn.net/v/t51.2885-19/314744001_657875185929855_5193831004243074172_n.jpg?stp=dst-jpg_s150x150&_nc_ht=instagram.fblr20-3.fna.fbcdn.net&_nc_cat=103&_nc_ohc=iGO4ean_7agAX9vJ3lT&edm=AOG-cTkBAAAA&ccb=7-5&oh=00_AfDeQ-lm9-qsOjHw1uBgkV2xKVHB4yAzgBUVSDFP1fYTyQ&oe=638E4BC3&_nc_sid=282b66,false
52526897964,its_.riyon,R I Y O N,https://instagram.fblr20-1.fna.fbcdn.net/v/t51.2885-19/300010679_7831068333631282_8666927806117206398_n.jpg?stp=dst-jpg_s150x150&_nc_ht=instagram.fblr20-1.fna.fbcdn.net&_nc_cat=110&_nc_ohc=DNjrS0cJFhoAX85mUDG&tn=0CjN_rVN9B-0nI5k&edm=AOG-cTkBAAAA&ccb=7-5&oh=00_AfDr6HQePMRrJS3d0Kx1UiMi1bxEBRuPkXm0tzdqYkfvYg&oe=638D0C55&_nc_sid=282b66,false
34705345491,___sr.esha___,🦋 SRIJANI 🦋,https://instagram.fblr20-1.fna.fbcdn.net/v/t51.2885-19/306836483_1187815988440580_648696631057841567_n.jpg?stp=dst-jpg_s150x150&_nc_ht=instagram.fblr20-1.fna.fbcdn.net&_nc_cat=108&_nc_ohc=AuSLF90iRO4AX_vVCKp&edm=AOG-cTkBAAAA&ccb=7-5&oh=00_AfC7dbVLt24MypAfQl6Y_D5OIJpLAyki39VSbGchpBzkqw&oe=638DA64D&_nc_sid=282b66,false
51037323197,sandeep40964,Rohit Patel,https://instagram.fblr20-2.fna.fbcdn.net/v/t51.2885-19/271249451_226411002988874_362082020197219202_n.jpg?stp=dst-jpg_s150x150&_nc_ht=instagram.fblr20-2.fna.fbcdn.net&_nc_cat=102&_nc_ohc=oIUcCMeRgG4AX8nDhNM&tn=0CjN_rVN9B-0nI5k&edm=AOG-cTkBAAAA&ccb=7-5&oh=00_AfCG1Z62w836Qtw4O4BaMwASr3N3MVakNqh5NCAvKk7avg&oe=638DE647&_nc_sid=282b66,false
15725470281,hauntedhunter_,Satadru Datta Gupta,https://instagram.fblr20-1.fna.fbcdn.net/v/t51.2885-19/296632403_762210048310304_4093675876511655676_n.jpg?stp=dst-jpg_s150x150&_nc_ht=instagram.fblr20-1.fna.fbcdn.net&_nc_cat=108&_nc_ohc=vsItNEaGpS8AX_CI-G7&tn=0CjN_rVN9B-0nI5k&edm=AOG-cTkBAAAA&ccb=7-5&oh=00_AfAsbjIeDd3-lSQIiHJkCPirVX-GvM4eUHZtP_spYx2OLA&oe=638D46E2&_nc_sid=282b66,false
35283663236,__floating_hearts__2,SANCHARI ROY💃,https://instagram.fblr20-1.fna.fbcdn.net/v/t51.2885-19/287969425_577349047154818_871492017147066123_n.jpg?stp=dst-jpg_s150x150&_nc_ht=instagram.fblr20-1.fna.fbcdn.net&_nc_cat=110&_nc_ohc=YdS0s7vfaJ8AX9L4Utl&edm=AOG-cTkBAAAA&ccb=7-5&oh=00_AfBiN8m7vlYYxsBigmPMGOZM6H2G8KB6sdBR1TPqSPRPzg&oe=638E7142&_nc_sid=282b66,false
43620541240,rainy_166,Rakhi Patra,https://instagram.fblr20-3.fna.fbcdn.net/v/t51.2885-19/316963823_193334329874643_803895398222709197_n.jpg?stp=dst-jpg_s150x150&_nc_ht=instagram.fblr20-3.fna.fbcdn.net&_nc_cat=103&_nc_ohc=MhKTp3VtpDQAX_5cUAx&edm=AOG-cTkBAAAA&ccb=7-5&oh=00_AfCjnAq0XAuBRl4lmbuOT97Fa6KMzVhVIzl0U9HISdOE0Q&oe=638DC54D&_nc_sid=282b66,false
22259600156,shreyaa.ghoshh,𝗦𝗵𝗿𝘆🗿~,https://instagram.fblr20-3.fna.fbcdn.net/v/t51.2885-19/315449726_501573141928212_1735439857014058086_n.jpg?stp=dst-jpg_s150x150&_nc_ht=instagram.fblr20-3.fna.fbcdn.net&_nc_cat=100&_nc_ohc=18Fk1YlXYMQAX-zwbhI&edm=AOG-cTkBAAAA&ccb=7-5&oh=00_AfCmI_0gpkq2gjRcLbc0UPwRPJceieOf5ptsl7-6WHBf0w&oe=638E86C2&_nc_sid=282b66,false
44692558542,kunduking1,Arpan Kundu,https://instagram.fblr20-1.fna.fbcdn.net/v/t51.2885-19/271237653_756588498842732_6755676171814504376_n.jpg?stp=dst-jpg_s150x150&_nc_ht=instagram.fblr20-1.fna.fbcdn.net&_nc_cat=108&_nc_ohc=530fmnBgfHcAX88XX8C&edm=AOG-cTkBAAAA&ccb=7-5&oh=00_AfCpjVd5qqRlWzD6TjAXJHB_OsqLBs0bc3sFGEgImdT8yQ&oe=638DFA74&_nc_sid=282b66,false
47897246338,0_sachin__kumar,Sachin Kumar,https://instagram.fblr20-2.fna.fbcdn.net/v/t51.2885-19/306727939_1510657689368598_7378092788765402028_n.jpg?stp=dst-jpg_s150x150&_nc_ht=instagram.fblr20-2.fna.fbcdn.net&_nc_cat=106&_nc_ohc=En9IEhHV_GkAX9wShvv&edm=AOG-cTkBAAAA&ccb=7-5&oh=00_AfDFMdG92tJHVY0HHoa22mIUKi8LoI7_PRJor2DYxnJEDQ&oe=638E3E39&_nc_sid=282b66,false
39378148116,rkive_i_love_you_,마히마 || Mahima Singh,https://instagram.fblr20-3.fna.fbcdn.net/v/t51.2885-19/309499844_135746972554265_9033855082584336109_n.jpg?stp=dst-jpg_s150x150&_nc_ht=instagram.fblr20-3.fna.fbcdn.net&_nc_cat=105&_nc_ohc=NtAKXAN0GMQAX9-0AVp&edm=AOG-cTkBAAAA&ccb=7-5&oh=00_AfAqcwd5XDhbWiKUsWWvDCk-Tno9-AyD3BLiLCqepBePgQ&oe=638E4C19&_nc_sid=282b66,false
5546378026,sanchitabiswas2004,SANCHITA BISWAS,https://instagram.fblr20-2.fna.fbcdn.net/v/t51.2885-19/308369868_1299467227463104_8258064501024745842_n.jpg?stp=dst-jpg_s150x150&_nc_ht=instagram.fblr20-2.fna.fbcdn.net&_nc_cat=104&_nc_ohc=wpQtyGMrub8AX-ZDBAn&edm=AOG-cTkBAAAA&ccb=7-5&oh=00_AfD_J-LEgr6CiE4IeVjRUQc6du7QTFFPrXyl2yIYsQISBw&oe=638E11E0&_nc_sid=282b66,false
38415804556,_the_sparkling_diamond_18_,Priyanshu Ghosh,https://instagram.fblr20-2.fna.fbcdn.net/v/t51.2885-19/316349500_495872872639194_3448889131091135578_n.jpg?stp=dst-jpg_s150x150&_nc_ht=instagram.fblr20-2.fna.fbcdn.net&_nc_cat=106&_nc_ohc=RanR1yxDhCoAX_O3HpT&edm=AOG-cTkBAAAA&ccb=7-5&oh=00_AfDr2rfyEr1u7Gmd1tf4qfB8_HBjpqrwBjogtTftQGmawg&oe=638D2741&_nc_sid=282b66,false
14469851300,sohxxm__,Soham Mondal,https://instagram.fblr20-3.fna.fbcdn.net/v/t51.2885-19/280835911_164701985940552_6582861225487645170_n.jpg?stp=dst-jpg_s150x150&_nc_ht=instagram.fblr20-3.fna.fbcdn.net&_nc_cat=100&_nc_ohc=FsXMuJQ-wckAX9iQVzs&edm=AOG-cTkBAAAA&ccb=7-5&oh=00_AfBg-Q1BdVFlSwEmZOJtMQ0K34Z53Cgco2kzc4HXMARi0w&oe=638E2DC8&_nc_sid=282b66,false
24887281146,_s_a_y_a_k_._d_a_w_,ᏕᎯᎽᎯᏦ ᎠᎯᏯ,https://instagram.fblr20-1.fna.fbcdn.net/v/t51.2885-19/310821188_835466347803812_1383477725200825025_n.jpg?stp=dst-jpg_s150x150&_nc_ht=instagram.fblr20-1.fna.fbcdn.net&_nc_cat=108&_nc_ohc=fBpcK1XJvgkAX-TGaVC&edm=AOG-cTkBAAAA&ccb=7-5&oh=00_AfBRKB_kozQlvpNqmoPu_-zEvls3EqVmI1lNwxhXWhOedg&oe=638E23AE&_nc_sid=282b66,false
49108930310,_itz_sayan_07,Sayan Chakrabortty,https://instagram.fblr20-3.fna.fbcdn.net/v/t51.2885-19/289041575_563987618636676_629244499415627034_n.jpg?stp=dst-jpg_s150x150&_nc_ht=instagram.fblr20-3.fna.fbcdn.net&_nc_cat=100&_nc_ohc=lUEXaCEqb0MAX-F6CXS&edm=AOG-cTkBAAAA&ccb=7-5&oh=00_AfCUVTkB9l05674tZeHBwz-pO38LxJq3QZZZt7bC1Lxf2Q&oe=638E01D8&_nc_sid=282b66,false
30566093539,anushka.__004,𝓐𝓷𝓾𝓼𝓱𝓴𝓪 🥀,https://instagram.fblr20-2.fna.fbcdn.net/v/t51.2885-19/272247526_398526208690730_1347845303160503590_n.jpg?stp=dst-jpg_s150x150&_nc_ht=instagram.fblr20-2.fna.fbcdn.net&_nc_cat=102&_nc_ohc=k-RGAR3e7IkAX8zs2lg&edm=AOG-cTkBAAAA&ccb=7-5&oh=00_AfATu6Lkxbxxv3DNH2rVtUGdc-uqSajPgmzaArI3Ksd-TQ&oe=638E0B11&_nc_sid=282b66,false
35789763439,_sristicious_02,Shristiiiii💕🦋,https://instagram.fblr20-1.fna.fbcdn.net/v/t51.2885-19/317443198_667463324843673_5854981773795224742_n.jpg?stp=dst-jpg_s150x150&_nc_ht=instagram.fblr20-1.fna.fbcdn.net&_nc_cat=109&_nc_ohc=ul1Bb0jj5H0AX_8uxzg&edm=AOG-cTkBAAAA&ccb=7-5&oh=00_AfCj_lRy5qbldpLxVWPnIJLIbUxvMyoWF3R_kNGjYNdw-g&oe=638DD44F&_nc_sid=282b66,false
51205510288,sumaiya.__07_,스마이야 || Sumaiya 🌸,https://instagram.fblr20-1.fna.fbcdn.net/v/t51.2885-19/317621670_104489489132170_520088661406895906_n.jpg?stp=dst-jpg_s150x150&_nc_ht=instagram.fblr20-1.fna.fbcdn.net&_nc_cat=110&_nc_ohc=vgMQtlMqbkUAX84b5NK&edm=AOG-cTkBAAAA&ccb=7-5&oh=00_AfDpwiW56ktw5Wa8KZ9KNUGm84A3cvPC1USUemPdWvwLTQ&oe=638E36D0&_nc_sid=282b66,false
53255793515,_the_twin_vocalists_,: Sanchari Roy:: Srijani Roy:,https://instagram.fblr20-3.fna.fbcdn.net/v/t51.2885-19/293153051_1393701128110287_3481883418728915903_n.jpg?stp=dst-jpg_s150x150&_nc_ht=instagram.fblr20-3.fna.fbcdn.net&_nc_cat=103&_nc_ohc=-wad86ayOKkAX9y8wIm&edm=AOG-cTkBAAAA&ccb=7-5&oh=00_AfAc0VZ6kdTri6ApB0imb3LEEYuqZPiD3U4amCohV7phWA&oe=638D0D0F&_nc_sid=282b66,false
51544045492,billiyyy_x,,https://instagram.fblr20-1.fna.fbcdn.net/v/t51.2885-19/301314706_177350984854749_8801723039615576971_n.jpg?stp=dst-jpg_s150x150&_nc_ht=instagram.fblr20-1.fna.fbcdn.net&_nc_cat=109&_nc_ohc=9rxtApRcve0AX8gpvDC&edm=AOG-cTkBAAAA&ccb=7-5&oh=00_AfC8s0fUrd-S6Br7exu-WB_UTJoURp9RtdXJE35fKpld9g&oe=638E9FD8&_nc_sid=282b66,false
34680082922,damn_rigved,Aditya Rigved,https://instagram.fblr20-1.fna.fbcdn.net/v/t51.2885-19/315079615_676362187543903_5415542268590214932_n.jpg?stp=dst-jpg_s150x150&_nc_ht=instagram.fblr20-1.fna.fbcdn.net&_nc_cat=107&_nc_ohc=Pj-QKW2cHgsAX8p-Jg2&edm=AOG-cTkBAAAA&ccb=7-5&oh=00_AfBvnc282LcVzPiW6-0a66riZ7Uz_ZZhSLxbnb0znpStew&oe=638E640B&_nc_sid=282b66,false
32414716994,censored_shitz,,https://instagram.fblr20-3.fna.fbcdn.net/v/t51.2885-19/314361274_6357630380920944_7980428532948660893_n.jpg?stp=dst-jpg_s150x150&_nc_ht=instagram.fblr20-3.fna.fbcdn.net&_nc_cat=100&_nc_ohc=q5fKolF5pFYAX_fl-Gf&edm=AOG-cTkBAAAA&ccb=7-5&oh=00_AfBUqgQptZgc13G-Z2iVsJnkYPSbj7l8DzpfX3ltHW5tPQ&oe=638D78DC&_nc_sid=282b66,false
54180333481,brush3569,Mrinmoyee Roy,https://instagram.fblr20-2.fna.fbcdn.net/v/t51.2885-19/311131027_840207213842519_3605994558472979611_n.jpg?stp=dst-jpg_s150x150&_nc_ht=instagram.fblr20-2.fna.fbcdn.net&_nc_cat=111&_nc_ohc=h6-82XkmJTEAX_q-P04&edm=AOG-cTkBAAAA&ccb=7-5&oh=00_AfCQOjCmrSkYEvFHhvtyqRBDtAUPX_wuyLiJ9ELG-DIbFA&oe=638DC494&_nc_sid=282b66,false
45843877967,abhirup2042,ABHIRUP BANERJEE,https://instagram.fblr20-1.fna.fbcdn.net/v/t51.2885-19/180827625_2576949249277436_6229275121285633219_n.jpg?stp=dst-jpg_s150x150&_nc_ht=instagram.fblr20-1.fna.fbcdn.net&_nc_cat=108&_nc_ohc=ou6TDFblnsIAX-YSYn9&tn=0CjN_rVN9B-0nI5k&edm=AOG-cTkBAAAA&ccb=7-5&oh=00_AfAPvrEheDESDbcUKhueqpWwJGitqshfj2fCC1tQI9fCmw&oe=638ECDE0&_nc_sid=282b66,false
38907889588,crazy_nep_,💌  Sweta  💌,https://instagram.fblr20-1.fna.fbcdn.net/v/t51.2885-19/309434910_369017132006566_8873187800782706867_n.jpg?stp=dst-jpg_s150x150&_nc_ht=instagram.fblr20-1.fna.fbcdn.net&_nc_cat=110&_nc_ohc=gre-3JPW3yAAX9LK2cU&tn=0CjN_rVN9B-0nI5k&edm=AOG-cTkBAAAA&ccb=7-5&oh=00_AfCXgFMIqbrWrsnNkWINoBcldMR6UOGNd3yMzHkYklVemg&oe=638DC4A9&_nc_sid=282b66,false
19862134251,shohiniroy2005,SHOHINI ROY,https://instagram.fblr20-3.fna.fbcdn.net/v/t51.2885-19/310690221_804398357425059_2424010190991447145_n.jpg?stp=dst-jpg_s150x150&_nc_ht=instagram.fblr20-3.fna.fbcdn.net&_nc_cat=103&_nc_ohc=r7ssUEruVJYAX-s1Mnb&edm=AOG-cTkBAAAA&ccb=7-5&oh=00_AfAsqm_ZY5LyDZKs645M1DCfTfnnXvUKOIikPE_gxFIkxQ&oe=638ED5CF&_nc_sid=282b66,false
51799276472,mihirjoshi119,mihirjoshi61 🤣🤣🤣,https://instagram.fblr20-3.fna.fbcdn.net/v/t51.2885-19/313207741_873873960687317_4040361946356878850_n.jpg?stp=dst-jpg_s150x150&_nc_ht=instagram.fblr20-3.fna.fbcdn.net&_nc_cat=105&_nc_ohc=0088BftxDlEAX9GcCvE&edm=AOG-cTkBAAAA&ccb=7-5&oh=00_AfBXOpvlm7BADCdKzXeEsw8gduOJSVlheuC-49U_CgFORg&oe=638CF4E9&_nc_sid=282b66,false
