id,userName,fullName,profilePicUrl,isVerified
6816373889,pandalavacarji,Teja Bhupathiraju,https://instagram.fblr20-2.fna.fbcdn.net/v/t51.2885-19/310726997_486237046711300_2968362468016188134_n.jpg?stp=dst-jpg_s150x150&_nc_ht=instagram.fblr20-2.fna.fbcdn.net&_nc_cat=104&_nc_ohc=Lr1PpUDDqaMAX_S0j_q&tn=0CjN_rVN9B-0nI5k&edm=AOG-cTkBAAAA&ccb=7-5&oh=00_AfBUsv6DfgtYa-rYK7a7_khhLYg-KGjRCGYo1dVVQrUydg&oe=638E3D41&_nc_sid=282b66,false
44554841559,ashtagi_kartik,KARTIK,https://instagram.fblr20-3.fna.fbcdn.net/v/t51.2885-19/316615710_671869127844972_7513395552002524490_n.jpg?stp=dst-jpg_s150x150&_nc_ht=instagram.fblr20-3.fna.fbcdn.net&_nc_cat=100&_nc_ohc=8v01-P3QCD4AX_Et5Mh&tn=0CjN_rVN9B-0nI5k&edm=AOG-cTkBAAAA&ccb=7-5&oh=00_AfAZEuMcFF7HfH7uumlxirOyXpd62wAhmACjh28-PDf5mQ&oe=638EBED7&_nc_sid=282b66,false
39681773547,__monty__07__,Manthan Patil,https://instagram.fblr20-3.fna.fbcdn.net/v/t51.2885-19/316096412_508161707997816_7384093539021411958_n.jpg?stp=dst-jpg_s150x150&_nc_ht=instagram.fblr20-3.fna.fbcdn.net&_nc_cat=100&_nc_ohc=W3v-T0ReKt8AX8TmaLP&edm=AOG-cTkBAAAA&ccb=7-5&oh=00_AfDhOc0sS9aDfkdYbfLG4YK6mjhyHmbUr0i5_-VEks_pkw&oe=638E2462&_nc_sid=282b66,false
36754017921,shivaraj_a_02,Shivaraj A,https://instagram.fblr20-1.fna.fbcdn.net/v/t51.2885-19/269936787_989520231602095_1274891978113700109_n.jpg?stp=dst-jpg_s150x150&_nc_ht=instagram.fblr20-1.fna.fbcdn.net&_nc_cat=107&_nc_ohc=A4xWs5-Qx9kAX-hQqJe&edm=AOG-cTkBAAAA&ccb=7-5&oh=00_AfDwwKA8lskEj6PcuPC2a6vnOo9iXKyPJTecOAksNckI9Q&oe=638DAC96&_nc_sid=282b66,false
56688555629,thebillionaire.dream,Billionairedreams,https://instagram.fblr20-1.fna.fbcdn.net/v/t51.2885-19/316122255_141161115351523_529635253163299987_n.jpg?stp=dst-jpg_s150x150&_nc_ht=instagram.fblr20-1.fna.fbcdn.net&_nc_cat=107&_nc_ohc=kguocoMZ86IAX-km_92&edm=AOG-cTkBAAAA&ccb=7-5&oh=00_AfDXnDg5WJRrZyYf_GXEoLFlYbbsIi-9wWXTcWWsTmYTdA&oe=638E14C1&_nc_sid=282b66,false
47611914440,sangam_affiliate,sangam Rajput __🎀,https://instagram.fblr20-2.fna.fbcdn.net/v/t51.2885-19/317028915_1178258712811430_7248698619916467985_n.jpg?stp=dst-jpg_s150x150&_nc_ht=instagram.fblr20-2.fna.fbcdn.net&_nc_cat=102&_nc_ohc=1pgTEQyjVtUAX_yX5kF&edm=AOG-cTkBAAAA&ccb=7-5&oh=00_AfCL0QjLPcP_oecyeNSxRmtP58kxyLW3KIQ8ME45GTkW4A&oe=638E12E1&_nc_sid=282b66,false
47682759810,riya_deshpande2,riya,https://instagram.fblr20-2.fna.fbcdn.net/v/t51.2885-19/277287078_1101432547303790_5628993936795281163_n.jpg?stp=dst-jpg_s150x150&_nc_ht=instagram.fblr20-2.fna.fbcdn.net&_nc_cat=102&_nc_ohc=TVAFxV3Zbd8AX8AXIyw&edm=AOG-cTkBAAAA&ccb=7-5&oh=00_AfAVTOcqYzpFB1A3qgle8qJs6syGDqY7H619q1CrYUPD7A&oe=638E914C&_nc_sid=282b66,false
34590260658,lohith.g_martur,ᒪ O ᕼ I T ᕼ,https://instagram.fblr20-2.fna.fbcdn.net/v/t51.2885-19/272997234_1564480363935938_1518746232550633712_n.jpg?stp=dst-jpg_s150x150&_nc_ht=instagram.fblr20-2.fna.fbcdn.net&_nc_cat=102&_nc_ohc=L78B2d_qjl8AX_xZWA6&edm=AOG-cTkBAAAA&ccb=7-5&oh=00_AfCuZuAphPAKXl62Pq2XNjogGc6F8iYyJRFVKz0yxJ1fvA&oe=638D93F5&_nc_sid=282b66,false
44323706679,yashas_n_1203,🅨︎🅐︎🅢︎🅗︎🅐︎🅢︎  🅝︎,https://instagram.fblr20-2.fna.fbcdn.net/v/t51.2885-19/316706454_1601076090335286_5797723141824776904_n.jpg?stp=dst-jpg_s150x150&_nc_ht=instagram.fblr20-2.fna.fbcdn.net&_nc_cat=106&_nc_ohc=z5t6Hm7Xl8sAX-OX6U_&edm=AOG-cTkBAAAA&ccb=7-5&oh=00_AfDQnanC6zllc-MhL2O9aeY_vjCkjRD2WJkaes_V-uaHtQ&oe=638DB642&_nc_sid=282b66,false
21464435646,patil_sammed1008,Sammed Patil,https://instagram.fblr20-2.fna.fbcdn.net/v/t51.2885-19/309665463_613110927162076_6748559907610767125_n.jpg?stp=dst-jpg_s150x150&_nc_ht=instagram.fblr20-2.fna.fbcdn.net&_nc_cat=104&_nc_ohc=s-xA7eHAduMAX9YHkMX&edm=AOG-cTkBAAAA&ccb=7-5&oh=00_AfCmCKm90TNh2hgCYsj3b2zO4S0KQnInvuvB37dq0AYXwA&oe=638E5F86&_nc_sid=282b66,false
48631826908,appuappanagol,Appu,https://instagram.fsub4-1.fna.fbcdn.net/v/t51.2885-19/44884218_345707102882519_2446069589734326272_n.jpg?_nc_ht=instagram.fsub4-1.fna.fbcdn.net&_nc_cat=1&_nc_ohc=v6hG0j-H7LQAX92CUPf&edm=AB11_MABAAAA&ccb=7-5&ig_cache_key=YW5vbnltb3VzX3Byb2ZpbGVfcGlj.2-ccb7-5&oh=00_AfC5kT2cGIAFAiUQT3qFRWmChTpIgrPwmVrmNQhvm0Qwwg&oe=638EA58F&_nc_sid=ccd4cc,false
56334600846,r__19prjwl,R Prajwal,https://instagram.fblr20-1.fna.fbcdn.net/v/t51.2885-19/313859533_680014590068935_2738608268448291943_n.jpg?stp=dst-jpg_s150x150&_nc_ht=instagram.fblr20-1.fna.fbcdn.net&_nc_cat=107&_nc_ohc=MZrAmr9SnZYAX99fgzT&edm=AOG-cTkBAAAA&ccb=7-5&oh=00_AfAqRBVHE-gSoZ02wMxw8IY5EWywGbxWhdtSqWu4pn0e6w&oe=638D28DC&_nc_sid=282b66,false
19255888801,g_a_g_a_n_s_h_i_v_a,🅖︎🅐︎🅖︎🅐︎🅝︎🅢︎🅗︎🅘︎🅥︎🅐︎,https://instagram.fsub4-1.fna.fbcdn.net/v/t51.2885-19/44884218_345707102882519_2446069589734326272_n.jpg?_nc_ht=instagram.fsub4-1.fna.fbcdn.net&_nc_cat=1&_nc_ohc=v6hG0j-H7LQAX92CUPf&edm=AB11_MABAAAA&ccb=7-5&ig_cache_key=YW5vbnltb3VzX3Byb2ZpbGVfcGlj.2-ccb7-5&oh=00_AfC5kT2cGIAFAiUQT3qFRWmChTpIgrPwmVrmNQhvm0Qwwg&oe=638EA58F&_nc_sid=ccd4cc,false
56264533425,rajath_badiger,Rajat Badiger,https://instagram.fblr20-1.fna.fbcdn.net/v/t51.2885-19/313460886_423898329746179_2339186178145841126_n.jpg?stp=dst-jpg_s150x150&_nc_ht=instagram.fblr20-1.fna.fbcdn.net&_nc_cat=107&_nc_ohc=UclxeOZX6nIAX-GNIqp&tn=0CjN_rVN9B-0nI5k&edm=AOG-cTkBAAAA&ccb=7-5&oh=00_AfCXGddjdgfU7WXqLy7DQl1jN2jnqZR0DNF4EEfEsiuIFQ&oe=638CE609&_nc_sid=282b66,false
7469553501,__akkzzz__04,Akhil Maigur,https://instagram.fsub4-1.fna.fbcdn.net/v/t51.2885-19/44884218_345707102882519_2446069589734326272_n.jpg?_nc_ht=instagram.fsub4-1.fna.fbcdn.net&_nc_cat=1&_nc_ohc=v6hG0j-H7LQAX92CUPf&edm=AB11_MABAAAA&ccb=7-5&ig_cache_key=YW5vbnltb3VzX3Byb2ZpbGVfcGlj.2-ccb7-5&oh=00_AfC5kT2cGIAFAiUQT3qFRWmChTpIgrPwmVrmNQhvm0Qwwg&oe=638EA58F&_nc_sid=ccd4cc,false
33364756700,hemanthnischal,hemanth nischal,https://instagram.fblr20-1.fna.fbcdn.net/v/t51.2885-19/311882743_1135706753702422_938008733274719956_n.jpg?stp=dst-jpg_s150x150&_nc_ht=instagram.fblr20-1.fna.fbcdn.net&_nc_cat=110&_nc_ohc=ABi-yhzBlUoAX96ZJL7&edm=AOG-cTkBAAAA&ccb=7-5&oh=00_AfA8lkAE4ppsR9XD9Ur9m4aD642h0eLMyqTPF5jaDEkPJA&oe=638E3245&_nc_sid=282b66,false
55939781895,shru_tikatagerimath,shru_01✨,https://instagram.fblr20-2.fna.fbcdn.net/v/t51.2885-19/317392324_138743035359950_5683992647538067094_n.jpg?stp=dst-jpg_s150x150&_nc_ht=instagram.fblr20-2.fna.fbcdn.net&_nc_cat=102&_nc_ohc=X__DuFy67BgAX-1duDq&edm=AOG-cTkBAAAA&ccb=7-5&oh=00_AfBje8MJ4a0NZdTeVIcBmnj2m7006Om-kyKEW9tFYuz9FQ&oe=638D0022&_nc_sid=282b66,false
54324948979,bhargavi_purushothama,Bhargavi Purushothama,https://instagram.fblr20-3.fna.fbcdn.net/v/t51.2885-19/315107550_1158042621467715_243192981640537662_n.jpg?stp=dst-jpg_s150x150&_nc_ht=instagram.fblr20-3.fna.fbcdn.net&_nc_cat=103&_nc_ohc=VfGQkmZacMQAX-ggki8&edm=AOG-cTkBAAAA&ccb=7-5&oh=00_AfB_J2rVdhyy5gvzuflIm40s00hTVfzsTo-ZtZieUgyMRg&oe=638E57AD&_nc_sid=282b66,false
44905381308,darling___sudii,H R Sudeep Hadapad,https://instagram.fblr20-1.fna.fbcdn.net/v/t51.2885-19/314410958_188951430311614_5592214346258126306_n.jpg?stp=dst-jpg_s150x150&_nc_ht=instagram.fblr20-1.fna.fbcdn.net&_nc_cat=110&_nc_ohc=_OWjsYaeKPQAX-s2Qb2&tn=0CjN_rVN9B-0nI5k&edm=AOG-cTkBAAAA&ccb=7-5&oh=00_AfD-iv8KnPnOEZrkxOIwVg0KLf9L8EvPRjScGsD0wraO1Q&oe=638DCF01&_nc_sid=282b66,false
54694426371,tarun26134,TarunGk,https://instagram.fblr20-2.fna.fbcdn.net/v/t51.2885-19/301581901_440927164648182_3663499322686420149_n.jpg?stp=dst-jpg_s150x150&_nc_ht=instagram.fblr20-2.fna.fbcdn.net&_nc_cat=106&_nc_ohc=n9-9RhMzNnAAX_b2GpC&edm=AOG-cTkBAAAA&ccb=7-5&oh=00_AfDnTj7VF1drAePK30SMXZlu9GnOTjxj_urwygD9H7rIwA&oe=638E995C&_nc_sid=282b66,false
53667523909,lokesh._.baradia7,Lokesh Baradia,https://instagram.fblr20-2.fna.fbcdn.net/v/t51.2885-19/316694462_462095005846679_762160712228937334_n.jpg?stp=dst-jpg_s150x150&_nc_ht=instagram.fblr20-2.fna.fbcdn.net&_nc_cat=111&_nc_ohc=3tZN5Son63kAX-QQHnp&edm=AOG-cTkBAAAA&ccb=7-5&oh=00_AfBTMpQGRTh0E4U5x8H0w_c857Lm-eD-Qpjjuyw785m6Ug&oe=638DABF0&_nc_sid=282b66,false
55288153811,samruddha_th,Samruddha Honawade,https://instagram.fsub4-1.fna.fbcdn.net/v/t51.2885-19/44884218_345707102882519_2446069589734326272_n.jpg?_nc_ht=instagram.fsub4-1.fna.fbcdn.net&_nc_cat=1&_nc_ohc=v6hG0j-H7LQAX92CUPf&edm=AB11_MABAAAA&ccb=7-5&ig_cache_key=YW5vbnltb3VzX3Byb2ZpbGVfcGlj.2-ccb7-5&oh=00_AfC5kT2cGIAFAiUQT3qFRWmChTpIgrPwmVrmNQhvm0Qwwg&oe=638EA58F&_nc_sid=ccd4cc,false
54163415134,sj_empire_tech,sj empire tech,https://instagram.fblr20-3.fna.fbcdn.net/v/t51.2885-19/295844917_1001147747193473_229250650669545028_n.jpg?stp=dst-jpg_s150x150&_nc_ht=instagram.fblr20-3.fna.fbcdn.net&_nc_cat=105&_nc_ohc=m6m-sOwdMJkAX_od1h2&edm=AOG-cTkBAAAA&ccb=7-5&oh=00_AfA6nYwMlYzywvj_Tzg2-C8z23w0b-9sHr3jPFEWsWiVBQ&oe=638CE8F9&_nc_sid=282b66,false
3701458642,ravi_shenoy,Ravi Shenoy,https://instagram.fblr20-1.fna.fbcdn.net/v/t51.2885-19/278833505_732862901074114_480609067633952194_n.jpg?stp=dst-jpg_s150x150&_nc_ht=instagram.fblr20-1.fna.fbcdn.net&_nc_cat=110&_nc_ohc=CoKJp7KbqhAAX_Z3m5V&edm=AOG-cTkBAAAA&ccb=7-5&oh=00_AfBtAB1TnwyBtzn30isgRTKNpaTH4Lh4ocjLqVyhVUsrXQ&oe=638D3FF2&_nc_sid=282b66,false
52511704274,deekshith9361,Shetty's111,https://instagram.fblr20-2.fna.fbcdn.net/v/t51.2885-19/299937128_121257783993916_3336708493925245229_n.jpg?stp=dst-jpg_s150x150&_nc_ht=instagram.fblr20-2.fna.fbcdn.net&_nc_cat=104&_nc_ohc=neeMUY-ddJMAX-JJtg8&edm=AOG-cTkBAAAA&ccb=7-5&oh=00_AfA8wPowRPcOyF3JcDvnnorRSHoZJbKk4e755dE_53t7bQ&oe=638DDBB0&_nc_sid=282b66,false
32203332136,srg__245,$pan...✨,https://instagram.fblr20-2.fna.fbcdn.net/v/t51.2885-19/315073990_482172743723382_3980577689302083697_n.jpg?stp=dst-jpg_s150x150&_nc_ht=instagram.fblr20-2.fna.fbcdn.net&_nc_cat=106&_nc_ohc=6A8xWrXnwBsAX9EurC3&edm=AOG-cTkBAAAA&ccb=7-5&oh=00_AfDpXW7svmX1tHeGhl7ObSrt_BfKPxKmdW5Yv65h42IKew&oe=638E0E06&_nc_sid=282b66,false
8467040398,sneha_tuppi,MISS TUPPI💕,https://instagram.fblr20-1.fna.fbcdn.net/v/t51.2885-19/315227145_1182658745659736_8899540234511565236_n.jpg?stp=dst-jpg_s150x150&_nc_ht=instagram.fblr20-1.fna.fbcdn.net&_nc_cat=108&_nc_ohc=vM31Mt7HWYQAX98XDk1&tn=0CjN_rVN9B-0nI5k&edm=AOG-cTkBAAAA&ccb=7-5&oh=00_AfDrexMz6rQDoq9mUf69RdXR6VGudDlvfLOgiczkg_JjBA&oe=638CF57E&_nc_sid=282b66,false
44094943856,itz_varun_gowda,꧁•⊹٭𝚁𝚘𝚕𝚎𝚡٭⊹•꧂,https://instagram.fblr20-2.fna.fbcdn.net/v/t51.2885-19/317575747_873680743754464_5231195355209576008_n.jpg?stp=dst-jpg_s150x150&_nc_ht=instagram.fblr20-2.fna.fbcdn.net&_nc_cat=104&_nc_ohc=VpFx6o-IJpAAX_l_4V2&edm=AOG-cTkBAAAA&ccb=7-5&oh=00_AfAdxXmwa9vZDi2hnqimU3q09lg8oLG5BTEpLemtYjTFhw&oe=638D36A8&_nc_sid=282b66,false
8714212490,anand_tugashetti29,Anand_t⚡,https://instagram.fblr20-2.fna.fbcdn.net/v/t51.2885-19/317106670_202447658864282_7232158374633523554_n.jpg?stp=dst-jpg_s150x150&_nc_ht=instagram.fblr20-2.fna.fbcdn.net&_nc_cat=102&_nc_ohc=KxfJzs3h78gAX-exZrU&tn=0CjN_rVN9B-0nI5k&edm=AOG-cTkBAAAA&ccb=7-5&oh=00_AfDKWP8y--W4v4_NR-0gj7I23TXwkb5XBYx5IqMt-zhEcQ&oe=638EB3AF&_nc_sid=282b66,false
47283956274,mr_hearrtt_hacker_01,VIKKY VJ,https://instagram.fblr20-2.fna.fbcdn.net/v/t51.2885-19/311284356_206783535026536_4113065654125641258_n.jpg?stp=dst-jpg_s150x150&_nc_ht=instagram.fblr20-2.fna.fbcdn.net&_nc_cat=104&_nc_ohc=NGhx2F24390AX9imptw&edm=AOG-cTkBAAAA&ccb=7-5&oh=00_AfAqFIWr8g244shEzkicd4qEjlp4OsuyIWuqr_gKPihy0g&oe=638D41FE&_nc_sid=282b66,false
54307103297,araaahhh__77,🕊️,https://instagram.fblr20-3.fna.fbcdn.net/v/t51.2885-19/317085498_174528871937604_8991065510636334908_n.jpg?stp=dst-jpg_s150x150&_nc_ht=instagram.fblr20-3.fna.fbcdn.net&_nc_cat=100&_nc_ohc=_jUFjGV7uu0AX8rAAtp&tn=0CjN_rVN9B-0nI5k&edm=AOG-cTkBAAAA&ccb=7-5&oh=00_AfCGAbGQUcXG8WxMIJCHK5a5N4IOtoDFfIZhu5THYU-WhQ&oe=638D9816&_nc_sid=282b66,false
9912205378,_therealabhinav_,Abhinav R Baiju,https://instagram.fblr20-3.fna.fbcdn.net/v/t51.2885-19/317601616_1180388352567989_4107657961996656314_n.jpg?stp=dst-jpg_s150x150&_nc_ht=instagram.fblr20-3.fna.fbcdn.net&_nc_cat=105&_nc_ohc=gVamPc3vqYsAX9hjpUN&edm=AOG-cTkBAAAA&ccb=7-5&oh=00_AfBmgmOC6qJ4_npl7y_lGzH-7rvs3DjNyEHdh9V-51yd5Q&oe=638D9629&_nc_sid=282b66,false
36593308384,rajath_badi,яαנαтн вα∂ιgєя,https://instagram.fblr20-3.fna.fbcdn.net/v/t51.2885-19/317610122_169648165693513_4149879936315876846_n.jpg?stp=dst-jpg_s150x150&_nc_ht=instagram.fblr20-3.fna.fbcdn.net&_nc_cat=101&_nc_ohc=Qj4hjXK_6hMAX9emnwR&edm=AOG-cTkBAAAA&ccb=7-5&oh=00_AfCpZH5kfEwtlgiM1yfjxVEyI0cj2s633YbibWzAmHOSAQ&oe=638EADD6&_nc_sid=282b66,false
12323154092,pugazhjs9,pugazhendhi,https://instagram.fblr20-2.fna.fbcdn.net/v/t51.2885-19/119067258_616830875870447_6790888552000567099_n.jpg?stp=dst-jpg_s150x150&_nc_ht=instagram.fblr20-2.fna.fbcdn.net&_nc_cat=111&_nc_ohc=HhnAVYwG8s4AX9x_trX&tn=0CjN_rVN9B-0nI5k&edm=AOG-cTkBAAAA&ccb=7-5&oh=00_AfAd4XwKktRwu86SdmSOroUTfeZqGY1byPTreS1Vid1zmw&oe=638D3006&_nc_sid=282b66,false
50809855149,__chan.dan_,✯𝐶ℎ𝑎𝑛𝑑𝑢✯,https://instagram.fblr20-1.fna.fbcdn.net/v/t51.2885-19/315232460_5444674468988779_8399349455616670910_n.jpg?stp=dst-jpg_s150x150&_nc_ht=instagram.fblr20-1.fna.fbcdn.net&_nc_cat=107&_nc_ohc=Y68QI3OCHeUAX82G2iz&edm=AOG-cTkBAAAA&ccb=7-5&oh=00_AfCtLSWxIas_uXJp1JT_zd7K4Prfje0jQVEYfzzEJSkOog&oe=638E5E51&_nc_sid=282b66,false
47536770243,the_unique_legend__,RDX LEGEND..,https://instagram.fblr20-2.fna.fbcdn.net/v/t51.2885-19/303374334_1054057918582180_4269435683650246334_n.jpg?stp=dst-jpg_s150x150&_nc_ht=instagram.fblr20-2.fna.fbcdn.net&_nc_cat=104&_nc_ohc=wpoS4vJRoDEAX-cRPXK&edm=AOG-cTkBAAAA&ccb=7-5&oh=00_AfDeaiPXVfvvsTlESw5Ai15gTFeF2t-qGgLwpqMbT7ArtQ&oe=638D7140&_nc_sid=282b66,false
11569970347,prince_pavan.__07,RDX Praveen..,https://instagram.fblr20-2.fna.fbcdn.net/v/t51.2885-19/295896569_955491559184402_3606755792164851624_n.jpg?stp=dst-jpg_s150x150&_nc_ht=instagram.fblr20-2.fna.fbcdn.net&_nc_cat=102&_nc_ohc=yCfByuXVzBMAX9ZrQMj&edm=AOG-cTkBAAAA&ccb=7-5&oh=00_AfDoBjacNeshTt0eMCuhR2fewjpXuukpp_0nsvS2hYUJog&oe=638D4E48&_nc_sid=282b66,false
49845077603,advitavp,Advita V Patil,https://instagram.fblr20-2.fna.fbcdn.net/v/t51.2885-19/315557865_866671251361876_3812815928755117489_n.jpg?stp=dst-jpg_s150x150&_nc_ht=instagram.fblr20-2.fna.fbcdn.net&_nc_cat=104&_nc_ohc=QkLxJ6xC44IAX_IKbvd&tn=0CjN_rVN9B-0nI5k&edm=AOG-cTkBAAAA&ccb=7-5&oh=00_AfBkHlYewnFzxO9E-Pc-TY6smU4wlvh-6QG4V17dJ1s9lw&oe=638DB36D&_nc_sid=282b66,false
10398469653,jahnavigowdaa,Jahnavi 🤍,https://instagram.fblr20-2.fna.fbcdn.net/v/t51.2885-19/295965426_379840310750260_9127829163459867010_n.jpg?stp=dst-jpg_s150x150&_nc_ht=instagram.fblr20-2.fna.fbcdn.net&_nc_cat=104&_nc_ohc=yYFnqVVSZ9QAX_CBivK&edm=AOG-cTkBAAAA&ccb=7-5&oh=00_AfD7mskHQYboWFiK6Tw7jkaCRTGyhsVoRkowieBmc4NOnQ&oe=638EC513&_nc_sid=282b66,false
38328190793,appu_bihas,Appu_Bihas,https://instagram.fblr20-3.fna.fbcdn.net/v/t51.2885-19/270568113_285791006946041_2244196027083029448_n.jpg?stp=dst-jpg_s150x150&_nc_ht=instagram.fblr20-3.fna.fbcdn.net&_nc_cat=105&_nc_ohc=6Q6AhdMugUoAX9KSTw7&edm=AOG-cTkBAAAA&ccb=7-5&oh=00_AfAH8DQ9lbbTdAp98iNoimMMP66EXPLfmKYegeB5rVhVwg&oe=638E500C&_nc_sid=282b66,false
51246881842,_crazy_girll_1476,~artha~,https://instagram.fsub4-1.fna.fbcdn.net/v/t51.2885-19/44884218_345707102882519_2446069589734326272_n.jpg?_nc_ht=instagram.fsub4-1.fna.fbcdn.net&_nc_cat=1&_nc_ohc=v6hG0j-H7LQAX92CUPf&edm=AB11_MABAAAA&ccb=7-5&ig_cache_key=YW5vbnltb3VzX3Byb2ZpbGVfcGlj.2-ccb7-5&oh=00_AfC5kT2cGIAFAiUQT3qFRWmChTpIgrPwmVrmNQhvm0Qwwg&oe=638EA58F&_nc_sid=ccd4cc,false
6905316254,ritz_29,Ritesh Hipparagi,https://instagram.fblr20-3.fna.fbcdn.net/v/t51.2885-19/315872103_794032285026953_53081252658161055_n.jpg?stp=dst-jpg_s150x150&_nc_ht=instagram.fblr20-3.fna.fbcdn.net&_nc_cat=105&_nc_ohc=wkLTaJIZRIsAX9H_PY1&edm=AOG-cTkBAAAA&ccb=7-5&oh=00_AfDLvGxppkavx6Hl2u64B2gZGsYXH1naZnXbnV74Ir_RCA&oe=638E5DE2&_nc_sid=282b66,false
9431946285,supreet__gouda_,Supreet Gouda,https://instagram.fsub4-1.fna.fbcdn.net/v/t51.2885-19/44884218_345707102882519_2446069589734326272_n.jpg?_nc_ht=instagram.fsub4-1.fna.fbcdn.net&_nc_cat=1&_nc_ohc=v6hG0j-H7LQAX92CUPf&edm=AB11_MABAAAA&ccb=7-5&ig_cache_key=YW5vbnltb3VzX3Byb2ZpbGVfcGlj.2-ccb7-5&oh=00_AfC5kT2cGIAFAiUQT3qFRWmChTpIgrPwmVrmNQhvm0Qwwg&oe=638EA58F&_nc_sid=ccd4cc,false
44431499475,chinmay.b.s_08,Chinmay.B.S,https://instagram.fblr20-3.fna.fbcdn.net/v/t51.2885-19/297268777_5592517380811577_2497577046207216182_n.jpg?stp=dst-jpg_s150x150&_nc_ht=instagram.fblr20-3.fna.fbcdn.net&_nc_cat=105&_nc_ohc=zr4-m-LFES8AX-ykUwO&edm=AOG-cTkBAAAA&ccb=7-5&oh=00_AfBeapfbBaM9gDYeuiIM7CIZzw4QFEE2IKthxBbbClrw1Q&oe=638DC78A&_nc_sid=282b66,false
47676822190,shrikyy_,Krishna_bengeri,https://instagram.fblr20-1.fna.fbcdn.net/v/t51.2885-19/313074857_1971939973006676_269583528863705457_n.jpg?stp=dst-jpg_s150x150&_nc_ht=instagram.fblr20-1.fna.fbcdn.net&_nc_cat=108&_nc_ohc=BDYohl8t9hYAX_34vvL&tn=0CjN_rVN9B-0nI5k&edm=AOG-cTkBAAAA&ccb=7-5&oh=00_AfBvlU4taDU-OfNG5WGWFEL6NgYuN6eUaBgRDCM8xVVx5g&oe=638DBD80&_nc_sid=282b66,false
13591377479,mr_crazy._.minded_14,Bouncy_💫,https://instagram.fblr20-1.fna.fbcdn.net/v/t51.2885-19/307859052_180354917820706_5144957663591290511_n.jpg?stp=dst-jpg_s150x150&_nc_ht=instagram.fblr20-1.fna.fbcdn.net&_nc_cat=110&_nc_ohc=A0XhEmk1pEsAX8E4eA2&edm=AOG-cTkBAAAA&ccb=7-5&oh=00_AfBJPzKVYQ26nwLOGJNdHhFVjL48reh1jlfpfi_z7ztstg&oe=638D95FF&_nc_sid=282b66,false
54098578165,swaroop_tom,Swaroop Tom,https://instagram.fblr20-3.fna.fbcdn.net/v/t51.2885-19/312125946_873411474040393_9137490513610301029_n.jpg?stp=dst-jpg_s150x150&_nc_ht=instagram.fblr20-3.fna.fbcdn.net&_nc_cat=101&_nc_ohc=DlLrU371ar8AX9Z70BG&edm=AOG-cTkBAAAA&ccb=7-5&oh=00_AfCuPnNH4Sk_f9UR6ZSBK0uw7eXGjf-pMVr6N-mVAqqqzQ&oe=638E05FA&_nc_sid=282b66,false
53489102944,_dar_shan_05_,Darshu ✌️,https://instagram.fblr20-1.fna.fbcdn.net/v/t51.2885-19/311600207_496080632408647_4672256871121188733_n.jpg?stp=dst-jpg_s150x150&_nc_ht=instagram.fblr20-1.fna.fbcdn.net&_nc_cat=107&_nc_ohc=yUxNkGiUY4AAX9gduZQ&edm=AOG-cTkBAAAA&ccb=7-5&oh=00_AfCD35ow_rOkDX6Sg9nHqVOQnpvv0dtl5CKHxPP9HiCH4g&oe=638D18B3&_nc_sid=282b66,false
43897764411,spin_hawk,カカロット,https://instagram.fblr20-3.fna.fbcdn.net/v/t51.2885-19/315496997_1834920036844037_243011156289845981_n.jpg?stp=dst-jpg_s150x150&_nc_ht=instagram.fblr20-3.fna.fbcdn.net&_nc_cat=105&_nc_ohc=vkoX7U7VqToAX8AwcKd&edm=AOG-cTkBAAAA&ccb=7-5&oh=00_AfDzlV5SWm4bLvHa17EdS9bh1aBvxKfzsHueul29Ihhb8A&oe=638E0A96&_nc_sid=282b66,false
51387301049,_.kishan.015._,KISHAN kumar,https://instagram.fblr20-2.fna.fbcdn.net/v/t51.2885-19/289173136_772970654115467_753242646941560271_n.jpg?stp=dst-jpg_s150x150&_nc_ht=instagram.fblr20-2.fna.fbcdn.net&_nc_cat=111&_nc_ohc=6NeWBTD2r9oAX_JdOkU&tn=0CjN_rVN9B-0nI5k&edm=AOG-cTkBAAAA&ccb=7-5&oh=00_AfAAvDdfH1MlfKPCYu35d8QhZI_HIjvJ5yS_C-lnEoucXA&oe=638D9734&_nc_sid=282b66,false
53964336195,vasantkolur,Vasant R Kolur,https://instagram.fblr20-1.fna.fbcdn.net/v/t51.2885-19/315301575_491853819567451_2600406776222849764_n.jpg?stp=dst-jpg_s150x150&_nc_ht=instagram.fblr20-1.fna.fbcdn.net&_nc_cat=107&_nc_ohc=AGU6IW7OpU4AX8wAXhN&edm=AOG-cTkBAAAA&ccb=7-5&oh=00_AfBYzn0Zi1QQx5AKyTHBAK9ZLbbTaBky1A0WU-aYBUqOoA&oe=638EB01D&_nc_sid=282b66,false
51709443070,sankarshan_desai,SANKARSHAN DESAI,https://instagram.fblr20-3.fna.fbcdn.net/v/t51.2885-19/317259953_216524674051561_7516870305643841547_n.jpg?stp=dst-jpg_s150x150&_nc_ht=instagram.fblr20-3.fna.fbcdn.net&_nc_cat=101&_nc_ohc=cSa7nam8nyQAX94jiHF&edm=AOG-cTkBAAAA&ccb=7-5&oh=00_AfBuDkVOrJiyN1DgBFL65q9fx__eqGhQxWq5E6RnyhL8gw&oe=638E8BF7&_nc_sid=282b66,false
7316141225,satyasangam2015,Satishkumar Milli,https://instagram.fblr20-3.fna.fbcdn.net/v/t51.2885-19/299390445_370835898551235_8253005804807311428_n.jpg?stp=dst-jpg_s150x150&_nc_ht=instagram.fblr20-3.fna.fbcdn.net&_nc_cat=103&_nc_ohc=ED4A9vCHl_0AX-4Qnsg&edm=AOG-cTkBAAAA&ccb=7-5&oh=00_AfBAS2Rj9jyulSdP5w-xAvbM2nlQznfZM2_xq-Cs46T3gQ&oe=638D9C51&_nc_sid=282b66,false
37930955380,ramayyamath982,ram,https://instagram.fblr20-1.fna.fbcdn.net/v/t51.2885-19/316351094_110044331838031_8815359260763577133_n.jpg?stp=dst-jpg_s150x150&_nc_ht=instagram.fblr20-1.fna.fbcdn.net&_nc_cat=107&_nc_ohc=IvQaEK1j1dQAX_gZz_m&edm=AOG-cTkBAAAA&ccb=7-5&oh=00_AfAOaE2CAXC_4XNqepoiScklgIcMKoJmgZOFMtGrNW7vQA&oe=638E08AF&_nc_sid=282b66,false
51373129676,swathireddy2304,Swathi Reddy,https://instagram.fblr20-3.fna.fbcdn.net/v/t51.2885-19/316749782_191039040128631_5953801759696122254_n.jpg?stp=dst-jpg_s150x150&_nc_ht=instagram.fblr20-3.fna.fbcdn.net&_nc_cat=103&_nc_ohc=H1MZz5P2zZgAX-XYFAe&edm=AOG-cTkBAAAA&ccb=7-5&oh=00_AfBJrTG9V2yAQJouwZVs5C3kZHRhTi6dca17XXSztzM0hw&oe=638CEF3A&_nc_sid=282b66,false
21768584615,kshama0103,🅺🆂🅷🅰🅼🅰,https://instagram.fblr20-2.fna.fbcdn.net/v/t51.2885-19/312903990_635645668043250_1868623528543569095_n.jpg?stp=dst-jpg_s150x150&_nc_ht=instagram.fblr20-2.fna.fbcdn.net&_nc_cat=106&_nc_ohc=Ax40MuQ9YM8AX_Y2rb_&edm=AOG-cTkBAAAA&ccb=7-5&oh=00_AfAYob7jxKQ8PI4RL4IKaauRFX_MjBwe01ba7jsCYu4hWg&oe=638E8D89&_nc_sid=282b66,false
53908301347,mr_p_sai_raghuveer_reddy,𝕻  🆂 🅰🅸  𝕽𝖆𝖌𝖍𝖚𝖛𝖊𝖊𝖗 𝕽𝖊𝖉𝖉𝖄,https://instagram.fblr20-2.fna.fbcdn.net/v/t51.2885-19/317512270_881238632886522_6414525474903674553_n.jpg?stp=dst-jpg_s150x150&_nc_ht=instagram.fblr20-2.fna.fbcdn.net&_nc_cat=106&_nc_ohc=zDU0lX71SxMAX9e3ydY&tn=0CjN_rVN9B-0nI5k&edm=AOG-cTkBAAAA&ccb=7-5&oh=00_AfDPKMfmWZ7m9KLg39r0ZUQYddPp0C__jwubjovzLFoClA&oe=638E9506&_nc_sid=282b66,false
53861570294,manojraokulkarni,Manojrao Kulkarni,https://instagram.fblr20-1.fna.fbcdn.net/v/t51.2885-19/310633934_1072789866755011_2999166278312645198_n.jpg?stp=dst-jpg_s150x150&_nc_ht=instagram.fblr20-1.fna.fbcdn.net&_nc_cat=107&_nc_ohc=o1NKc8Bxtw0AX-feSXj&edm=AOG-cTkBAAAA&ccb=7-5&oh=00_AfAcyPEmVzrBIOahQPuuVMVnc06oAXgacV46MsDU3dxSwA&oe=638D574E&_nc_sid=282b66,false
54270145842,sujal_7062,SUJAL,https://instagram.fblr20-3.fna.fbcdn.net/v/t51.2885-19/316323502_1316861765813153_2662174857741913919_n.jpg?stp=dst-jpg_s150x150&_nc_ht=instagram.fblr20-3.fna.fbcdn.net&_nc_cat=105&_nc_ohc=lwo6D8GxtMUAX_0O5MN&edm=AOG-cTkBAAAA&ccb=7-5&oh=00_AfBmPnPXj9ktyDN_3fpurVtKogfqGk3Tm7qr8fLxgEgp_w&oe=638E9AC0&_nc_sid=282b66,false
44956225178,yashwanth2726,__its__me__Yashwanth H 🖤🖤,https://instagram.fblr20-1.fna.fbcdn.net/v/t51.2885-19/315461766_187035507178016_1123744223581083389_n.jpg?stp=dst-jpg_s150x150&_nc_ht=instagram.fblr20-1.fna.fbcdn.net&_nc_cat=108&_nc_ohc=GLi4Hy3ydhoAX_FInWn&edm=AOG-cTkBAAAA&ccb=7-5&oh=00_AfArpr7cVGiysH-s5sPwUe5E3DJ9NXVcSEmLbHiFB2uBPg&oe=638ECBAE&_nc_sid=282b66,false
8727659893,s_arjunreddy17293031,🥳🅿.𝕾A𝕴 𝕽𝕬𝕲𝖀V𝕰𝕰𝕽 𝕽𝕰𝕰𝕯𝖄🖤🥳,https://instagram.fblr20-1.fna.fbcdn.net/v/t51.2885-19/317575389_1355851621822246_8517641644337572730_n.jpg?stp=dst-jpg_s150x150&_nc_ht=instagram.fblr20-1.fna.fbcdn.net&_nc_cat=110&_nc_ohc=3EghaaCGkY8AX8gBXzz&edm=AOG-cTkBAAAA&ccb=7-5&oh=00_AfDRQ97OVqhB-ISScmPtbLosr2-VV369T3tLq0vLeId-Yw&oe=638D277B&_nc_sid=282b66,false
9128733099,swasthiks59,Swasthik Shetty,https://instagram.fblr20-3.fna.fbcdn.net/v/t51.2885-19/241801409_971577183571709_8257024080617621076_n.jpg?stp=dst-jpg_s150x150&_nc_ht=instagram.fblr20-3.fna.fbcdn.net&_nc_cat=105&_nc_ohc=f2kWxKugWJIAX84JXUy&edm=AOG-cTkBAAAA&ccb=7-5&oh=00_AfCjdbMOfWHcZUBqib6NG_6m6borHBjN0XukSMXptfEqHg&oe=638E1373&_nc_sid=282b66,false
33016731328,pooja_r_14_,Pooja_R 💫,https://instagram.fblr20-2.fna.fbcdn.net/v/t51.2885-19/317359089_1146900832615619_2525250654097463967_n.jpg?stp=dst-jpg_s150x150&_nc_ht=instagram.fblr20-2.fna.fbcdn.net&_nc_cat=111&_nc_ohc=FF2bBMNa8mkAX-XJRRM&edm=AOG-cTkBAAAA&ccb=7-5&oh=00_AfAtJPOsF4csBNlIhE1QJwNc2QSmC2elk2E24gbBTbZrsg&oe=638DEC34&_nc_sid=282b66,false
51555502244,rohit_zhinzhurke09,Rohit,https://instagram.fblr20-3.fna.fbcdn.net/v/t51.2885-19/289906644_585307673023263_6419375100583572179_n.jpg?stp=dst-jpg_s150x150&_nc_ht=instagram.fblr20-3.fna.fbcdn.net&_nc_cat=103&_nc_ohc=LpGkerMLVZoAX-pxI3Q&edm=AOG-cTkBAAAA&ccb=7-5&oh=00_AfBFgl3CSS3f-7g31EwMf7JlwjuTfqRkqFKIrdhmFwTN5g&oe=638D2949&_nc_sid=282b66,false
54035252254,kaushikrajesh963,naman,https://instagram.fshl2-1.fna.fbcdn.net/v/t51.2885-19/44884218_345707102882519_2446069589734326272_n.jpg?_nc_ht=instagram.fshl2-1.fna.fbcdn.net&_nc_cat=1&_nc_ohc=v6hG0j-H7LQAX9Dd_jl&edm=AA0lj5EBAAAA&ccb=7-5&ig_cache_key=YW5vbnltb3VzX3Byb2ZpbGVfcGlj.2-ccb7-5&oh=00_AfDRqvUZiJkrzcyyPAwBolkmVfmmi5qsDBXdeYO5HH6Bgg&oe=638EA58F&_nc_sid=3add00,false
53887864362,cham.an4309,database,https://instagram.fblr20-3.fna.fbcdn.net/v/t51.2885-19/289860126_404574484779925_8044554275868385324_n.jpg?stp=dst-jpg_s150x150&_nc_ht=instagram.fblr20-3.fna.fbcdn.net&_nc_cat=101&_nc_ohc=mt7U0pQ7mo0AX8yhKxR&edm=AOG-cTkBAAAA&ccb=7-5&oh=00_AfAZASuAJUuUE-4eN4JxBVWpk65C7sYJ1p_ZvsRtjc6uiQ&oe=638D1C06&_nc_sid=282b66,false
47791401525,official_x_miz,Samrat K,https://instagram.fblr20-2.fna.fbcdn.net/v/t51.2885-19/316478888_789579785441522_169355522505546943_n.jpg?stp=dst-jpg_s150x150&_nc_ht=instagram.fblr20-2.fna.fbcdn.net&_nc_cat=102&_nc_ohc=0IRPqxpaHLUAX-T6Shp&edm=AOG-cTkBAAAA&ccb=7-5&oh=00_AfAlVyl5b641Oov2zrsX2OyOWpTEGdiw2e7Lc9QFGyBndg&oe=638EB2C9&_nc_sid=282b66,false
54081768112,jot06309,,https://instagram.fshl2-1.fna.fbcdn.net/v/t51.2885-19/44884218_345707102882519_2446069589734326272_n.jpg?_nc_ht=instagram.fshl2-1.fna.fbcdn.net&_nc_cat=1&_nc_ohc=v6hG0j-H7LQAX9Dd_jl&edm=AA0lj5EBAAAA&ccb=7-5&ig_cache_key=YW5vbnltb3VzX3Byb2ZpbGVfcGlj.2-ccb7-5&oh=00_AfDRqvUZiJkrzcyyPAwBolkmVfmmi5qsDBXdeYO5HH6Bgg&oe=638EA58F&_nc_sid=3add00,false
53897376342,amarrr869,,https://instagram.fshl2-1.fna.fbcdn.net/v/t51.2885-19/44884218_345707102882519_2446069589734326272_n.jpg?_nc_ht=instagram.fshl2-1.fna.fbcdn.net&_nc_cat=1&_nc_ohc=v6hG0j-H7LQAX9Dd_jl&edm=AA0lj5EBAAAA&ccb=7-5&ig_cache_key=YW5vbnltb3VzX3Byb2ZpbGVfcGlj.2-ccb7-5&oh=00_AfDRqvUZiJkrzcyyPAwBolkmVfmmi5qsDBXdeYO5HH6Bgg&oe=638EA58F&_nc_sid=3add00,false
53238427329,im_surya__you,CHINNU💕,https://instagram.fblr20-1.fna.fbcdn.net/v/t51.2885-19/285903715_547418480389390_250773407266021423_n.jpg?stp=dst-jpg_s150x150&_nc_ht=instagram.fblr20-1.fna.fbcdn.net&_nc_cat=110&_nc_ohc=sTKf-LUcXPYAX85nOoa&edm=AOG-cTkBAAAA&ccb=7-5&oh=00_AfBCCQV-YjoRwKdWZB23K3stPQ0GiYzpzsflVYV9jwYJfg&oe=638CEF71&_nc_sid=282b66,false
48135810021,cute_rajput_9866,R̤̮A̤̮J̤̮P̤̮Ṳ̮T̤̮ 😇 D̤̮I̤̮V̤̮Y̤̮A̤̮ 😇,https://instagram.fblr20-2.fna.fbcdn.net/v/t51.2885-19/287927815_1925971007607124_5567657709436597360_n.jpg?stp=dst-jpg_s150x150&_nc_ht=instagram.fblr20-2.fna.fbcdn.net&_nc_cat=104&_nc_ohc=8rgtO-IRdG4AX-2aHf6&edm=AOG-cTkBAAAA&ccb=7-5&oh=00_AfB9QkQUdhqBymQ-ybqIGxnTW4nmEANc4j3CrKM5tbS1BQ&oe=638D651A&_nc_sid=282b66,false
53179695363,love.u__bacha___,,https://instagram.fccu17-1.fna.fbcdn.net/v/t51.2885-19/44884218_345707102882519_2446069589734326272_n.jpg?_nc_ht=instagram.fccu17-1.fna.fbcdn.net&_nc_cat=1&_nc_ohc=v6hG0j-H7LQAX8t4o5L&edm=AEsR1pMBAAAA&ccb=7-5&ig_cache_key=YW5vbnltb3VzX3Byb2ZpbGVfcGlj.2-ccb7-5&oh=00_AfDICU57BgrfH7GqeKUlenviwvYUFDBoVxlWIzECsC409g&oe=638EA58F&_nc_sid=3f45ac,false
54240409810,ohzhub,,https://instagram.fccu17-1.fna.fbcdn.net/v/t51.2885-19/44884218_345707102882519_2446069589734326272_n.jpg?_nc_ht=instagram.fccu17-1.fna.fbcdn.net&_nc_cat=1&_nc_ohc=v6hG0j-H7LQAX8t4o5L&edm=AEsR1pMBAAAA&ccb=7-5&ig_cache_key=YW5vbnltb3VzX3Byb2ZpbGVfcGlj.2-ccb7-5&oh=00_AfDICU57BgrfH7GqeKUlenviwvYUFDBoVxlWIzECsC409g&oe=638EA58F&_nc_sid=3f45ac,false
53669237115,igmaster832,master,https://instagram.fblr20-2.fna.fbcdn.net/v/t51.2885-19/289603054_818336065800124_3536923928313200421_n.jpg?stp=dst-jpg_s150x150&_nc_ht=instagram.fblr20-2.fna.fbcdn.net&_nc_cat=104&_nc_ohc=UnuY71-wu9EAX-JPxfn&edm=AOG-cTkBAAAA&ccb=7-5&oh=00_AfAU_P03vOnuKz47GtiyYfEHe2pPcdJFqq_t_0Cun94vlA&oe=638E84E3&_nc_sid=282b66,false
54074361125,renan_.005,,https://instagram.fccu17-1.fna.fbcdn.net/v/t51.2885-19/44884218_345707102882519_2446069589734326272_n.jpg?_nc_ht=instagram.fccu17-1.fna.fbcdn.net&_nc_cat=1&_nc_ohc=v6hG0j-H7LQAX8t4o5L&edm=AEsR1pMBAAAA&ccb=7-5&ig_cache_key=YW5vbnltb3VzX3Byb2ZpbGVfcGlj.2-ccb7-5&oh=00_AfDICU57BgrfH7GqeKUlenviwvYUFDBoVxlWIzECsC409g&oe=638EA58F&_nc_sid=3f45ac,false
48256563029,parasemprenft,Para Sempre Artista,https://instagram.fblr20-2.fna.fbcdn.net/v/t51.2885-19/279629963_511532403940571_2131290901486002683_n.jpg?stp=dst-jpg_s150x150&_nc_ht=instagram.fblr20-2.fna.fbcdn.net&_nc_cat=111&_nc_ohc=OWUj9vq8n2cAX_NT6Iw&edm=AOG-cTkBAAAA&ccb=7-5&oh=00_AfAthQQEHqZPKNqFscYohK7vI1T6uRMzGTwstqArUqDmpw&oe=638EA69D&_nc_sid=282b66,false
38220299480,superheroes_fanpage_09,ADI  👑,https://instagram.fblr20-3.fna.fbcdn.net/v/t51.2885-19/272017115_345906434024245_1589465779418345580_n.jpg?stp=dst-jpg_s150x150&_nc_ht=instagram.fblr20-3.fna.fbcdn.net&_nc_cat=101&_nc_ohc=y06iVC0Lx3AAX8TY_UN&tn=0CjN_rVN9B-0nI5k&edm=AOG-cTkBAAAA&ccb=7-5&oh=00_AfD-qsAJF6YxfpJm-zTy8R5kVFsXETjhch7NM-grCO0krg&oe=638E49A1&_nc_sid=282b66,false
53667446225,sidhu32780,,https://instagram.fccu17-1.fna.fbcdn.net/v/t51.2885-19/44884218_345707102882519_2446069589734326272_n.jpg?_nc_ht=instagram.fccu17-1.fna.fbcdn.net&_nc_cat=1&_nc_ohc=v6hG0j-H7LQAX8t4o5L&edm=AEsR1pMBAAAA&ccb=7-5&ig_cache_key=YW5vbnltb3VzX3Byb2ZpbGVfcGlj.2-ccb7-5&oh=00_AfDICU57BgrfH7GqeKUlenviwvYUFDBoVxlWIzECsC409g&oe=638EA58F&_nc_sid=3f45ac,false
53697923127,youtubechannel9239,राजवीर मीना,https://instagram.fblr20-1.fna.fbcdn.net/v/t51.2885-19/290352651_569957481166702_4366596212731871373_n.jpg?stp=dst-jpg_s150x150&_nc_ht=instagram.fblr20-1.fna.fbcdn.net&_nc_cat=110&_nc_ohc=Sjx6DqpZc3EAX9cFLCO&tn=0CjN_rVN9B-0nI5k&edm=AOG-cTkBAAAA&ccb=7-5&oh=00_AfC_Pmg1H27dAEQ9Kz8bclTQeNY0oIXoWDhyaAqh8n34Fg&oe=638E5133&_nc_sid=282b66,false
53601291513,naya.na6233,,https://instagram.fccu17-1.fna.fbcdn.net/v/t51.2885-19/44884218_345707102882519_2446069589734326272_n.jpg?_nc_ht=instagram.fccu17-1.fna.fbcdn.net&_nc_cat=1&_nc_ohc=v6hG0j-H7LQAX8t4o5L&edm=AEsR1pMBAAAA&ccb=7-5&ig_cache_key=YW5vbnltb3VzX3Byb2ZpbGVfcGlj.2-ccb7-5&oh=00_AfDICU57BgrfH7GqeKUlenviwvYUFDBoVxlWIzECsC409g&oe=638EA58F&_nc_sid=3f45ac,false
53860790036,rosesdsdg,,https://instagram.fccu17-1.fna.fbcdn.net/v/t51.2885-19/44884218_345707102882519_2446069589734326272_n.jpg?_nc_ht=instagram.fccu17-1.fna.fbcdn.net&_nc_cat=1&_nc_ohc=v6hG0j-H7LQAX8t4o5L&edm=AEsR1pMBAAAA&ccb=7-5&ig_cache_key=YW5vbnltb3VzX3Byb2ZpbGVfcGlj.2-ccb7-5&oh=00_AfDICU57BgrfH7GqeKUlenviwvYUFDBoVxlWIzECsC409g&oe=638EA58F&_nc_sid=3f45ac,false
44904739166,rohan.567,Rohan😈😈,https://instagram.fblr20-3.fna.fbcdn.net/v/t51.2885-19/317393342_1273198116864231_1430971424574904221_n.jpg?stp=dst-jpg_s150x150&_nc_ht=instagram.fblr20-3.fna.fbcdn.net&_nc_cat=103&_nc_ohc=fKIR0I65lSoAX9sQHPy&edm=AOG-cTkBAAAA&ccb=7-5&oh=00_AfBpdyxMGoUNs1aCWIXGgQ7SVbGajmeRd4XDjFz94-nHHQ&oe=638E9B97&_nc_sid=282b66,false
50278526850,_d_a_r_s_h_a_n56,DarshN,https://instagram.fccu17-1.fna.fbcdn.net/v/t51.2885-19/44884218_345707102882519_2446069589734326272_n.jpg?_nc_ht=instagram.fccu17-1.fna.fbcdn.net&_nc_cat=1&_nc_ohc=v6hG0j-H7LQAX8t4o5L&edm=AEsR1pMBAAAA&ccb=7-5&ig_cache_key=YW5vbnltb3VzX3Byb2ZpbGVfcGlj.2-ccb7-5&oh=00_AfDICU57BgrfH7GqeKUlenviwvYUFDBoVxlWIzECsC409g&oe=638EA58F&_nc_sid=3f45ac,false
35451687141,y_a_s_h_a_s_10,x__born..confused__x,https://instagram.fblr20-3.fna.fbcdn.net/v/t51.2885-19/317706545_2736714543125261_6005345549802997823_n.jpg?stp=dst-jpg_s150x150&_nc_ht=instagram.fblr20-3.fna.fbcdn.net&_nc_cat=105&_nc_ohc=hvbCDRq60KgAX8sSDoJ&edm=AOG-cTkBAAAA&ccb=7-5&oh=00_AfDWC7WuMrQo4M31JlLve0LSMgedN-av66R8rm5pd23gIA&oe=638D1A4F&_nc_sid=282b66,false
6183346839,madhu_reddy_157,Mâđhû řéđđy,https://instagram.fblr20-3.fna.fbcdn.net/v/t51.2885-19/310798910_5526512127424625_1731637792473949166_n.jpg?stp=dst-jpg_s150x150&_nc_ht=instagram.fblr20-3.fna.fbcdn.net&_nc_cat=105&_nc_ohc=sfK5Ajj-9iMAX_RZjOP&edm=AOG-cTkBAAAA&ccb=7-5&oh=00_AfBBRUuwTndWc4TTzZNyxhoFlwrZJBKbAdFDarQN2WLEhQ&oe=638E85CD&_nc_sid=282b66,false
32654831098,arya_gowda8,Arya Gowda,https://instagram.fblr20-1.fna.fbcdn.net/v/t51.2885-19/315301723_696628594933304_9218085423201899503_n.jpg?stp=dst-jpg_s150x150&_nc_ht=instagram.fblr20-1.fna.fbcdn.net&_nc_cat=108&_nc_ohc=fNpy6Mv470AAX8dbtmN&tn=0CjN_rVN9B-0nI5k&edm=AOG-cTkBAAAA&ccb=7-5&oh=00_AfAKnn-KZdzllWww-b3IhDROY1Ayk46ogl2Nb1AEn9Jf_w&oe=638E9282&_nc_sid=282b66,false
13345184249,harish____ksd,Harish Yelkana,https://instagram.fblr20-1.fna.fbcdn.net/v/t51.2885-19/278152197_118704737440137_7649825077047514725_n.jpg?stp=dst-jpg_s150x150&_nc_ht=instagram.fblr20-1.fna.fbcdn.net&_nc_cat=109&_nc_ohc=mKaX9hBZmJ8AX9LlvfP&edm=AOG-cTkBAAAA&ccb=7-5&oh=00_AfDe25zttsV9uWFq-UE5yaiU_d_vBtuGsAtBkqrL8KnVdg&oe=638DB076&_nc_sid=282b66,false
11918608743,46_foxey,ZACK,https://instagram.fblr20-2.fna.fbcdn.net/v/t51.2885-19/314740157_3320108098245443_5828187401676184066_n.jpg?stp=dst-jpg_s150x150&_nc_ht=instagram.fblr20-2.fna.fbcdn.net&_nc_cat=111&_nc_ohc=KdtXO4qI714AX8faJRP&edm=AOG-cTkBAAAA&ccb=7-5&oh=00_AfAak0d42P7dN33SZBwj77jPORGdQr6EnTX-2aHn_O6r_w&oe=638DC21F&_nc_sid=282b66,false
34435364594,shama.1811,shama manjunath,https://instagram.fblr20-3.fna.fbcdn.net/v/t51.2885-19/299640326_791228342018141_2162619193067669492_n.jpg?stp=dst-jpg_s150x150&_nc_ht=instagram.fblr20-3.fna.fbcdn.net&_nc_cat=105&_nc_ohc=BMHFSI743rgAX9o3WJu&edm=AOG-cTkBAAAA&ccb=7-5&oh=00_AfDM1-nq8cpynDVvrgqnjf2NUVLy4a4z30_ZsqgQb1i3fw&oe=638E27FA&_nc_sid=282b66,false
18106522635,harish_gowda_belthangady,Harish Gowda,https://instagram.fblr20-3.fna.fbcdn.net/v/t51.2885-19/314645476_1202586593949264_8785168501021103611_n.jpg?stp=dst-jpg_s150x150&_nc_ht=instagram.fblr20-3.fna.fbcdn.net&_nc_cat=100&_nc_ohc=eRQq9PwitGAAX-_vEgT&edm=AOG-cTkBAAAA&ccb=7-5&oh=00_AfD15LF_uNOudobzT3lZuu5G0OTjU_SeHeAl17JbeFUsIw&oe=638DADFE&_nc_sid=282b66,false
8908868778,inchara_gowda_photography,Inchara Gowda,https://instagram.fblr20-3.fna.fbcdn.net/v/t51.2885-19/282044098_1070382690521165_8134177312509037405_n.jpg?stp=dst-jpg_s150x150&_nc_ht=instagram.fblr20-3.fna.fbcdn.net&_nc_cat=105&_nc_ohc=mrMtdGnMiIUAX99212w&edm=AOG-cTkBAAAA&ccb=7-5&oh=00_AfBpi7A0gadO7pP_WrMDqAPEF5WxIitbWABNkHcpB688mw&oe=638E3CCF&_nc_sid=282b66,false
10127429712,_likhith_07_,Likhith Yadav,https://instagram.fblr20-2.fna.fbcdn.net/v/t51.2885-19/210426152_334565661578702_1455062532473625992_n.jpg?stp=dst-jpg_s150x150&_nc_ht=instagram.fblr20-2.fna.fbcdn.net&_nc_cat=102&_nc_ohc=k2qMvXfb9OIAX-LPMbF&tn=0CjN_rVN9B-0nI5k&edm=AOG-cTkBAAAA&ccb=7-5&oh=00_AfBcHW_YeKSIZPCsGO7DEwjp8hlKD_muy685qX1SqJwVsA&oe=638DE8CC&_nc_sid=282b66,false
54024059075,_shra._surakod,shraddha,https://instagram.fblr20-1.fna.fbcdn.net/v/t51.2885-19/296003250_164814539409307_8091825069717428668_n.jpg?stp=dst-jpg_s150x150&_nc_ht=instagram.fblr20-1.fna.fbcdn.net&_nc_cat=107&_nc_ohc=Q_wzU0qJ_ZAAX8OBc4P&edm=AOG-cTkBAAAA&ccb=7-5&oh=00_AfDRf0ZPAgvRdLA7wsApvAModI3lF_jMSbEBnAjCkzxUxw&oe=638E338F&_nc_sid=282b66,false
47728024660,_rahul_k_5836,R A H U L,https://instagram.fblr20-3.fna.fbcdn.net/v/t51.2885-19/299884586_837971617108825_8330494619240659561_n.jpg?stp=dst-jpg_s150x150&_nc_ht=instagram.fblr20-3.fna.fbcdn.net&_nc_cat=101&_nc_ohc=sK5zsNOx0VQAX94ikki&edm=AOG-cTkBAAAA&ccb=7-5&oh=00_AfAEdo6_pLXk-da1soiTaPJPX1hUk_kqMpQIMzwsJpv3Sw&oe=638E3207&_nc_sid=282b66,false
34992554602,aish_gowdha,aish,https://instagram.fblr20-2.fna.fbcdn.net/v/t51.2885-19/317014553_194462099779398_3889865892624464020_n.jpg?stp=dst-jpg_s150x150&_nc_ht=instagram.fblr20-2.fna.fbcdn.net&_nc_cat=106&_nc_ohc=9Mt4G2jN02wAX_M0-eC&edm=AOG-cTkBAAAA&ccb=7-5&oh=00_AfA8MX64WWXfRqB7vreIq1bIKD2r6tCQBiSqaJDCW5OywA&oe=638E35B4&_nc_sid=282b66,false
8067681946,preeti_vu,Preeti Uttur💫,https://instagram.fblr20-3.fna.fbcdn.net/v/t51.2885-19/311784399_1239251879972268_2133913597097706093_n.jpg?stp=dst-jpg_s150x150&_nc_ht=instagram.fblr20-3.fna.fbcdn.net&_nc_cat=100&_nc_ohc=LQ5W4ZxlzTYAX9sHYyJ&edm=AOG-cTkBAAAA&ccb=7-5&oh=00_AfCucACqelK_nFSHAYM2CbkBcKfhE_FO1SmNf50xu7mmew&oe=638D8D27&_nc_sid=282b66,false
52768347395,sharad_313,Sharad Hiremath,https://instagram.fblr20-3.fna.fbcdn.net/v/t51.2885-19/314483873_354366593561213_4418985845799213184_n.jpg?stp=dst-jpg_s150x150&_nc_ht=instagram.fblr20-3.fna.fbcdn.net&_nc_cat=105&_nc_ohc=QjCAE5MayugAX8u-oiT&edm=AOG-cTkBAAAA&ccb=7-5&oh=00_AfDRLyiKU40yGxeuZP7q5wt_AW6T0JAtlNElCzQuYagNMA&oe=638D388E&_nc_sid=282b66,false
40834796303,varun_raddi8,varun_raddi,https://instagram.fsub8-1.fna.fbcdn.net/v/t51.2885-19/44884218_345707102882519_2446069589734326272_n.jpg?efg=eyJybWQiOiJpZ19hbmRyb2lkX21vYmlsZV9uZXR3b3JrX3N0YWNrX2JhY2t0ZXN0X3YyNTlfMjp0aWdvbl9tbnMifQ&_nc_ht=instagram.fsub8-1.fna.fbcdn.net&_nc_cat=1&_nc_ohc=v6hG0j-H7LQAX9sJqyn&edm=ALlQn9MBAAAA&ccb=7-5&ig_cache_key=YW5vbnltb3VzX3Byb2ZpbGVfcGlj.2-ccb7-5&oh=00_AfC2b4CG6lp7zGRrClgPQy6gx8mLEtPDwVYQbBQDDXVXaA&oe=638EA58F&_nc_sid=48a2a6,false
53788576131,shreya_shashidhar_,shreya rathod,https://instagram.fblr20-1.fna.fbcdn.net/v/t51.2885-19/300795224_445336167614913_8328888129562961503_n.jpg?stp=dst-jpg_s150x150&_nc_ht=instagram.fblr20-1.fna.fbcdn.net&_nc_cat=109&_nc_ohc=pJbU39Y5JGcAX-luDxl&edm=AOG-cTkBAAAA&ccb=7-5&oh=00_AfAFFjI_i5mIEdumJk8J9HHHGp7nJaEC0konuXY_nkYqNg&oe=638E8EFE&_nc_sid=282b66,false
44001212677,darshan_727_,Darshan Oswal,https://instagram.fblr20-1.fna.fbcdn.net/v/t51.2885-19/217416103_1129081080934257_2110191611270697662_n.jpg?stp=dst-jpg_s150x150&_nc_ht=instagram.fblr20-1.fna.fbcdn.net&_nc_cat=109&_nc_ohc=y7FJ-unxIe4AX8bh8Ns&edm=AOG-cTkBAAAA&ccb=7-5&oh=00_AfD_ZwjxvOgsYagfA6wMF__2yahACa6QDYMJcEZupeDShQ&oe=638DD0E3&_nc_sid=282b66,false
45394618532,sumedhgbhat_,Sumedh G Bhat,https://instagram.fblr20-1.fna.fbcdn.net/v/t51.2885-19/307136967_5251499328305866_5870555456862359838_n.jpg?stp=dst-jpg_s150x150&_nc_ht=instagram.fblr20-1.fna.fbcdn.net&_nc_cat=110&_nc_ohc=VmvvNBKdkEoAX8EfLL0&edm=AOG-cTkBAAAA&ccb=7-5&oh=00_AfBPFEq8perQn5QU4QTTcC50qd_YnIlma6s4-6WQ3O1oIQ&oe=638EDB04&_nc_sid=282b66,false
47497746294,nirajgujar007,Niraj M Gujar,https://instagram.fblr20-2.fna.fbcdn.net/v/t51.2885-19/299481187_363264812683367_2782872552728589433_n.jpg?stp=dst-jpg_s150x150&_nc_ht=instagram.fblr20-2.fna.fbcdn.net&_nc_cat=111&_nc_ohc=HaRfEk4F3ucAX8U5XPC&edm=AOG-cTkBAAAA&ccb=7-5&oh=00_AfA2_9gm7-JpAI0yPUHp9-pv5gl_cNfENEWUHAciG8RfUA&oe=638EB726&_nc_sid=282b66,false
8414420023,gayatrireddy_5,gayatri,https://instagram.fsub8-1.fna.fbcdn.net/v/t51.2885-19/44884218_345707102882519_2446069589734326272_n.jpg?efg=eyJybWQiOiJpZ19hbmRyb2lkX21vYmlsZV9uZXR3b3JrX3N0YWNrX2JhY2t0ZXN0X3YyNTlfMjp0aWdvbl9tbnMifQ&_nc_ht=instagram.fsub8-1.fna.fbcdn.net&_nc_cat=1&_nc_ohc=v6hG0j-H7LQAX9sJqyn&edm=ALlQn9MBAAAA&ccb=7-5&ig_cache_key=YW5vbnltb3VzX3Byb2ZpbGVfcGlj.2-ccb7-5&oh=00_AfC2b4CG6lp7zGRrClgPQy6gx8mLEtPDwVYQbBQDDXVXaA&oe=638EA58F&_nc_sid=48a2a6,false
51191086606,alone__name_02,Thilak Gowda,https://instagram.fblr20-1.fna.fbcdn.net/v/t51.2885-19/317306199_540060030959072_5485165564938264314_n.jpg?stp=dst-jpg_s150x150&_nc_ht=instagram.fblr20-1.fna.fbcdn.net&_nc_cat=108&_nc_ohc=BHYD8UtvkIcAX-Eeuov&tn=0CjN_rVN9B-0nI5k&edm=AOG-cTkBAAAA&ccb=7-5&oh=00_AfC4DRnlZGm-B6IqbuCZXjt7KZNypGLZs3_oryTxW-WVvQ&oe=638E75FC&_nc_sid=282b66,false
51010071148,_narendatta.70,Naren Datha,https://instagram.fblr20-3.fna.fbcdn.net/v/t51.2885-19/306759967_603444174821333_3562888326303663133_n.jpg?stp=dst-jpg_s150x150&_nc_ht=instagram.fblr20-3.fna.fbcdn.net&_nc_cat=105&_nc_ohc=WvjrmXsEMMsAX_xqR8c&edm=AOG-cTkBAAAA&ccb=7-5&oh=00_AfBL1ji9pWPrUSbSYuqPAalbQjlLTGwA9xyvox9Q_9npzw&oe=638E22C7&_nc_sid=282b66,false
12969751174,saiprasad03.__,Sai Prasad Reddy P,https://instagram.fsub8-1.fna.fbcdn.net/v/t51.2885-19/44884218_345707102882519_2446069589734326272_n.jpg?efg=eyJybWQiOiJpZ19hbmRyb2lkX21vYmlsZV9uZXR3b3JrX3N0YWNrX2JhY2t0ZXN0X3YyNTlfMjp0aWdvbl9tbnMifQ&_nc_ht=instagram.fsub8-1.fna.fbcdn.net&_nc_cat=1&_nc_ohc=v6hG0j-H7LQAX9sJqyn&edm=ALlQn9MBAAAA&ccb=7-5&ig_cache_key=YW5vbnltb3VzX3Byb2ZpbGVfcGlj.2-ccb7-5&oh=00_AfC2b4CG6lp7zGRrClgPQy6gx8mLEtPDwVYQbBQDDXVXaA&oe=638EA58F&_nc_sid=48a2a6,false
50000065660,ritu_ms_,Ritu Sangannavar 🌸,https://instagram.fblr20-2.fna.fbcdn.net/v/t51.2885-19/299362215_392998902917944_9083194981612189414_n.jpg?stp=dst-jpg_s150x150&_nc_ht=instagram.fblr20-2.fna.fbcdn.net&_nc_cat=104&_nc_ohc=usWzV9P9fyIAX_VQgd1&edm=AOG-cTkBAAAA&ccb=7-5&oh=00_AfBApnKM3yPv9YZPqxRMNcI68BYCyVl2O2LFa8fmx0Q6EA&oe=638E83A1&_nc_sid=282b66,false
16383691751,akanksha_shetty_1012,Akanksha Shetty,https://instagram.fsub8-1.fna.fbcdn.net/v/t51.2885-19/44884218_345707102882519_2446069589734326272_n.jpg?efg=eyJybWQiOiJpZ19hbmRyb2lkX21vYmlsZV9uZXR3b3JrX3N0YWNrX2JhY2t0ZXN0X3YyNTlfMjp0aWdvbl9tbnMifQ&_nc_ht=instagram.fsub8-1.fna.fbcdn.net&_nc_cat=1&_nc_ohc=v6hG0j-H7LQAX9sJqyn&edm=ALlQn9MBAAAA&ccb=7-5&ig_cache_key=YW5vbnltb3VzX3Byb2ZpbGVfcGlj.2-ccb7-5&oh=00_AfC2b4CG6lp7zGRrClgPQy6gx8mLEtPDwVYQbBQDDXVXaA&oe=638EA58F&_nc_sid=48a2a6,false
14402036021,__atreya__a__naik__,Atreya Anil Naik,https://instagram.fblr20-3.fna.fbcdn.net/v/t51.2885-19/313936453_661518811985748_1975938360592300323_n.jpg?stp=dst-jpg_s150x150&_nc_ht=instagram.fblr20-3.fna.fbcdn.net&_nc_cat=100&_nc_ohc=5U3LAdl8OKQAX_923nc&edm=AOG-cTkBAAAA&ccb=7-5&oh=00_AfCZjyTBuikCoIJZSXm7qyNDN706pDs9mpujOBuEzDfROQ&oe=638D98A3&_nc_sid=282b66,false
48629141999,dream_girl_6004_,shreya rathod,https://instagram.fblr20-3.fna.fbcdn.net/v/t51.2885-19/300810412_5699064570149607_5576304664998844099_n.jpg?stp=dst-jpg_s150x150&_nc_ht=instagram.fblr20-3.fna.fbcdn.net&_nc_cat=103&_nc_ohc=6B0CTv0WlsUAX-lCfn8&edm=AOG-cTkBAAAA&ccb=7-5&oh=00_AfCZurTpauZF0oyfS0n567LIrjsY7wyBEnke0B6UybAoKg&oe=638E771F&_nc_sid=282b66,false
2351015076,s.eduinfo_se,S-Edu Info,https://instagram.fblr20-1.fna.fbcdn.net/v/t51.2885-19/309525129_524205579515803_5487235211349671231_n.jpg?stp=dst-jpg_s150x150&_nc_ht=instagram.fblr20-1.fna.fbcdn.net&_nc_cat=107&_nc_ohc=igUIv27bfYgAX_uqPIP&tn=0CjN_rVN9B-0nI5k&edm=AOG-cTkBAAAA&ccb=7-5&oh=00_AfC_5vb5j_CCLIN0t8-c-OjMejLRmgv9DonMZpha_jvCrg&oe=638DA0CA&_nc_sid=282b66,false
8087963488,niranjanjack_igi,Namo Niranjan Igi,https://instagram.fblr20-1.fna.fbcdn.net/v/t51.2885-19/299701963_1092975244944643_654892831170255168_n.jpg?stp=dst-jpg_s150x150&_nc_ht=instagram.fblr20-1.fna.fbcdn.net&_nc_cat=107&_nc_ohc=wVPvmxCDu1kAX8yFEhr&tn=0CjN_rVN9B-0nI5k&edm=AOG-cTkBAAAA&ccb=7-5&oh=00_AfD_SQdBPYEC8BCl4YIx64kcbcq2emd_ntC5394RXlAUEw&oe=638D5977&_nc_sid=282b66,false
45335073417,sg_rahul___,ʀᴀʜᴜʟ ꜱɢ⚡,https://instagram.fsub8-1.fna.fbcdn.net/v/t51.2885-19/44884218_345707102882519_2446069589734326272_n.jpg?efg=eyJybWQiOiJpZ19hbmRyb2lkX21vYmlsZV9uZXR3b3JrX3N0YWNrX2JhY2t0ZXN0X3YyNTlfMjp0aWdvbl9tbnMifQ&_nc_ht=instagram.fsub8-1.fna.fbcdn.net&_nc_cat=1&_nc_ohc=v6hG0j-H7LQAX9sJqyn&edm=ALlQn9MBAAAA&ccb=7-5&ig_cache_key=YW5vbnltb3VzX3Byb2ZpbGVfcGlj.2-ccb7-5&oh=00_AfC2b4CG6lp7zGRrClgPQy6gx8mLEtPDwVYQbBQDDXVXaA&oe=638EA58F&_nc_sid=48a2a6,false
2323866874,sachin_shetti_8055,Sachin Pattanshetti,https://instagram.fblr20-3.fna.fbcdn.net/v/t51.2885-19/290274681_446737627459632_1421883728775773547_n.jpg?stp=dst-jpg_s150x150&_nc_ht=instagram.fblr20-3.fna.fbcdn.net&_nc_cat=100&_nc_ohc=Xtf-XLtifkkAX96_dGb&tn=0CjN_rVN9B-0nI5k&edm=AOG-cTkBAAAA&ccb=7-5&oh=00_AfA0kv6jtWSS3lZeObdIPwmvML7jhxpGtl3aLrDyzmkbdw&oe=638DBF33&_nc_sid=282b66,false
7216493637,shiva_dare1991,🎀 𝒮𝒽𝒾𝓋𝒶 𝒦𝓊𝓂𝒶𝓇🎀 °°,https://instagram.fblr20-1.fna.fbcdn.net/v/t51.2885-19/217664002_3049428175291809_9035915182298769682_n.jpg?stp=dst-jpg_s150x150&_nc_ht=instagram.fblr20-1.fna.fbcdn.net&_nc_cat=109&_nc_ohc=6bjzMkk5hNwAX9S98Ey&edm=AOG-cTkBAAAA&ccb=7-5&oh=00_AfAUO7uAAyJxyBUoujminFpOLf5HiTrq5Al2AuOv-I2dVQ&oe=638E4497&_nc_sid=282b66,false
48006226280,_shribirje_25,🤗Shri...😁,https://instagram.fblr20-1.fna.fbcdn.net/v/t51.2885-19/307243147_2040257152839967_9125397303772054258_n.jpg?stp=dst-jpg_s150x150&_nc_ht=instagram.fblr20-1.fna.fbcdn.net&_nc_cat=107&_nc_ohc=pD9ydyMBxbEAX_HDVCH&edm=AOG-cTkBAAAA&ccb=7-5&oh=00_AfCPS6N2Vvwov-JEsGeqVOK5sZyIvc2C__JJEI9nERsXGA&oe=638ED51B&_nc_sid=282b66,false
32034105871,sarfrazahmedpatel,Sarfraz Ahmed,https://instagram.fblr20-2.fna.fbcdn.net/v/t51.2885-19/88986082_509391803083826_8082162706200657920_n.jpg?stp=dst-jpg_s150x150&_nc_ht=instagram.fblr20-2.fna.fbcdn.net&_nc_cat=102&_nc_ohc=vuKR9KCry4EAX-56hsV&edm=AOG-cTkBAAAA&ccb=7-5&oh=00_AfDFJBqsQOB2O8mhV8NzQXmUCxSGZ34QcT2EToZlPxa_0A&oe=638D5ABA&_nc_sid=282b66,false
48755751165,teli_nandu,Nandu Nandu,https://instagram.fblr20-2.fna.fbcdn.net/v/t51.2885-19/292353104_455394769352850_8723566518776432765_n.jpg?stp=dst-jpg_s150x150&_nc_ht=instagram.fblr20-2.fna.fbcdn.net&_nc_cat=106&_nc_ohc=U_XxUBQb4s0AX-_gJ_2&edm=AOG-cTkBAAAA&ccb=7-5&oh=00_AfBjqZIYu3zGmPR2fac9JZLUv-5WeHR7ZNCNybictCkHug&oe=638E8E83&_nc_sid=282b66,false
48976985902,ktm_rahul___,rahul ktm,https://instagram.fblr20-2.fna.fbcdn.net/v/t51.2885-19/228427635_523582452423078_2178534112663921479_n.jpg?stp=dst-jpg_s150x150&_nc_ht=instagram.fblr20-2.fna.fbcdn.net&_nc_cat=106&_nc_ohc=EPtDgN7SW2IAX84D_Cm&tn=0CjN_rVN9B-0nI5k&edm=AOG-cTkBAAAA&ccb=7-5&oh=00_AfB0pe8MrzJ31aoeTDOHUTitkgmljtJ4dbFO95dZHpuMDg&oe=638D4B93&_nc_sid=282b66,false
7543557974,pawan_nesrekar,Ｐａｗａｎ ✨,https://instagram.fblr20-3.fna.fbcdn.net/v/t51.2885-19/317490595_439266215068803_4286960394150140574_n.jpg?stp=dst-jpg_s150x150&_nc_ht=instagram.fblr20-3.fna.fbcdn.net&_nc_cat=103&_nc_ohc=jd1BR-I7LL8AX8xRRoY&tn=0CjN_rVN9B-0nI5k&edm=AOG-cTkBAAAA&ccb=7-5&oh=00_AfBQuqgUtDuNXKimdddkhIHrbX10nWAhdL_GCDvxCmGeiQ&oe=638D710D&_nc_sid=282b66,false
35846643090,shettysaddu,Saddu Shetty,https://instagram.fblr20-2.fna.fbcdn.net/v/t51.2885-19/313849683_547626853416846_6360132476535594319_n.jpg?stp=dst-jpg_s150x150&_nc_ht=instagram.fblr20-2.fna.fbcdn.net&_nc_cat=106&_nc_ohc=his5r_ZeRLMAX8Eov7Z&edm=AOG-cTkBAAAA&ccb=7-5&oh=00_AfBJkH8SNUGbtqPw7IzkrERz5pCxJMxD_XpiPS05hb7iMA&oe=638E2ED0&_nc_sid=282b66,false
48194573378,madhu__gulappagol,Madhu Gulappagol,https://instagram.fblr20-2.fna.fbcdn.net/v/t51.2885-19/314954458_148921814522354_4961034503750624128_n.jpg?stp=dst-jpg_s150x150&_nc_ht=instagram.fblr20-2.fna.fbcdn.net&_nc_cat=102&_nc_ohc=p3iXlv91alMAX8Az1pb&tn=0CjN_rVN9B-0nI5k&edm=AOG-cTkBAAAA&ccb=7-5&oh=00_AfAb7bq4G35c7vD1cs8DIukcZVv9byE_YEA31vGiHsixAQ&oe=638D1DD9&_nc_sid=282b66,false
48125940264,kee.rthi.reddy,𝑲𝒆𝒆𝒓𝒕𝒉𝒊 𝑹𝒆𝒅𝒅𝒚,https://instagram.fblr20-1.fna.fbcdn.net/v/t51.2885-19/307075453_618015916401895_6429533987015488913_n.jpg?stp=dst-jpg_s150x150&_nc_ht=instagram.fblr20-1.fna.fbcdn.net&_nc_cat=107&_nc_ohc=jvmPWqeWhLcAX90oDFG&edm=AOG-cTkBAAAA&ccb=7-5&oh=00_AfBV7civXnvT4LvwUl7-M9xqo6b8saJBeJUbaVCC2Gr6JA&oe=638E60CF&_nc_sid=282b66,false
45174693342,sunit_p_,sunit,https://instagram.fblr20-2.fna.fbcdn.net/v/t51.2885-19/277401722_172804378416542_7322543508555147670_n.jpg?stp=dst-jpg_s150x150&_nc_ht=instagram.fblr20-2.fna.fbcdn.net&_nc_cat=102&_nc_ohc=JhNy6popJsEAX-u3uwe&edm=AOG-cTkBAAAA&ccb=7-5&oh=00_AfDRkIn7jdXUXaYeu3iw5NXxSV6obv2o2w-JWAlgsbxcVQ&oe=638D3A52&_nc_sid=282b66,false
25030544228,shanta25013,$h@nt@.😊❤,https://instagram.fblr20-3.fna.fbcdn.net/v/t51.2885-19/315061229_870077171032285_7866359578740903386_n.jpg?stp=dst-jpg_s150x150&_nc_ht=instagram.fblr20-3.fna.fbcdn.net&_nc_cat=101&_nc_ohc=BaHDGIQfRNIAX-a0R5t&edm=AOG-cTkBAAAA&ccb=7-5&oh=00_AfCJK1Pjn2JtEmClQLRdxgJIvQKbRFcF-LLY3a1tAOg_rg&oe=638EB66B&_nc_sid=282b66,false
18836172328,gouri_mangalore,gouri  mangalore,https://instagram.fblr20-2.fna.fbcdn.net/v/t51.2885-19/304209303_182911410893166_585673015750129860_n.jpg?stp=dst-jpg_s150x150&_nc_ht=instagram.fblr20-2.fna.fbcdn.net&_nc_cat=106&_nc_ohc=RCgx4-Y3bTQAX-MY3w7&edm=AOG-cTkBAAAA&ccb=7-5&oh=00_AfDlubzD1nJLk_b3UvNjrebxpB8rn0JS4-OrqsridwUamw&oe=638E2F5A&_nc_sid=282b66,false
7826594765,srushti_p_sindhur,srushti. 😊,https://instagram.fblr20-3.fna.fbcdn.net/v/t51.2885-19/101052317_1169862143358733_607313731478618112_n.jpg?stp=dst-jpg_s150x150&_nc_ht=instagram.fblr20-3.fna.fbcdn.net&_nc_cat=101&_nc_ohc=PsIniqVi1QAAX-n_kfA&edm=AOG-cTkBAAAA&ccb=7-5&oh=00_AfBaG33DeBbPhJuRfBrG9KVeJRhzNo1WdZna5ssvpoEicA&oe=638D2175&_nc_sid=282b66,false
48362664365,battlegr0undsm0bileindia2021,,https://instagram.fblr20-3.fna.fbcdn.net/v/t51.2885-19/200516677_338361641034567_4521818918999578562_n.jpg?stp=dst-jpg_s150x150&_nc_ht=instagram.fblr20-3.fna.fbcdn.net&_nc_cat=103&_nc_ohc=Rt4eoGHZdpYAX-9dqgh&edm=AOG-cTkBAAAA&ccb=7-5&oh=00_AfBQlJXse6zH0_3XYArz6yoJecobZquPvhh3lD8NYhMudQ&oe=638E195E&_nc_sid=282b66,false
48123081849,alvasians_reels,Alvasreels Alvas,https://instagram.fblr20-1.fna.fbcdn.net/v/t51.2885-19/197465323_840352176605865_1640273186067002930_n.jpg?stp=dst-jpg_s150x150&_nc_ht=instagram.fblr20-1.fna.fbcdn.net&_nc_cat=109&_nc_ohc=1Qtrrw7T70cAX_pKR_v&tn=0CjN_rVN9B-0nI5k&edm=AOG-cTkBAAAA&ccb=7-5&oh=00_AfAGakKFJgrQrvu65PuLW_Cs3TRVQ91O1DpRYORGVXNiBQ&oe=638D6947&_nc_sid=282b66,false
46139128749,pubg_uc_seller_350,Yretghh,https://instagram.fsub8-1.fna.fbcdn.net/v/t51.2885-19/44884218_345707102882519_2446069589734326272_n.jpg?efg=eyJybWQiOiJpZ19hbmRyb2lkX21vYmlsZV9uZXR3b3JrX3N0YWNrX2JhY2t0ZXN0X3YyNTlfMjp0aWdvbl9tbnMifQ&_nc_ht=instagram.fsub8-1.fna.fbcdn.net&_nc_cat=1&_nc_ohc=v6hG0j-H7LQAX9sJqyn&edm=ALlQn9MBAAAA&ccb=7-5&ig_cache_key=YW5vbnltb3VzX3Byb2ZpbGVfcGlj.2-ccb7-5&oh=00_AfC2b4CG6lp7zGRrClgPQy6gx8mLEtPDwVYQbBQDDXVXaA&oe=638EA58F&_nc_sid=48a2a6,false
48334201495,reality_of_hindustan,,https://instagram.fsub8-1.fna.fbcdn.net/v/t51.2885-19/44884218_345707102882519_2446069589734326272_n.jpg?efg=eyJybWQiOiJpZ19hbmRyb2lkX21vYmlsZV9uZXR3b3JrX3N0YWNrX2JhY2t0ZXN0X3YyNTlfMjp0aWdvbl9tbnMifQ&_nc_ht=instagram.fsub8-1.fna.fbcdn.net&_nc_cat=1&_nc_ohc=v6hG0j-H7LQAX9sJqyn&edm=ALlQn9MBAAAA&ccb=7-5&ig_cache_key=YW5vbnltb3VzX3Byb2ZpbGVfcGlj.2-ccb7-5&oh=00_AfC2b4CG6lp7zGRrClgPQy6gx8mLEtPDwVYQbBQDDXVXaA&oe=638EA58F&_nc_sid=48a2a6,false
8392296890,sujal_hanji,sujal,https://instagram.fblr20-1.fna.fbcdn.net/v/t51.2885-19/306328054_1520466721729149_8641475438790635054_n.jpg?stp=dst-jpg_s150x150&_nc_ht=instagram.fblr20-1.fna.fbcdn.net&_nc_cat=109&_nc_ohc=Td4tcAAZqJ4AX9MyYcb&tn=0CjN_rVN9B-0nI5k&edm=AOG-cTkBAAAA&ccb=7-5&oh=00_AfAoKpKo5G-vaJX16mKzkIgWjC871ie6PMWIx21OZSjkDQ&oe=638D7467&_nc_sid=282b66,false
5703675592,sharad_024,Sharad Jirali,https://instagram.fblr20-3.fna.fbcdn.net/v/t51.2885-19/309037462_222523290103527_3457218326033588955_n.jpg?stp=dst-jpg_s150x150&_nc_ht=instagram.fblr20-3.fna.fbcdn.net&_nc_cat=103&_nc_ohc=eH9VtViV8X8AX-vdRph&edm=AOG-cTkBAAAA&ccb=7-5&oh=00_AfBHAUBpg_4g6tO1OTLfsUlNKMto7DIGan6URsOI0br-Iw&oe=638DC383&_nc_sid=282b66,false
46653760444,one9_dexter_,Romeo,https://instagram.fblr20-3.fna.fbcdn.net/v/t51.2885-19/162191139_194661982463425_8112919710730816454_n.jpg?stp=dst-jpg_s150x150&_nc_ht=instagram.fblr20-3.fna.fbcdn.net&_nc_cat=101&_nc_ohc=7XArlh7YUxMAX_mUrjL&edm=AOG-cTkBAAAA&ccb=7-5&oh=00_AfAsAq_zzIftkkf40ru8UNOWQW4SGlx0jqZba4y8hb_WxQ&oe=638DC1EA&_nc_sid=282b66,false
48111442004,shizu_ka_016,Anjali Aggarwal,https://instagram.fblr20-3.fna.fbcdn.net/v/t51.2885-19/285532071_2839212433054968_2498022848388317333_n.jpg?stp=dst-jpg_s150x150&_nc_ht=instagram.fblr20-3.fna.fbcdn.net&_nc_cat=100&_nc_ohc=JQ0klzT3zQwAX986scV&edm=AOG-cTkBAAAA&ccb=7-5&oh=00_AfAMUGLtBGbuFDFaOyzXXE7Xi9x8-3Lcxkcklkw_7wk9wQ&oe=638E0012&_nc_sid=282b66,false
38781409822,raigaming56,Rai GamingYT,https://instagram.fblr20-1.fna.fbcdn.net/v/t51.2885-19/164186716_2201080023362660_2262846443451518562_n.jpg?stp=dst-jpg_s150x150&_nc_ht=instagram.fblr20-1.fna.fbcdn.net&_nc_cat=108&_nc_ohc=ri8NuSCX8_cAX_zFEOw&edm=AOG-cTkBAAAA&ccb=7-5&oh=00_AfBiKuRAzAc127AhuKMulmPmJzE2-3uFiIQ7cqC8jKyJQQ&oe=638D156F&_nc_sid=282b66,false
36416269062,magnum40.gaming,🅼🅐🅶🅽🆄🅼,https://instagram.fblr20-2.fna.fbcdn.net/v/t51.2885-19/101351799_261240228635843_6100872276553498624_n.jpg?stp=dst-jpg_s150x150&_nc_ht=instagram.fblr20-2.fna.fbcdn.net&_nc_cat=111&_nc_ohc=0XdvQ9BCGCgAX-7jbqY&edm=AOG-cTkBAAAA&ccb=7-5&oh=00_AfCQG4FDH9WUgCSA7QyHGGl8qM87uk8XnfhjfDOoF9PCqA&oe=638D283B&_nc_sid=282b66,false
21755351921,_sachhiii___st,Sachin ST ,https://instagram.fblr20-1.fna.fbcdn.net/v/t51.2885-19/317362711_3386716468263706_5056342656142706450_n.jpg?stp=dst-jpg_s150x150&_nc_ht=instagram.fblr20-1.fna.fbcdn.net&_nc_cat=110&_nc_ohc=C--i2KH3AEEAX9c-YpC&edm=AOG-cTkBAAAA&ccb=7-5&oh=00_AfCYbd4OOBBl9JTPj8YWMRPZmgz31E0FFjMAK3aSDhV0zQ&oe=638E7423&_nc_sid=282b66,false
48000248003,vishwas_kandagal755,Vishwas,https://instagram.fblr20-1.fna.fbcdn.net/v/t51.2885-19/179573671_311132020379589_3913053764441217332_n.jpg?stp=dst-jpg_s150x150&_nc_ht=instagram.fblr20-1.fna.fbcdn.net&_nc_cat=109&_nc_ohc=Bsk3kXS_ArAAX-hoGaG&edm=AOG-cTkBAAAA&ccb=7-5&oh=00_AfDSKIrW7NMYTAtPHgwZrDPcyIK7jIgf71FcUjtrEm2xMw&oe=638DE2F9&_nc_sid=282b66,false
41814630815,shreya_nyamagoud,Shreya,https://instagram.fblr20-3.fna.fbcdn.net/v/t51.2885-19/278702283_1173401730061440_4963739092417675118_n.jpg?stp=dst-jpg_s150x150&_nc_ht=instagram.fblr20-3.fna.fbcdn.net&_nc_cat=100&_nc_ohc=5mpfFEI9mfwAX-bughS&edm=AOG-cTkBAAAA&ccb=7-5&oh=00_AfB7NPZorOrlI4b9GUjrTYHBcR-LBFeUL0OIkllrdehtiw&oe=638D5442&_nc_sid=282b66,false
31570202190,prakruti_____21,prakruti,https://instagram.fblr20-1.fna.fbcdn.net/v/t51.2885-19/296897357_1024337048430499_2163791321955237303_n.jpg?stp=dst-jpg_s150x150&_nc_ht=instagram.fblr20-1.fna.fbcdn.net&_nc_cat=107&_nc_ohc=-PT0uArhhzwAX-93Zcn&edm=AOG-cTkBAAAA&ccb=7-5&oh=00_AfCAXcUttJfWP0DKd4jNh0I6HbZK7dKnJjuBwS5dHfKRQA&oe=638E94EA&_nc_sid=282b66,false
6553957618,_.a._esthetic._._,ֆɦɨʋ 👻,https://instagram.fblr20-2.fna.fbcdn.net/v/t51.2885-19/314765666_5837148576345328_7810545823367572330_n.jpg?stp=dst-jpg_s150x150&_nc_ht=instagram.fblr20-2.fna.fbcdn.net&_nc_cat=104&_nc_ohc=yYAZkzoFSEcAX8Fr-AO&edm=AOG-cTkBAAAA&ccb=7-5&oh=00_AfAbMIBNxzwrAH2JH_4qmlMUUKVg52RCXrFXRCEkBw1j9w&oe=638E38CA&_nc_sid=282b66,false
47677232367,srimanth_974,srimanth_reddy,https://instagram.fpnq13-2.fna.fbcdn.net/v/t51.2885-19/44884218_345707102882519_2446069589734326272_n.jpg?efg=eyJybWQiOiJpZ19hbmRyb2lkX21vYmlsZV9uZXR3b3JrX3N0YWNrX3RpZ29uX21uc19ybWRfMjU1X3YyOnRpZ29uX2xpZ2VyX3JtZCJ9&_nc_ht=instagram.fpnq13-2.fna.fbcdn.net&_nc_cat=1&_nc_ohc=v6hG0j-H7LQAX-s15mc&edm=APwHDrQBAAAA&ccb=7-5&ig_cache_key=YW5vbnltb3VzX3Byb2ZpbGVfcGlj.2-ccb7-5&oh=00_AfBcnnfFcdhIWYBO3Cj3ojeo0xLL1bxCKH1vrSN2AgEnTg&oe=638EA58F&_nc_sid=1c538d,false
27197545509,sri_nivas1342,......,https://instagram.fblr20-3.fna.fbcdn.net/v/t51.2885-19/129791370_109818354294432_2075124045939067848_n.jpg?stp=dst-jpg_s150x150&_nc_ht=instagram.fblr20-3.fna.fbcdn.net&_nc_cat=100&_nc_ohc=oukq3hUcc58AX_zqW4b&edm=AOG-cTkBAAAA&ccb=7-5&oh=00_AfAOTcFh-j7ryu6yuUjIQvKm2TokWiwP3ypbllV5qOLLGg&oe=638E8E17&_nc_sid=282b66,false
6729742175,f_a_z_a_l___,Fazal Nadaf,https://instagram.fblr20-2.fna.fbcdn.net/v/t51.2885-19/312084027_782982609443778_6865777465963104003_n.jpg?stp=dst-jpg_s150x150&_nc_ht=instagram.fblr20-2.fna.fbcdn.net&_nc_cat=106&_nc_ohc=20eoCM1VbE8AX-CFmVE&edm=AOG-cTkBAAAA&ccb=7-5&oh=00_AfBSQuIdCna_bHStv4mZMrd8PhRxw5y6RCz0W7g8LcRNMg&oe=638DACC2&_nc_sid=282b66,false
47236823129,b_r_pets_,B.R Pets,https://instagram.fblr20-1.fna.fbcdn.net/v/t51.2885-19/187315762_885335098711234_7805747740378945345_n.jpg?stp=dst-jpg_s150x150&_nc_ht=instagram.fblr20-1.fna.fbcdn.net&_nc_cat=110&_nc_ohc=Bw14ZcWVHJ8AX_s4jq3&edm=AOG-cTkBAAAA&ccb=7-5&oh=00_AfDudRimwDwWPSOcfA4jr7XTzAz0sGGMbX0oYOcpNWMXKw&oe=638D55AE&_nc_sid=282b66,false
36781878429,praj_walmali,prajwal mali,https://instagram.fblr20-3.fna.fbcdn.net/v/t51.2885-19/267525449_635333757620532_8306098859640934923_n.jpg?stp=dst-jpg_s150x150&_nc_ht=instagram.fblr20-3.fna.fbcdn.net&_nc_cat=100&_nc_ohc=PP5KagF83PUAX_fvVXx&edm=AOG-cTkBAAAA&ccb=7-5&oh=00_AfDI24HP_ZpL4CcB61SlnYdnMCOa1Pc4HUeTzH4qclHbOQ&oe=638DCE4D&_nc_sid=282b66,false
46050748591,advita_v_patil,Advita V Patil,https://instagram.fblr20-1.fna.fbcdn.net/v/t51.2885-19/244443053_336997081551250_848238399833159774_n.jpg?stp=dst-jpg_s150x150&_nc_ht=instagram.fblr20-1.fna.fbcdn.net&_nc_cat=110&_nc_ohc=OsbvTsgFABkAX9pS10p&edm=AOG-cTkBAAAA&ccb=7-5&oh=00_AfB73AG_eY8-RPMWKap76zw_kvbCJeyNbMXsNA4gcWF_8g&oe=638D2F99&_nc_sid=282b66,false
47476806391,sarp.iliii1,,https://instagram.fpnq13-2.fna.fbcdn.net/v/t51.2885-19/44884218_345707102882519_2446069589734326272_n.jpg?efg=eyJybWQiOiJpZ19hbmRyb2lkX21vYmlsZV9uZXR3b3JrX3N0YWNrX3RpZ29uX21uc19ybWRfMjU1X3YyOnRpZ29uX2xpZ2VyX3JtZCJ9&_nc_ht=instagram.fpnq13-2.fna.fbcdn.net&_nc_cat=1&_nc_ohc=v6hG0j-H7LQAX-s15mc&edm=APwHDrQBAAAA&ccb=7-5&ig_cache_key=YW5vbnltb3VzX3Byb2ZpbGVfcGlj.2-ccb7-5&oh=00_AfBcnnfFcdhIWYBO3Cj3ojeo0xLL1bxCKH1vrSN2AgEnTg&oe=638EA58F&_nc_sid=1c538d,false
48043265335,yahdhd6,,https://instagram.fpnq13-2.fna.fbcdn.net/v/t51.2885-19/44884218_345707102882519_2446069589734326272_n.jpg?efg=eyJybWQiOiJpZ19hbmRyb2lkX21vYmlsZV9uZXR3b3JrX3N0YWNrX3RpZ29uX21uc19ybWRfMjU1X3YyOnRpZ29uX2xpZ2VyX3JtZCJ9&_nc_ht=instagram.fpnq13-2.fna.fbcdn.net&_nc_cat=1&_nc_ohc=v6hG0j-H7LQAX-s15mc&edm=APwHDrQBAAAA&ccb=7-5&ig_cache_key=YW5vbnltb3VzX3Byb2ZpbGVfcGlj.2-ccb7-5&oh=00_AfBcnnfFcdhIWYBO3Cj3ojeo0xLL1bxCKH1vrSN2AgEnTg&oe=638EA58F&_nc_sid=1c538d,false
47595201937,prachi_2337,,https://instagram.fblr20-3.fna.fbcdn.net/v/t51.2885-19/169047021_738082013531391_718632196091952915_n.jpg?stp=dst-jpg_s150x150&_nc_ht=instagram.fblr20-3.fna.fbcdn.net&_nc_cat=103&_nc_ohc=Ui9XOaLygFEAX9wyxre&tn=0CjN_rVN9B-0nI5k&edm=AOG-cTkBAAAA&ccb=7-5&oh=00_AfDz8NTmXK15vkrh-RlZPrCihqgIclSLY1i3UT-rp6G9oA&oe=638E0BB0&_nc_sid=282b66,false
47774268308,qeen6260,jeel patel,https://instagram.fblr20-2.fna.fbcdn.net/v/t51.2885-19/179508478_370744894248606_1266862219840015255_n.jpg?stp=dst-jpg_s150x150&_nc_ht=instagram.fblr20-2.fna.fbcdn.net&_nc_cat=106&_nc_ohc=NYS24QiPexsAX9Pvv_u&edm=AOG-cTkBAAAA&ccb=7-5&oh=00_AfAZ9B5z1KGz0Q8jCj8vC2IoTTC3t59B_qNYdS_x0Y0-JA&oe=638D4C87&_nc_sid=282b66,false
48011725457,eminemeewest,,https://instagram.fblr20-3.fna.fbcdn.net/v/t51.2885-19/187243347_223233419227320_4342583868223415225_n.jpg?stp=dst-jpg_s150x150&_nc_ht=instagram.fblr20-3.fna.fbcdn.net&_nc_cat=100&_nc_ohc=6nRDoRY-au8AX-BbLJm&edm=AOG-cTkBAAAA&ccb=7-5&oh=00_AfCqH9rrlU-zYVfm2rRo1kst42ypZGKNd0-Ap6hrETJycQ&oe=638EAD4F&_nc_sid=282b66,false
2537013881,prashant_jirali,Prashanth Jirali,https://instagram.fblr20-1.fna.fbcdn.net/v/t51.2885-19/279304026_154499230386199_706400285923008135_n.jpg?stp=dst-jpg_s150x150&_nc_ht=instagram.fblr20-1.fna.fbcdn.net&_nc_cat=107&_nc_ohc=CF634zg5lcgAX-ag_ng&edm=AOG-cTkBAAAA&ccb=7-5&oh=00_AfBxX7nXntRY3k343_b_GNOvM1WGU42DABl_2E5V1jay-A&oe=638E201C&_nc_sid=282b66,false
4310562421,rahulpatil968,Rahul Patil,https://instagram.fblr20-2.fna.fbcdn.net/v/t51.2885-19/311585214_1286976738772922_2378759280774083914_n.jpg?stp=dst-jpg_s150x150&_nc_ht=instagram.fblr20-2.fna.fbcdn.net&_nc_cat=102&_nc_ohc=ddxZNlM-oAQAX-cqPLj&edm=AOG-cTkBAAAA&ccb=7-5&oh=00_AfBFmPFNnBH2nVN7mrtqYefhBukKcZXQcLhYTgpUk-3AYw&oe=638E2D8C&_nc_sid=282b66,false
9990891029,abhi._.kalghatkar,;/,https://instagram.fblr20-2.fna.fbcdn.net/v/t51.2885-19/317363124_908866756747266_576102378038146989_n.jpg?stp=dst-jpg_s150x150&_nc_ht=instagram.fblr20-2.fna.fbcdn.net&_nc_cat=106&_nc_ohc=RYKxoM37ni0AX9q2SsW&edm=AOG-cTkBAAAA&ccb=7-5&oh=00_AfAJl98alGjYWrJyDcw9bKASlpPbIQFvVYlAgkd2dfgWLg&oe=638E6B83&_nc_sid=282b66,false
47860037501,shopingstile_123,,https://instagram.fblr20-1.fna.fbcdn.net/v/t51.2885-19/188305430_386462419259839_8204139425063810979_n.jpg?stp=dst-jpg_s150x150&_nc_ht=instagram.fblr20-1.fna.fbcdn.net&_nc_cat=107&_nc_ohc=IkvF6D7bXasAX_xS5Sr&edm=AOG-cTkBAAAA&ccb=7-5&oh=00_AfBJ-w9KC5CV7KXuCbx3EocG9WEGKgmgune5LYtgwyGT4g&oe=638DB4C9&_nc_sid=282b66,false
47441416112,srusti_hukkeri,srusti hukkeri,https://instagram.fpnq13-2.fna.fbcdn.net/v/t51.2885-19/44884218_345707102882519_2446069589734326272_n.jpg?efg=eyJybWQiOiJpZ19hbmRyb2lkX21vYmlsZV9uZXR3b3JrX3N0YWNrX3RpZ29uX21uc19ybWRfMjU1X3YyOnRpZ29uX2xpZ2VyX3JtZCJ9&_nc_ht=instagram.fpnq13-2.fna.fbcdn.net&_nc_cat=1&_nc_ohc=v6hG0j-H7LQAX-s15mc&edm=APwHDrQBAAAA&ccb=7-5&ig_cache_key=YW5vbnltb3VzX3Byb2ZpbGVfcGlj.2-ccb7-5&oh=00_AfBcnnfFcdhIWYBO3Cj3ojeo0xLL1bxCKH1vrSN2AgEnTg&oe=638EA58F&_nc_sid=1c538d,false
8383720379,_ashx.k_,AshokA,https://instagram.fblr20-2.fna.fbcdn.net/v/t51.2885-19/305122593_641801150548674_8715650004066048763_n.jpg?stp=dst-jpg_s150x150&_nc_ht=instagram.fblr20-2.fna.fbcdn.net&_nc_cat=106&_nc_ohc=-f_AgetkQ3UAX-lecAb&edm=AOG-cTkBAAAA&ccb=7-5&oh=00_AfCu77cGoHpjwp_b4jFtszjSiLGQHed-YsPVs5-a1ue2_Q&oe=638D27A8&_nc_sid=282b66,false
25205720647,shaliniingalahalli,Shalini Shetty,https://instagram.fblr20-1.fna.fbcdn.net/v/t51.2885-19/317172737_155332693886158_7395499421991631368_n.jpg?stp=dst-jpg_s150x150&_nc_ht=instagram.fblr20-1.fna.fbcdn.net&_nc_cat=110&_nc_ohc=4rkhOfU8FBYAX-xr0SN&edm=AOG-cTkBAAAA&ccb=7-5&oh=00_AfAPfxQD8vajKgCByuMNUlA_Sx41_-iKpFAebirK00g_6A&oe=638E538C&_nc_sid=282b66,false
42863292201,itz_hemanth_gowda,Hemanth Gowda R,https://instagram.fblr20-2.fna.fbcdn.net/v/t51.2885-19/317266557_525343762609583_7442833098522540375_n.jpg?stp=dst-jpg_s150x150&_nc_ht=instagram.fblr20-2.fna.fbcdn.net&_nc_cat=111&_nc_ohc=ywST1ICHt6UAX8gdfjG&edm=AOG-cTkBAAAA&ccb=7-5&oh=00_AfB_E3sDkDvXAphFILp_wCx8Mr6evVGf5ZtNMMnzCYxrLw&oe=638E4AC6&_nc_sid=282b66,false
41060396354,ravishankar5544____,Ravishankar,https://instagram.fblr20-3.fna.fbcdn.net/v/t51.2885-19/301583122_2653180574817279_3672933537193035244_n.jpg?stp=dst-jpg_s150x150&_nc_ht=instagram.fblr20-3.fna.fbcdn.net&_nc_cat=103&_nc_ohc=t2jryCL1UrIAX_oD5Ho&edm=AOG-cTkBAAAA&ccb=7-5&oh=00_AfB2u7Crh6Y8qlwWL6Ln7o5Cy1yjxpBQNnvo0prf9g_1hA&oe=638E4400&_nc_sid=282b66,false
44905736526,anandkori27,Anandak,https://instagram.fblr20-1.fna.fbcdn.net/v/t51.2885-19/307831728_5064858386952742_8261289602037749647_n.jpg?stp=dst-jpg_s150x150&_nc_ht=instagram.fblr20-1.fna.fbcdn.net&_nc_cat=110&_nc_ohc=KQCW5ECYH6oAX9KdJez&edm=AOG-cTkBAAAA&ccb=7-5&oh=00_AfAsO4H_6YOi-QV212o6dY6ZWqnxCLgea2zm1chpw-qYSA&oe=638E06FD&_nc_sid=282b66,false
7063878151,pranav_1109_panu,Pranav Kedari,https://instagram.fblr20-3.fna.fbcdn.net/v/t51.2885-19/212083561_1010964966110197_4465981456428450440_n.jpg?stp=dst-jpg_s150x150&_nc_ht=instagram.fblr20-3.fna.fbcdn.net&_nc_cat=101&_nc_ohc=hvE8T8UHpg4AX9iyO2W&edm=AOG-cTkBAAAA&ccb=7-5&oh=00_AfAkP3VZOat9wl5s_x_luVq3huoAUqx-Nq_9G3KuLXvkfg&oe=638D728B&_nc_sid=282b66,false
45793486168,amazingplaces.travelphoto,,https://instagram.fblr20-1.fna.fbcdn.net/v/t51.2885-19/152430949_419117962727155_5125889563322039563_n.jpg?stp=dst-jpg_s150x150&_nc_ht=instagram.fblr20-1.fna.fbcdn.net&_nc_cat=107&_nc_ohc=ES5Zh-oGDEcAX-zIXGF&edm=AOG-cTkBAAAA&ccb=7-5&oh=00_AfADG7Kp6s8riAzC-DZVF4FnOc4OcJeNG2QZIH5-aH3ONA&oe=638DF3E9&_nc_sid=282b66,false
44655490854,abhishek_desai9901,abhishekdesai9901,https://instagram.fblr20-2.fna.fbcdn.net/v/t51.2885-19/187780535_772884920040503_3584559380186423518_n.jpg?stp=dst-jpg_s150x150&_nc_ht=instagram.fblr20-2.fna.fbcdn.net&_nc_cat=111&_nc_ohc=n8M2dO-jLH8AX85oqcM&edm=AOG-cTkBAAAA&ccb=7-5&oh=00_AfCHpTCl3oN8x2OqQAmSxBeFYEz1qyz_oBBJ4bOtTZ1UcA&oe=638D68E3&_nc_sid=282b66,false
20411722487,avanipunekar,Avani,https://instagram.fblr20-3.fna.fbcdn.net/v/t51.2885-19/121065275_440265516943105_1595602435194828551_n.jpg?stp=dst-jpg_s150x150&_nc_ht=instagram.fblr20-3.fna.fbcdn.net&_nc_cat=101&_nc_ohc=diO7Z1oWYbIAX9ebHc2&tn=0CjN_rVN9B-0nI5k&edm=AOG-cTkBAAAA&ccb=7-5&oh=00_AfBuXJYhihp8VHT1K1UIJ6KBysgNGnwHHkKiU3gP4H_Atw&oe=638CEB03&_nc_sid=282b66,false
8532266734,anusha_bhajantri,Anu👻,https://instagram.fblr20-1.fna.fbcdn.net/v/t51.2885-19/312523807_1186211528910355_2271751780859210507_n.jpg?stp=dst-jpg_s150x150&_nc_ht=instagram.fblr20-1.fna.fbcdn.net&_nc_cat=107&_nc_ohc=e4gJfiOeiKwAX9tWKNX&edm=AOG-cTkBAAAA&ccb=7-5&oh=00_AfC_jV_Njng6hB0tN8qDuu0jmkK59Mz566OdqRzkQiCdcQ&oe=638D9334&_nc_sid=282b66,false
30724184978,aastikaa_shetty,Aastika🦋,https://instagram.fblr20-2.fna.fbcdn.net/v/t51.2885-19/310215873_612064893944704_2871204747091856028_n.jpg?stp=dst-jpg_s150x150&_nc_ht=instagram.fblr20-2.fna.fbcdn.net&_nc_cat=104&_nc_ohc=3QP4HLlqiXUAX8ziO_1&edm=AOG-cTkBAAAA&ccb=7-5&oh=00_AfAqKfLDe4EpcwGiEZM8_IsixlV2pHUwSNqUGfxRLMN0PQ&oe=638CEE3F&_nc_sid=282b66,false
7520436499,srushti_p_s,➻ՏℛυＳհʈเ☆,https://instagram.fblr20-1.fna.fbcdn.net/v/t51.2885-19/311280692_1196008514311341_5345551554626381800_n.jpg?stp=dst-jpg_s150x150&_nc_ht=instagram.fblr20-1.fna.fbcdn.net&_nc_cat=109&_nc_ohc=mJxgiOwPW-EAX_MPuAr&edm=AOG-cTkBAAAA&ccb=7-5&oh=00_AfAskU5X7hVKQpVchxGcg6cwI1KSBx9tCpqEZH5JwprmQg&oe=638D6531&_nc_sid=282b66,false
7649466575,speechless_thunder,MANJUNATH,https://instagram.fblr20-2.fna.fbcdn.net/v/t51.2885-19/300118660_116770801126902_5676171160520685466_n.jpg?stp=dst-jpg_s150x150&_nc_ht=instagram.fblr20-2.fna.fbcdn.net&_nc_cat=106&_nc_ohc=dzXJ-tGbBZYAX9Gm4Wv&edm=AOG-cTkBAAAA&ccb=7-5&oh=00_AfA0Xu0A_ErgFSfpPxjTNIGb5SKqGZczlmNd5xtGCdD65A&oe=638DCE7F&_nc_sid=282b66,false
5791365223,iam.hruday.injallikar,Hruday Injallikar,https://instagram.fblr20-2.fna.fbcdn.net/v/t51.2885-19/316371589_1212339586306480_3788762351952342115_n.jpg?stp=dst-jpg_s150x150&_nc_ht=instagram.fblr20-2.fna.fbcdn.net&_nc_cat=104&_nc_ohc=qmIF4ZbKjSgAX-y4KaL&edm=AOG-cTkBAAAA&ccb=7-5&oh=00_AfDRPkk-Qv0qzxmg84waOvo0GHSg-Vz4ZIQ8ToOoGpk79A&oe=638DBE87&_nc_sid=282b66,false
30570859580,harsh.hg.798,Harsh Hg,https://instagram.fpnq13-2.fna.fbcdn.net/v/t51.2885-19/44884218_345707102882519_2446069589734326272_n.jpg?efg=eyJybWQiOiJpZ19hbmRyb2lkX21vYmlsZV9uZXR3b3JrX3N0YWNrX3RpZ29uX21uc19ybWRfMjU1X3YyOnRpZ29uX2xpZ2VyX3JtZCJ9&_nc_ht=instagram.fpnq13-2.fna.fbcdn.net&_nc_cat=1&_nc_ohc=v6hG0j-H7LQAX-s15mc&edm=APwHDrQBAAAA&ccb=7-5&ig_cache_key=YW5vbnltb3VzX3Byb2ZpbGVfcGlj.2-ccb7-5&oh=00_AfBcnnfFcdhIWYBO3Cj3ojeo0xLL1bxCKH1vrSN2AgEnTg&oe=638EA58F&_nc_sid=1c538d,false
7084610007,akshay_3216_,ΔΚៜհαψ,https://instagram.fblr20-2.fna.fbcdn.net/v/t51.2885-19/314305343_1107517936561322_7740879963876075464_n.jpg?stp=dst-jpg_s150x150&_nc_ht=instagram.fblr20-2.fna.fbcdn.net&_nc_cat=102&_nc_ohc=gOPcXwCGGqYAX--H0TH&edm=AOG-cTkBAAAA&ccb=7-5&oh=00_AfBy4jCG_46fGLl14mv9tWlIAnB1LbhKmBlbq7m98rvVxA&oe=638D7FA0&_nc_sid=282b66,false
17559427377,_samhith_sr_,Samhith,https://instagram.fblr20-1.fna.fbcdn.net/v/t51.2885-19/313927464_537270344904860_7783003515454121116_n.jpg?stp=dst-jpg_s150x150&_nc_ht=instagram.fblr20-1.fna.fbcdn.net&_nc_cat=108&_nc_ohc=rgrwS27Fr_YAX_6phxF&edm=AOG-cTkBAAAA&ccb=7-5&oh=00_AfA9kaTisEr3s4xSbkQYEdMBSrKJY76BKCAe4W38uruUww&oe=638D0D94&_nc_sid=282b66,false
26503697284,_r_o_h_i_t_748,ROHIT SAWANT,https://instagram.fpnq13-2.fna.fbcdn.net/v/t51.2885-19/44884218_345707102882519_2446069589734326272_n.jpg?efg=eyJybWQiOiJpZ19hbmRyb2lkX21vYmlsZV9uZXR3b3JrX3N0YWNrX3RpZ29uX21uc19ybWRfMjU1X3YyOnRpZ29uX2xpZ2VyX3JtZCJ9&_nc_ht=instagram.fpnq13-2.fna.fbcdn.net&_nc_cat=1&_nc_ohc=v6hG0j-H7LQAX-s15mc&edm=APwHDrQBAAAA&ccb=7-5&ig_cache_key=YW5vbnltb3VzX3Byb2ZpbGVfcGlj.2-ccb7-5&oh=00_AfBcnnfFcdhIWYBO3Cj3ojeo0xLL1bxCKH1vrSN2AgEnTg&oe=638EA58F&_nc_sid=1c538d,false
26925188103,harshita_nataraj,Harshita Nataraj,https://instagram.fblr20-2.fna.fbcdn.net/v/t51.2885-19/293340822_180419317715567_8418510340503269252_n.jpg?stp=dst-jpg_s150x150&_nc_ht=instagram.fblr20-2.fna.fbcdn.net&_nc_cat=111&_nc_ohc=JWF6aCUInngAX_27aTQ&edm=AOG-cTkBAAAA&ccb=7-5&oh=00_AfBaj0mG3PBenz6_ynI64QCOyOUUkYIJ0r1o-pKmUU6yag&oe=638EC1D3&_nc_sid=282b66,false
47221524953,kanchanagouranu,Aniruddh 6580,https://instagram.fblr20-2.fna.fbcdn.net/v/t51.2885-19/175980242_312598776958619_3109472069595351544_n.jpg?stp=dst-jpg_s150x150&_nc_ht=instagram.fblr20-2.fna.fbcdn.net&_nc_cat=111&_nc_ohc=8x3CcHt55MgAX_Daadz&tn=0CjN_rVN9B-0nI5k&edm=AOG-cTkBAAAA&ccb=7-5&oh=00_AfBFS0ft03ZtGTJHwQj_UPOC8SBvhNZQ5tFq2DHC0--ntQ&oe=638E38E3&_nc_sid=282b66,false
26588416329,shreeharsha_61,Shreeharsha,https://instagram.fpnq13-2.fna.fbcdn.net/v/t51.2885-19/44884218_345707102882519_2446069589734326272_n.jpg?efg=eyJybWQiOiJpZ19hbmRyb2lkX21vYmlsZV9uZXR3b3JrX3N0YWNrX3RpZ29uX21uc19ybWRfMjU1X3YyOnRpZ29uX2xpZ2VyX3JtZCJ9&_nc_ht=instagram.fpnq13-2.fna.fbcdn.net&_nc_cat=1&_nc_ohc=v6hG0j-H7LQAX-s15mc&edm=APwHDrQBAAAA&ccb=7-5&ig_cache_key=YW5vbnltb3VzX3Byb2ZpbGVfcGlj.2-ccb7-5&oh=00_AfBcnnfFcdhIWYBO3Cj3ojeo0xLL1bxCKH1vrSN2AgEnTg&oe=638EA58F&_nc_sid=1c538d,false
29799080069,krishna._kg,Krishna K G,https://instagram.fblr20-3.fna.fbcdn.net/v/t51.2885-19/309599471_1193665664545824_1289489260748180305_n.jpg?stp=dst-jpg_s150x150&_nc_ht=instagram.fblr20-3.fna.fbcdn.net&_nc_cat=100&_nc_ohc=rBjMcdJ7BPwAX9lYAO5&edm=AOG-cTkBAAAA&ccb=7-5&oh=00_AfAHiVOW6Dkw0bLaYpCjbzleNTPM-QEhzMpFrxoPK27G-g&oe=638D1BFF&_nc_sid=282b66,false
31838627389,im__nitesh,Nitesh.s,https://instagram.fblr20-2.fna.fbcdn.net/v/t51.2885-19/312582905_1200388887207378_1670469362089642074_n.jpg?stp=dst-jpg_s150x150&_nc_ht=instagram.fblr20-2.fna.fbcdn.net&_nc_cat=106&_nc_ohc=qA9Zocoouc0AX-RcD5I&edm=AOG-cTkBAAAA&ccb=7-5&oh=00_AfDB3HV3ZafJxkhrkgDysBA8pVHm8gD6ebzCAU9qs2lOhA&oe=638DC80B&_nc_sid=282b66,false
6839590156,darshan__ashok,Darshan Ashok,https://instagram.fblr20-1.fna.fbcdn.net/v/t51.2885-19/315111860_706953430801760_7626359565360168754_n.jpg?stp=dst-jpg_s150x150&_nc_ht=instagram.fblr20-1.fna.fbcdn.net&_nc_cat=108&_nc_ohc=PHdDPqmMR2QAX_qAfDD&tn=0CjN_rVN9B-0nI5k&edm=AOG-cTkBAAAA&ccb=7-5&oh=00_AfAS6_m3oXkBIXQaVYJgI0tzkpcrxv7JnKzKB2IQncKW9Q&oe=638E6BB1&_nc_sid=282b66,false
6797290875,achut_meti,Achuth Meti,https://instagram.fblr20-1.fna.fbcdn.net/v/t51.2885-19/315321430_1841750956173056_8128443175167070954_n.jpg?stp=dst-jpg_s150x150&_nc_ht=instagram.fblr20-1.fna.fbcdn.net&_nc_cat=108&_nc_ohc=S_PziHe6FYkAX_PlQwG&tn=0CjN_rVN9B-0nI5k&edm=AOG-cTkBAAAA&ccb=7-5&oh=00_AfB_uht7QwiiJdNFWv2-7VLeajKFVLNp9T7wlRBGsEAFiw&oe=638DB9CA&_nc_sid=282b66,false
45300738922,omkar_anantapur,σмкαя,https://instagram.fblr20-2.fna.fbcdn.net/v/t51.2885-19/284252415_556908972666690_8709775700193511606_n.jpg?stp=dst-jpg_s150x150&_nc_ht=instagram.fblr20-2.fna.fbcdn.net&_nc_cat=106&_nc_ohc=4kGI_wCjFNoAX_EgaI4&edm=AOG-cTkBAAAA&ccb=7-5&oh=00_AfCncsX_KVfe65vGZLrFSExiL5Thi08mlQhNW8nC-UPwAw&oe=638DBD3B&_nc_sid=282b66,false
4335329108,omkar_a_22,Omkar A,https://instagram.fblr20-2.fna.fbcdn.net/v/t51.2885-19/311707838_620174589647807_2834539330912839766_n.jpg?stp=dst-jpg_s150x150&_nc_ht=instagram.fblr20-2.fna.fbcdn.net&_nc_cat=111&_nc_ohc=8LfEb4A-rAkAX-52eis&edm=AOG-cTkBAAAA&ccb=7-5&oh=00_AfBz0s0xD0_Qbk8fQ2QDcQ2KE7BbflYrWnQf6-LLhUem5A&oe=638D5EEA&_nc_sid=282b66,false
12560376426,spoorti_anantapur,Spoorti Anantapur🦄,https://instagram.fblr20-1.fna.fbcdn.net/v/t51.2885-19/316361026_192818833274146_1931511007327875528_n.jpg?stp=dst-jpg_s150x150&_nc_ht=instagram.fblr20-1.fna.fbcdn.net&_nc_cat=110&_nc_ohc=VYBB_rZRXxYAX_c2OJr&edm=AOG-cTkBAAAA&ccb=7-5&oh=00_AfAeXAbvuCFAcf_gjmwnT6sVtS2315AE-6N8BOvT6gn_gw&oe=638E2C8C&_nc_sid=282b66,false
2417058515,damnnn.dm,darshannn👾,https://instagram.fblr20-2.fna.fbcdn.net/v/t51.2885-19/315210455_1446180999215490_6910185313038946961_n.jpg?stp=dst-jpg_s150x150&_nc_ht=instagram.fblr20-2.fna.fbcdn.net&_nc_cat=106&_nc_ohc=F913RekxviEAX9Cvw_l&edm=AOG-cTkBAAAA&ccb=7-5&oh=00_AfC62pjFqb_xnHqIxR4mE-09LcefCEgWShoboP0SX6C2Lw&oe=638DF197&_nc_sid=282b66,false
47448574745,__.harry08.__,𝕾𝖍𝖗𝖎𝖍𝖆𝖗𝖎 𝕻 𝕽𝖆𝖔,https://instagram.fblr20-2.fna.fbcdn.net/v/t51.2885-19/317862536_968041400839082_6769121657463087826_n.jpg?stp=dst-jpg_s150x150&_nc_ht=instagram.fblr20-2.fna.fbcdn.net&_nc_cat=102&_nc_ohc=VS1VNhGDxwQAX_T98ea&tn=0CjN_rVN9B-0nI5k&edm=AOG-cTkBAAAA&ccb=7-5&oh=00_AfAlZo078PMlLtA1r3dJEVSj_ZW5jaPWVLkq3BDwBGRNnw&oe=638E6D5E&_nc_sid=282b66,false
39147315903,ishwari_rnaik,Ishwari Naik,https://instagram.fblr20-2.fna.fbcdn.net/v/t51.2885-19/272333489_116592057572123_2075640049447267013_n.jpg?stp=dst-jpg_s150x150&_nc_ht=instagram.fblr20-2.fna.fbcdn.net&_nc_cat=111&_nc_ohc=sXeA_Y8Y-1kAX-phrMg&tn=0CjN_rVN9B-0nI5k&edm=AOG-cTkBAAAA&ccb=7-5&oh=00_AfDSKHsxEWjPD8ECYDu62xfHIqalwnb5aOG5ZNxNPzWT5A&oe=638EAFCC&_nc_sid=282b66,false
7927416242,meer.dada,Meer Dada,https://instagram.fblr20-1.fna.fbcdn.net/v/t51.2885-19/34120956_253028168596450_7101839092358316032_n.jpg?stp=dst-jpg_s150x150&_nc_ht=instagram.fblr20-1.fna.fbcdn.net&_nc_cat=110&_nc_ohc=Lhal442R2cAAX887GEo&edm=AOG-cTkBAAAA&ccb=7-5&oh=00_AfBT6_88qEpA6TQiT3omZCrFp0HhPo8FfwQwGUPHNo51Hg&oe=638E9FBD&_nc_sid=282b66,false
6117353412,srusti_golekar,Srusti Golekar 🇮🇳,https://instagram.fblr20-3.fna.fbcdn.net/v/t51.2885-19/313635237_228705592816249_626354115774429133_n.jpg?stp=dst-jpg_s150x150&_nc_ht=instagram.fblr20-3.fna.fbcdn.net&_nc_cat=101&_nc_ohc=3UAMISMFJ7sAX9RZScY&tn=0CjN_rVN9B-0nI5k&edm=AOG-cTkBAAAA&ccb=7-5&oh=00_AfDnxl-mW65sbgJLDMW_NX81L9AaYwM7FJScHyXz49L00w&oe=638E56EA&_nc_sid=282b66,false
8085469811,_t_sneha_1405_,〄ˢⁿᵉʰᵃ〄,https://instagram.fblr20-2.fna.fbcdn.net/v/t51.2885-19/314607135_846848463011258_8113252035436064601_n.jpg?stp=dst-jpg_s150x150&_nc_ht=instagram.fblr20-2.fna.fbcdn.net&_nc_cat=102&_nc_ohc=FKy8PHdjhAIAX8FyC1F&edm=AOG-cTkBAAAA&ccb=7-5&oh=00_AfA3IYs9AOIJspK3bREiURJ0Z37QFL0l3tQ1wmk4-Fxe7Q&oe=638EC196&_nc_sid=282b66,false
5983750976,viresh_vedpathak,Viresh Pathak,https://instagram.fblr20-2.fna.fbcdn.net/v/t51.2885-19/309679390_813336836479127_2242887732104693266_n.jpg?stp=dst-jpg_s150x150&_nc_ht=instagram.fblr20-2.fna.fbcdn.net&_nc_cat=111&_nc_ohc=PeG_HBUEwY0AX80KbMM&edm=AOG-cTkBAAAA&ccb=7-5&oh=00_AfBw7pV674_0uwwwS9LRfJ3cx8ACnJO6EezQpb7LsqnZPw&oe=638D6A5F&_nc_sid=282b66,false
10242243941,suhasnaikk,S U H A S 〄,https://scontent-maa2-1.cdninstagram.com/v/t51.2885-19/44884218_345707102882519_2446069589734326272_n.jpg?_nc_ht=scontent-maa2-1.cdninstagram.com&_nc_cat=1&_nc_ohc=v6hG0j-H7LQAX-EWdsr&edm=AEF8tYYBAAAA&ccb=7-5&ig_cache_key=YW5vbnltb3VzX3Byb2ZpbGVfcGlj.2-ccb7-5&oh=00_AfB3Q40xYSDZgqSDYhq4r7QZipCu2LmFvWIgpXpir-_11w&oe=638EA58F&_nc_sid=a9513d,false
45683209104,darshanmetgudmath,Darshan  D- BOSS,https://instagram.fblr20-2.fna.fbcdn.net/v/t51.2885-19/251467454_316888513157942_7948991483623166923_n.jpg?stp=dst-jpg_s150x150&_nc_ht=instagram.fblr20-2.fna.fbcdn.net&_nc_cat=102&_nc_ohc=DDjg8N7DxyoAX9kQsHI&edm=AOG-cTkBAAAA&ccb=7-5&oh=00_AfCh4QZtwlggVk59bnjK4dkG27iaYc_54G-5Hh57DI5s-g&oe=638D1061&_nc_sid=282b66,false
8445928377,shreyasganiger,Shreyas ganiger,https://instagram.fblr20-3.fna.fbcdn.net/v/t51.2885-19/280212544_500051721813017_6136197355665673569_n.jpg?stp=dst-jpg_s150x150&_nc_ht=instagram.fblr20-3.fna.fbcdn.net&_nc_cat=105&_nc_ohc=zW0aqjvJhnAAX_Jz_xj&edm=AOG-cTkBAAAA&ccb=7-5&oh=00_AfBKfpp1bRPiAQF7-0lS7KuT2QHYsNLnnbzlIoUx3n7weQ&oe=638E9558&_nc_sid=282b66,false
7445744334,__revanth03__,Revanth.k,https://instagram.fblr20-1.fna.fbcdn.net/v/t51.2885-19/299926425_186866523707781_3737738563295652090_n.jpg?stp=dst-jpg_s150x150&_nc_ht=instagram.fblr20-1.fna.fbcdn.net&_nc_cat=109&_nc_ohc=atUcl_6qmZgAX-6C7Vn&edm=AOG-cTkBAAAA&ccb=7-5&oh=00_AfBTiYN99BbIGAYtTApzbuL8YR2LD5RObIU5Wcq060pb7g&oe=638DD843&_nc_sid=282b66,false
6118111099,dev_bhadranavar,Dev Bhadranavar,https://instagram.fblr20-3.fna.fbcdn.net/v/t51.2885-19/275391835_148395167641407_8282314382844835280_n.jpg?stp=dst-jpg_s150x150&_nc_ht=instagram.fblr20-3.fna.fbcdn.net&_nc_cat=103&_nc_ohc=L4JhiEKlPcgAX95bMkH&edm=AOG-cTkBAAAA&ccb=7-5&oh=00_AfDwVOgS7r8RfuILTddD5pY5wcIXDsxgJ_1JAs70VpRY8A&oe=638D9714&_nc_sid=282b66,false
15434488464,akash_0392,akash,https://instagram.fblr20-3.fna.fbcdn.net/v/t51.2885-19/297339943_378301941153565_5264507820069101042_n.jpg?stp=dst-jpg_s150x150&_nc_ht=instagram.fblr20-3.fna.fbcdn.net&_nc_cat=101&_nc_ohc=fLEZFzGsYskAX98P2Jn&edm=AOG-cTkBAAAA&ccb=7-5&oh=00_AfDPy--4wKHShl35pabYASIubudLkHAdgireP6MShtRj5w&oe=638E6963&_nc_sid=282b66,false
37108995650,vinayghanate1,Vinay,https://instagram.fblr20-1.fna.fbcdn.net/v/t51.2885-19/300187342_603257161502443_8053237145878339217_n.jpg?stp=dst-jpg_s150x150&_nc_ht=instagram.fblr20-1.fna.fbcdn.net&_nc_cat=107&_nc_ohc=woMwC_9m3REAX8WZpHa&edm=AOG-cTkBAAAA&ccb=7-5&oh=00_AfB8jXjhp4_V4l1XEHOLTDCNltYQB5A2OXMnuBUDLRw3Bw&oe=638D70D0&_nc_sid=282b66,false
10260178449,abhishekabhi2284,Abhishek Abhi,https://instagram.fblr20-2.fna.fbcdn.net/v/t51.2885-19/313403082_3353675268209651_4532274472027090988_n.jpg?stp=dst-jpg_s150x150&_nc_ht=instagram.fblr20-2.fna.fbcdn.net&_nc_cat=111&_nc_ohc=Z5dfKn4y6z0AX93gB6J&edm=AOG-cTkBAAAA&ccb=7-5&oh=00_AfCb_UBSImBKs_ICk10sDyprr1q6b3lmf59JQwNQlwBoTA&oe=638E0498&_nc_sid=282b66,false
29637900422,sg_shravankumar,SG Shravankumar,https://instagram.fblr20-1.fna.fbcdn.net/v/t51.2885-19/315078255_142258968618283_273075514254777994_n.jpg?stp=dst-jpg_s150x150&_nc_ht=instagram.fblr20-1.fna.fbcdn.net&_nc_cat=107&_nc_ohc=37vC7uGKrbcAX9y156j&edm=AOG-cTkBAAAA&ccb=7-5&oh=00_AfDpTm-gM5Wrr2B7b6WHPzxuGrjuhiH6U-ONU24P7z73lg&oe=638E5C6D&_nc_sid=282b66,false
26310880610,omkargidakrishna,Omkar Gidakrishna,https://instagram.fblr20-3.fna.fbcdn.net/v/t51.2885-19/275856492_515903093585329_5545917181520429651_n.jpg?stp=dst-jpg_s150x150&_nc_ht=instagram.fblr20-3.fna.fbcdn.net&_nc_cat=101&_nc_ohc=CIg_kBFZGFQAX_czegf&edm=AOG-cTkBAAAA&ccb=7-5&oh=00_AfCcOSyw5rc87qfc5njUlax-Cbk1TGlDnGJZymPNNCXTKQ&oe=638E82D1&_nc_sid=282b66,false
8542642218,ar_yeah__,Arya K P,https://instagram.fblr20-3.fna.fbcdn.net/v/t51.2885-19/316594580_159320386422769_1388281053077664242_n.jpg?stp=dst-jpg_s150x150&_nc_ht=instagram.fblr20-3.fna.fbcdn.net&_nc_cat=101&_nc_ohc=YsX-3y2r28cAX8AGQZ_&tn=0CjN_rVN9B-0nI5k&edm=AOG-cTkBAAAA&ccb=7-5&oh=00_AfB97MIfSIWTgIh7hncVpmDB0UJ3teJhyD0uMPe1nAA1_w&oe=638D4D58&_nc_sid=282b66,false
39640540318,_afriexportsenterprises,Afriexports,https://instagram.fblr20-2.fna.fbcdn.net/v/t51.2885-19/116425763_3827860257240964_4886562523727971594_n.jpg?stp=dst-jpg_s150x150&_nc_ht=instagram.fblr20-2.fna.fbcdn.net&_nc_cat=104&_nc_ohc=vwRsy3HhpZUAX-oQIQa&edm=AOG-cTkBAAAA&ccb=7-5&oh=00_AfB25BoN8tty29FIL149ch5jhID7Rm3Bi8vBX-TMiULNbg&oe=638E9CD9&_nc_sid=282b66,false
43938501797,afsana_parvin09,afsana khan,https://instagram.fblr20-3.fna.fbcdn.net/v/t51.2885-19/121241608_795429637680135_5888267324703130558_n.jpg?stp=dst-jpg_s150x150&_nc_ht=instagram.fblr20-3.fna.fbcdn.net&_nc_cat=103&_nc_ohc=Tau6MLTjHTgAX_kPCcB&tn=0CjN_rVN9B-0nI5k&edm=AOG-cTkBAAAA&ccb=7-5&oh=00_AfDA6Yjbe8wYbaevxA_ataauqknFqEGnoV2v65olraP6VA&oe=638E2B50&_nc_sid=282b66,false
42420297633,success_or_failure_u_choose,SUCCESS QUOTES,https://instagram.fblr20-1.fna.fbcdn.net/v/t51.2885-19/121800336_3550947968299219_6763895786958188809_n.jpg?stp=dst-jpg_s150x150&_nc_ht=instagram.fblr20-1.fna.fbcdn.net&_nc_cat=107&_nc_ohc=nr5_y2qHYncAX8414_z&edm=AOG-cTkBAAAA&ccb=7-5&oh=00_AfDWZD6oNffOZF2apRcFgDJisAScIVY1e4K9XLK7dP1exw&oe=638E551D&_nc_sid=282b66,false
43650180626,shoppingstyle97,shopping style,https://instagram.fblr20-1.fna.fbcdn.net/v/t51.2885-19/121816461_267410091250809_613348328843210638_n.jpg?stp=dst-jpg_s150x150&_nc_ht=instagram.fblr20-1.fna.fbcdn.net&_nc_cat=109&_nc_ohc=GO3ftVVnDV4AX8PWoSV&edm=AOG-cTkBAAAA&ccb=7-5&oh=00_AfAMbi9R7vo-d14wxJr-aO6Da7mpRD7xeyVedsW9BQFdLA&oe=638CFA6E&_nc_sid=282b66,false
43817510735,badgirl88468,,https://instagram.fblr20-3.fna.fbcdn.net/v/t51.2885-19/121812043_368690327896371_6767543710218605332_n.jpg?stp=dst-jpg_s150x150&_nc_ht=instagram.fblr20-3.fna.fbcdn.net&_nc_cat=103&_nc_ohc=fZ2dDeY3_0cAX_FL9Ms&edm=AOG-cTkBAAAA&ccb=7-5&oh=00_AfCseFr-i8wYS91YdLn5x46_Byd3J7sUujvUyPZr8RAcfQ&oe=638DDE64&_nc_sid=282b66,false
42629495096,____mostlyrandom____,Disha Varawal,https://instagram.fblr20-2.fna.fbcdn.net/v/t51.2885-19/120503245_148877636916208_2953040582112778772_n.jpg?stp=dst-jpg_s150x150&_nc_ht=instagram.fblr20-2.fna.fbcdn.net&_nc_cat=104&_nc_ohc=UGHqLhZDa2oAX8G6HNs&edm=AOG-cTkBAAAA&ccb=7-5&oh=00_AfCq1vPKeXcU1BMd-bTEKTicI0KhRgUy82EvlOwC6Si0wA&oe=638DCBD8&_nc_sid=282b66,false
44186172540,i_m_krish_09,,https://instagram.fblr20-2.fna.fbcdn.net/v/t51.2885-19/122949666_444326599888638_7891073000036234201_n.jpg?stp=dst-jpg_s150x150&_nc_ht=instagram.fblr20-2.fna.fbcdn.net&_nc_cat=106&_nc_ohc=PuaIqKVrN1EAX-5vjvp&tn=0CjN_rVN9B-0nI5k&edm=AOG-cTkBAAAA&ccb=7-5&oh=00_AfA_3TY3sHfbeMhsP-O4jzy0gjSWT3ENPyE85NudIjSoeg&oe=638D6D56&_nc_sid=282b66,false
43616916752,jareerx1,Jareer Naveed,https://instagram.fblr20-3.fna.fbcdn.net/v/t51.2885-19/249904599_627470281611553_1781105767814451529_n.jpg?stp=dst-jpg_s150x150&_nc_ht=instagram.fblr20-3.fna.fbcdn.net&_nc_cat=101&_nc_ohc=bETDAwS1_QwAX_QKLZF&edm=AOG-cTkBAAAA&ccb=7-5&oh=00_AfB2kEFk9pAMo4TY5wrjuhBRfc7-0j2p3z6A9hcmWKB7_Q&oe=638EC29B&_nc_sid=282b66,false
42797898032,prakash_patel_7773,Prakash Patel,https://instagram.fblr20-3.fna.fbcdn.net/v/t51.2885-19/316569293_463303572579497_5727219214876077975_n.jpg?stp=dst-jpg_s150x150&_nc_ht=instagram.fblr20-3.fna.fbcdn.net&_nc_cat=105&_nc_ohc=ZfhsogwqjkoAX_mYAJb&edm=AOG-cTkBAAAA&ccb=7-5&oh=00_AfCz2muQV1iBY1dnudw6ROI1ymJb89_JBeaO9t022Y3gBg&oe=638D78C0&_nc_sid=282b66,false
42781369568,mmanzoorahmad819,Manzoor Ahmad,https://instagram.fblr20-3.fna.fbcdn.net/v/t51.2885-19/120158792_361355824912189_4447522680502317072_n.jpg?stp=dst-jpg_s150x150&_nc_ht=instagram.fblr20-3.fna.fbcdn.net&_nc_cat=101&_nc_ohc=i1RpQPeavNIAX-MEAv_&edm=AOG-cTkBAAAA&ccb=7-5&oh=00_AfDGCnT6CfCxoiHQI0SwLBn-UrA4JgcF_4L6wuNOSPSxeQ&oe=638EB8CE&_nc_sid=282b66,false
42766066282,ericksilva712,amz_ Erick,https://instagram.fblr20-3.fna.fbcdn.net/v/t51.2885-19/297961200_432433412171401_4996115020373964111_n.jpg?stp=dst-jpg_s150x150&_nc_ht=instagram.fblr20-3.fna.fbcdn.net&_nc_cat=101&_nc_ohc=YXB5kaKZW7cAX_NYCcF&tn=0CjN_rVN9B-0nI5k&edm=AOG-cTkBAAAA&ccb=7-5&oh=00_AfBjmBic-B55HT6mzH_3vrS9C4hZ4r7E9o9V0H9HHJseDA&oe=638D3251&_nc_sid=282b66,false
4069265239,omkarbhusannavar,ॐk@r Bhusannavar,https://instagram.fblr20-3.fna.fbcdn.net/v/t51.2885-19/299425319_457088339657753_8952060993100631676_n.jpg?stp=dst-jpg_s150x150&_nc_ht=instagram.fblr20-3.fna.fbcdn.net&_nc_cat=105&_nc_ohc=C_kRL0cabPAAX9kH0Ij&edm=AOG-cTkBAAAA&ccb=7-5&oh=00_AfAcZsZDeNi3_3a2IpRyqdJmkboCb2MISUTLWZ-3X9tWqg&oe=638DBF5D&_nc_sid=282b66,false
