id,userName,fullName,profilePicUrl,isVerified
47052741264,fatima_khaja,FATIMA 💮,https://instagram.fblr2-1.fna.fbcdn.net/v/t51.2885-19/317759263_124413246948208_6397839320460627051_n.jpg?stp=dst-jpg_s150x150&_nc_ht=instagram.fblr2-1.fna.fbcdn.net&_nc_cat=104&_nc_ohc=fUKgbHY1L84AX92WEhe&edm=AOG-cTkBAAAA&ccb=7-5&oh=00_AfBSZuhyMnx4rR5DKQMhkE6pn_TuJ64RCvDrLMHYdcwKqw&oe=638E4EB4&_nc_sid=282b66,false
35076750412,2_strokers_families,RX-💯,https://instagram.fblr2-2.fna.fbcdn.net/v/t51.2885-19/95657932_623508428236821_4194529219495067648_n.jpg?stp=dst-jpg_s150x150&_nc_ht=instagram.fblr2-2.fna.fbcdn.net&_nc_cat=109&_nc_ohc=bphb0VMCGHIAX92SoKb&edm=AOG-cTkBAAAA&ccb=7-5&oh=00_AfDCOiRxaDlnWwm4iLNmgRjNSgb1A11b_kP054cv0Y-a9Q&oe=638F6A54&_nc_sid=282b66,false
56790209437,msrit_confessions25,MSRIT'25 | Confessions,https://instagram.fblr2-2.fna.fbcdn.net/v/t51.2885-19/317718785_674312280969082_3888449605436941157_n.jpg?stp=dst-jpg_s150x150&_nc_ht=instagram.fblr2-2.fna.fbcdn.net&_nc_cat=110&_nc_ohc=mahOAWikxFUAX_74qm9&edm=AOG-cTkBAAAA&ccb=7-5&oh=00_AfCUU12kRchEJl1HmQn_xh3WBVmE7-lx4kr8NCfxJ-4tIQ&oe=638F47AC&_nc_sid=282b66,false
51396509282,pr.xs.ul,IM.,https://instagram.fblr2-1.fna.fbcdn.net/v/t51.2885-19/311238541_464904175613799_5153357786789069031_n.jpg?stp=dst-jpg_s150x150&_nc_ht=instagram.fblr2-1.fna.fbcdn.net&_nc_cat=103&_nc_ohc=594SBXJsGrMAX9PnA6_&edm=AOG-cTkBAAAA&ccb=7-5&oh=00_AfBuoDucgL053ylsXpUBony-z7D6V1RyJ2p3DWaJwubRnQ&oe=638E2B08&_nc_sid=282b66,false
57127360025,rit_bajrangdal,,https://instagram.fblr2-2.fna.fbcdn.net/v/t51.2885-19/317061070_862424618266403_7554996165351917970_n.jpg?stp=dst-jpg_s150x150&_nc_ht=instagram.fblr2-2.fna.fbcdn.net&_nc_cat=111&_nc_ohc=Ri0cjDJd7hcAX_mT29h&edm=AOG-cTkBAAAA&ccb=7-5&oh=00_AfCKcYXuOp9OIVdaLD3eIGAbqXq-3X4Z-GCr1lgZCrQAMw&oe=638D9E87&_nc_sid=282b66,false
51419577624,pramodh_yedidi,Pramodh I'mperfec,https://instagram.fblr2-2.fna.fbcdn.net/v/t51.2885-19/271467389_943156139674460_7573129179539984270_n.jpg?stp=dst-jpg_s150x150&_nc_ht=instagram.fblr2-2.fna.fbcdn.net&_nc_cat=108&_nc_ohc=4qNdHyNozSsAX90naIn&edm=AOG-cTkBAAAA&ccb=7-5&oh=00_AfAOp7K6DVxs84x2hUd_Yqw61JeFpBQZ-xye26pDwardcw&oe=638E1141&_nc_sid=282b66,false
6801872618,imperfecly_perfect,perfect imperfect,https://instagram.fcgk8-2.fna.fbcdn.net/v/t51.2885-19/44884218_345707102882519_2446069589734326272_n.jpg?efg=eyJybWQiOiJpZ19hbmRyb2lkX21vYmlsZV9uZXR3b3JrX3N0YWNrXzVfZG5zX3Jlc29sdXRpb25fYXR0ZW1wdHNfd2l0aF9ydXNzaWE6dGlnb25fbW5zX2RlZmF1bHQifQ&_nc_ht=instagram.fcgk8-2.fna.fbcdn.net&_nc_cat=1&_nc_ohc=v6hG0j-H7LQAX-YhVOP&edm=AEF8tYYBAAAA&ccb=7-5&ig_cache_key=YW5vbnltb3VzX3Byb2ZpbGVfcGlj.2-ccb7-5&oh=00_AfBlEuRnA7dvdDuwX8fTNZ3Vx_J5U7tA_OsaFwwMMemPVw&oe=638EA58F&_nc_sid=a9513d,false
48903866807,niruptm,NIRUP TM,https://instagram.fblr2-2.fna.fbcdn.net/v/t51.2885-19/280749071_398470498839477_4055337036326789691_n.jpg?stp=dst-jpg_s150x150&_nc_ht=instagram.fblr2-2.fna.fbcdn.net&_nc_cat=109&_nc_ohc=YRXebTKc-GIAX-vY395&tn=DBNlXcUCKOf1RGaQ&edm=AOG-cTkBAAAA&ccb=7-5&oh=00_AfBoSkjRf1gZPuzdGO1cO8BNt1hLCap6a7_v9hHZXDd5Pw&oe=638E1F64&_nc_sid=282b66,false
7072612704,deepesh_kulal,Deepesh 🎃,https://instagram.fblr2-1.fna.fbcdn.net/v/t51.2885-19/299704503_632820344716395_1314980094559150962_n.jpg?stp=dst-jpg_s150x150&_nc_ht=instagram.fblr2-1.fna.fbcdn.net&_nc_cat=103&_nc_ohc=c-zuHyGFc_kAX94eyIn&edm=AOG-cTkBAAAA&ccb=7-5&oh=00_AfBOfKgRWiIEFvLPRO1pEYnIzDlaXpSpimqPnsHIM5qgSw&oe=638F846F&_nc_sid=282b66,false
54438492140,tommgun69,Tommy Gun,https://instagram.fblr2-1.fna.fbcdn.net/v/t51.2885-19/298077449_185756793928600_686751731816910109_n.jpg?stp=dst-jpg_s150x150&_nc_ht=instagram.fblr2-1.fna.fbcdn.net&_nc_cat=104&_nc_ohc=hMu7RLQ7oFgAX_xKAb1&edm=AOG-cTkBAAAA&ccb=7-5&oh=00_AfBY-mEaHy6-xeLhXRgvm3Y_NZTjItn-hKeN6Lqz6pnTLw&oe=638F70CE&_nc_sid=282b66,false
3501154961,jaisurya_b,Jai Surya Js Jai,https://instagram.fblr2-2.fna.fbcdn.net/v/t51.2885-19/313313212_528106298703593_8599255072287945872_n.jpg?stp=dst-jpg_s150x150&_nc_ht=instagram.fblr2-2.fna.fbcdn.net&_nc_cat=105&_nc_ohc=KAA4dh_6YyQAX9l8sSJ&edm=AOG-cTkBAAAA&ccb=7-5&oh=00_AfAHLdJmfSalI9-c5gGLazDzJGU7JYQNJv-0uRa5A5_WbA&oe=638DB020&_nc_sid=282b66,false
5783573971,97_viren_,Viren,https://instagram.fblr2-1.fna.fbcdn.net/v/t51.2885-19/313842980_944744323154439_2978538026344545487_n.jpg?stp=dst-jpg_s150x150&_nc_ht=instagram.fblr2-1.fna.fbcdn.net&_nc_cat=103&_nc_ohc=4NG6Ig7iwF8AX9sjSVo&tn=DBNlXcUCKOf1RGaQ&edm=AOG-cTkBAAAA&ccb=7-5&oh=00_AfBM-hZy9-4lA5rfkR_um4AU3ef-_f_HzZOfH-kzy-Gvtw&oe=638F7C19&_nc_sid=282b66,false
5923764328,sushma_dia,SHUSHMA DESAI,https://instagram.fblr2-2.fna.fbcdn.net/v/t51.2885-19/278032228_378566200824370_2132800834262496616_n.jpg?stp=dst-jpg_s150x150&_nc_ht=instagram.fblr2-2.fna.fbcdn.net&_nc_cat=110&_nc_ohc=3JXkgCPT5YMAX-Mb5p-&edm=AOG-cTkBAAAA&ccb=7-5&oh=00_AfC3Kp5LFNmE8mPN98mpVYYQKhahy7oBmjn0m00La1U6-A&oe=638E77D8&_nc_sid=282b66,false
26664885749,kathy__ray,K A T H Y,https://instagram.fblr2-1.fna.fbcdn.net/v/t51.2885-19/83301829_2769246683168538_7605000833276575744_n.jpg?stp=dst-jpg_s150x150&_nc_ht=instagram.fblr2-1.fna.fbcdn.net&_nc_cat=106&_nc_ohc=QHXplevmvNAAX-EIOBz&edm=AOG-cTkBAAAA&ccb=7-5&oh=00_AfBtBV9AdaLCNuRJz5efbbB4rvjHaLIZbkTJexSCnbiYsA&oe=638EAD69&_nc_sid=282b66,false
55408855913,oye_pakau,Oye Pakau,https://instagram.fblr2-1.fna.fbcdn.net/v/t51.2885-19/310763867_447526694222233_3180380969717742910_n.jpg?stp=dst-jpg_s150x150&_nc_ht=instagram.fblr2-1.fna.fbcdn.net&_nc_cat=101&_nc_ohc=5tr5hPdeqLwAX-qAiT8&edm=AOG-cTkBAAAA&ccb=7-5&oh=00_AfD26rBmHvxzjmPZL2SBkFP4PikxXu7Rq8qpJjfLESneZw&oe=638E5132&_nc_sid=282b66,false
55704400083,__jai.z___,,https://instagram.fblr2-1.fna.fbcdn.net/v/t51.2885-19/317560875_839121653992790_5618957957310349987_n.jpg?stp=dst-jpg_s150x150&_nc_ht=instagram.fblr2-1.fna.fbcdn.net&_nc_cat=102&_nc_ohc=aA9TK2AEWW4AX8VRZSv&edm=AOG-cTkBAAAA&ccb=7-5&oh=00_AfAP3fS3cI9-zHB9bWKpau7T4eSdn8edu4onQUyyklZAcg&oe=638EC5A4&_nc_sid=282b66,false
45288573670,nikhil____kk,NIKHIL ❤,https://instagram.fblr2-2.fna.fbcdn.net/v/t51.2885-19/309097809_403726215171725_1613429466700207587_n.jpg?stp=dst-jpg_s150x150&_nc_ht=instagram.fblr2-2.fna.fbcdn.net&_nc_cat=105&_nc_ohc=yTt5NOadRbYAX-vM8As&edm=AOG-cTkBAAAA&ccb=7-5&oh=00_AfAyKIGQ_UOz44Uc8v-YtUm4QSdRP3LsNIZFi1U0nKAaTw&oe=638F7CF2&_nc_sid=282b66,false
51407242087,gupna443,niiidhiii,https://instagram.fblr2-2.fna.fbcdn.net/v/t51.2885-19/287232385_435734351869101_6448742498434603490_n.jpg?stp=dst-jpg_s150x150&_nc_ht=instagram.fblr2-2.fna.fbcdn.net&_nc_cat=109&_nc_ohc=_V4HjeHMTiMAX_IOGfU&edm=AOG-cTkBAAAA&ccb=7-5&oh=00_AfC697csVIvowczVU5nGu4DEYBJUyw5rYwBXe-vnn_JGYg&oe=638DD3B1&_nc_sid=282b66,false
39131068575,shobhitjaiswal_,𝐒𝐡𝐨𝐛𝐡𝐢𝐭 𝐉𝐚𝐢𝐬𝐰𝐚𝐥,https://instagram.fblr2-1.fna.fbcdn.net/v/t51.2885-19/299584716_615458603312702_1984192980325220560_n.jpg?stp=dst-jpg_s150x150&_nc_ht=instagram.fblr2-1.fna.fbcdn.net&_nc_cat=102&_nc_ohc=KwvohsREhFkAX9wfk5P&edm=AOG-cTkBAAAA&ccb=7-5&oh=00_AfB7HLwOQMAYDGb6Cpmfpid855deQV-HYjsdAc5fx6-rUw&oe=638F85C4&_nc_sid=282b66,false
1412586980,anushrs,Anush RS,https://instagram.fblr2-1.fna.fbcdn.net/v/t51.2885-19/314547776_1070106300320742_2451645386961727026_n.jpg?stp=dst-jpg_s150x150&_nc_ht=instagram.fblr2-1.fna.fbcdn.net&_nc_cat=106&_nc_ohc=vwwZSypjLtsAX_2KGNQ&edm=AOG-cTkBAAAA&ccb=7-5&oh=00_AfBXrDnYqt_h8wIXumKQU-qTI3F59F5plV6qncIr22j5AQ&oe=638E02AD&_nc_sid=282b66,false
7584717107,likhitha_ram21,ಲಿkhitha Ram,https://instagram.fblr2-2.fna.fbcdn.net/v/t51.2885-19/299201875_632957664652487_2288717400397812803_n.jpg?stp=dst-jpg_s150x150&_nc_ht=instagram.fblr2-2.fna.fbcdn.net&_nc_cat=111&_nc_ohc=9o7JNLouA38AX_aAffG&edm=AOG-cTkBAAAA&ccb=7-5&oh=00_AfDE0VbxL5z3WJ9YMT4ncOS47kbunnXuFIcOwUqLgTQsdg&oe=638E17EC&_nc_sid=282b66,false
56352931242,iam_.vish_nu,vishnu,https://instagram.fblr2-2.fna.fbcdn.net/v/t51.2885-19/315637730_1094646494570688_1591164734546935859_n.jpg?stp=dst-jpg_s150x150&_nc_ht=instagram.fblr2-2.fna.fbcdn.net&_nc_cat=100&_nc_ohc=oykIzB1LUZ8AX-BsKqV&edm=AOG-cTkBAAAA&ccb=7-5&oh=00_AfBCpfaWdA0NbZMCcM5pZNVKSZ8lXBE7cWa5aSL_1LzhiA&oe=638F28DA&_nc_sid=282b66,false
4386733190,k_evin._.paul._,ƘЄƔƖƝ ƤƛƲԼ ƘƲƦƖЄƝ,https://instagram.fblr2-2.fna.fbcdn.net/v/t51.2885-19/315629114_903704020646867_7736993978932950623_n.jpg?stp=dst-jpg_s150x150&_nc_ht=instagram.fblr2-2.fna.fbcdn.net&_nc_cat=111&_nc_ohc=rlHc8gjZxjcAX-HizZ1&tn=DBNlXcUCKOf1RGaQ&edm=AOG-cTkBAAAA&ccb=7-5&oh=00_AfCoq-Jt5NsbZ2q3Ft7lcwhtR7zEFWvN2w4N5vNZeXnVxw&oe=638F27F0&_nc_sid=282b66,false
49455895362,khushi_gotkhindi,Khushi,https://instagram.fblr2-1.fna.fbcdn.net/v/t51.2885-19/304434964_498894115389004_5722716108207784618_n.jpg?stp=dst-jpg_s150x150&_nc_ht=instagram.fblr2-1.fna.fbcdn.net&_nc_cat=104&_nc_ohc=Ds3fU6y_7AkAX94Sme0&tn=DBNlXcUCKOf1RGaQ&edm=AOG-cTkBAAAA&ccb=7-5&oh=00_AfCReC7eD86e-IPyWHuxHHyyU2LiqfYhU6j99kw7UH-VIw&oe=638F6569&_nc_sid=282b66,false
4060954661,im_wishnu,,https://instagram.fblr2-1.fna.fbcdn.net/v/t51.2885-19/315470982_127495620121131_8327319337512800114_n.jpg?stp=dst-jpg_s150x150&_nc_ht=instagram.fblr2-1.fna.fbcdn.net&_nc_cat=103&_nc_ohc=eSRW15jFBl4AX8lo-NK&edm=AOG-cTkBAAAA&ccb=7-5&oh=00_AfBref9bVTE-otaD06DWFuKhd-L9ZIx5HB4GDcMD7qCOtQ&oe=638DFFE8&_nc_sid=282b66,false
12023690027,msritmemes,MSRIT memes,https://instagram.fblr2-1.fna.fbcdn.net/v/t51.2885-19/314948353_172935758667976_384021533215304189_n.jpg?stp=dst-jpg_s150x150&_nc_ht=instagram.fblr2-1.fna.fbcdn.net&_nc_cat=104&_nc_ohc=-BXKdAl7lrYAX-27eQ4&edm=AOG-cTkBAAAA&ccb=7-5&oh=00_AfDZpfG_rIPKvotkVYx22SsXjlhl75Gjy25i272ojFSoBg&oe=638E5B43&_nc_sid=282b66,false
8560967791,deepti_srinivas,Deepti.S,https://instagram.fblr2-2.fna.fbcdn.net/v/t51.2885-19/314921657_1149799142306576_3644948473107465602_n.jpg?stp=dst-jpg_s150x150&_nc_ht=instagram.fblr2-2.fna.fbcdn.net&_nc_cat=108&_nc_ohc=JSrEppxBVfYAX8e9iYM&edm=AOG-cTkBAAAA&ccb=7-5&oh=00_AfCZgIMaYVDPJVvQtzFAsost-n9Dc-gfVgEzWF4zCIlrtA&oe=638E2653&_nc_sid=282b66,false
2135451122,mann_ki_baatein_03,Just_4_U,https://instagram.fblr2-1.fna.fbcdn.net/v/t51.2885-19/315012455_150438924383776_1286171206822139807_n.jpg?stp=dst-jpg_s150x150&_nc_ht=instagram.fblr2-1.fna.fbcdn.net&_nc_cat=104&_nc_ohc=YvAkT8I5l6sAX-mkbKQ&tn=DBNlXcUCKOf1RGaQ&edm=AOG-cTkBAAAA&ccb=7-5&oh=00_AfBlu5V-BdUSpOjiVw0Qy2m9wZfV39EBNQbYJx74rYGyQw&oe=638E1663&_nc_sid=282b66,false
34326147162,sagargowda_______,SAgar Gowda,https://instagram.fblr2-1.fna.fbcdn.net/v/t51.2885-19/288560410_160972143096603_1063945914360756145_n.jpg?stp=dst-jpg_s150x150&_nc_ht=instagram.fblr2-1.fna.fbcdn.net&_nc_cat=103&_nc_ohc=C_4Ey3ZBseEAX9lt8gA&edm=AOG-cTkBAAAA&ccb=7-5&oh=00_AfBTAXmWK8BqzgXwGROiv7rZgWgA-7bO8NeaJG-os_CuFw&oe=638F033A&_nc_sid=282b66,false
46830381043,chinese.algebra,Kashi V K,https://instagram.fcgk8-2.fna.fbcdn.net/v/t51.2885-19/44884218_345707102882519_2446069589734326272_n.jpg?efg=eyJybWQiOiJpZ19hbmRyb2lkX21vYmlsZV9uZXR3b3JrX3N0YWNrXzVfZG5zX3Jlc29sdXRpb25fYXR0ZW1wdHNfd2l0aF9ydXNzaWE6dGlnb25fbW5zX2RlZmF1bHQifQ&_nc_ht=instagram.fcgk8-2.fna.fbcdn.net&_nc_cat=1&_nc_ohc=v6hG0j-H7LQAX-YhVOP&edm=AEF8tYYBAAAA&ccb=7-5&ig_cache_key=YW5vbnltb3VzX3Byb2ZpbGVfcGlj.2-ccb7-5&oh=00_AfBlEuRnA7dvdDuwX8fTNZ3Vx_J5U7tA_OsaFwwMMemPVw&oe=638EA58F&_nc_sid=a9513d,false
7376108945,vinay.gowda05,Vinay Gowda,https://instagram.fblr2-1.fna.fbcdn.net/v/t51.2885-19/304944578_3325787761081686_7739879664075374509_n.jpg?stp=dst-jpg_s150x150&_nc_ht=instagram.fblr2-1.fna.fbcdn.net&_nc_cat=106&_nc_ohc=4NA8KajMK4IAX_dJqAj&edm=AOG-cTkBAAAA&ccb=7-5&oh=00_AfArskq76fMQjKqYSDgkZZ4KSyqycqkGYpnrKx_PeEgg1g&oe=638E4AB4&_nc_sid=282b66,false
23092742113,krishna.c27,ಕೃಷ್ಣ .,https://instagram.fblr2-1.fna.fbcdn.net/v/t51.2885-19/316462942_2992295767737666_6810670968456083437_n.jpg?stp=dst-jpg_s150x150&_nc_ht=instagram.fblr2-1.fna.fbcdn.net&_nc_cat=106&_nc_ohc=TzLHDPf_lWsAX-0n-Ni&edm=AOG-cTkBAAAA&ccb=7-5&oh=00_AfCXd-8MMpcXQobzgHucVRKIke8vFnLzp0YjOvitOSQ2iQ&oe=638E32A8&_nc_sid=282b66,false
21380235815,pesu_memes_,pesu memes,https://instagram.fblr2-2.fna.fbcdn.net/v/t51.2885-19/116887409_669434320323874_974914843440786305_n.jpg?stp=dst-jpg_s150x150&_nc_ht=instagram.fblr2-2.fna.fbcdn.net&_nc_cat=110&_nc_ohc=q-GnxWgMrUIAX8KU9qZ&edm=AOG-cTkBAAAA&ccb=7-5&oh=00_AfDaD34-UT4u7kHBuM7G9vWSrhRprs-YeRionH49PNNIEQ&oe=638F77F0&_nc_sid=282b66,false
34399231184,vinay.joshi89,Joshi,https://instagram.fblr2-1.fna.fbcdn.net/v/t51.2885-19/94889320_2337492386547974_2403394661537284096_n.jpg?stp=dst-jpg_s150x150&_nc_ht=instagram.fblr2-1.fna.fbcdn.net&_nc_cat=102&_nc_ohc=dC22xjIgBpcAX-sg3c7&tn=DBNlXcUCKOf1RGaQ&edm=AOG-cTkBAAAA&ccb=7-5&oh=00_AfCZiNn_5N8UE3WQhUA_V2PPI_2yja9t3ETjw2sPi95Rrw&oe=638F03B2&_nc_sid=282b66,false
31222595327,g4geetartha,Geetartha Gogoi,https://instagram.fblr2-2.fna.fbcdn.net/v/t51.2885-19/269837911_235731572030009_8219678291729744268_n.jpg?stp=dst-jpg_s150x150&_nc_ht=instagram.fblr2-2.fna.fbcdn.net&_nc_cat=105&_nc_ohc=nvyDF9cXs6QAX8EkUKV&edm=AOG-cTkBAAAA&ccb=7-5&oh=00_AfAq0BL-YtBQKeRadIfPNP0_DNTlyIg3-xaA1_Tm1pvSpw&oe=638DC17A&_nc_sid=282b66,false
12356310322,udaykallannavar03,Uday Kallannavar,https://instagram.fblr2-2.fna.fbcdn.net/v/t51.2885-19/302007234_490873459068108_1190012441587161991_n.jpg?stp=dst-jpg_s150x150&_nc_ht=instagram.fblr2-2.fna.fbcdn.net&_nc_cat=100&_nc_ohc=IjVbos2dzzQAX9eDZIq&edm=AOG-cTkBAAAA&ccb=7-5&oh=00_AfASIAWmygTdedbeW-igukK9VuBPr-A_nylcIR5V_oxXkg&oe=638F4CBF&_nc_sid=282b66,false
11880538759,sahanag003,sahana_g_rao,https://instagram.fblr2-1.fna.fbcdn.net/v/t51.2885-19/313904830_3329095747338532_3816633608308448134_n.jpg?stp=dst-jpg_s150x150&_nc_ht=instagram.fblr2-1.fna.fbcdn.net&_nc_cat=104&_nc_ohc=DSrMHYLgvL8AX-VADt9&tn=DBNlXcUCKOf1RGaQ&edm=AOG-cTkBAAAA&ccb=7-5&oh=00_AfBebs5g2n82Dj5LZQQjK2Qhw1SqlvBBRkqAlK_omPs4Qw&oe=638DAA17&_nc_sid=282b66,false
51625613181,nidhibudihal,Nidhi Budhal,https://instagram.fblr2-2.fna.fbcdn.net/v/t51.2885-19/272717946_470482871453384_5248941796849052473_n.jpg?stp=dst-jpg_s150x150&_nc_ht=instagram.fblr2-2.fna.fbcdn.net&_nc_cat=108&_nc_ohc=RHCHzS9h7kcAX_IUqVH&edm=AOG-cTkBAAAA&ccb=7-5&oh=00_AfDllumDYjJuYZg-4U7pzP5OXxWmpm012FTiI3GUcPh_Fg&oe=638E7382&_nc_sid=282b66,false
11464885758,prajwal_____m,Prajwal M,https://instagram.fblr2-2.fna.fbcdn.net/v/t51.2885-19/297880030_549767220232211_804333057167598728_n.jpg?stp=dst-jpg_s150x150&_nc_ht=instagram.fblr2-2.fna.fbcdn.net&_nc_cat=111&_nc_ohc=SNCuH8NHmrYAX8z8Nsz&edm=AOG-cTkBAAAA&ccb=7-5&oh=00_AfDMAeI3Y8e53YpL9uN8rZ2-wYXlywISjlWi3e73QkQPrg&oe=638E215E&_nc_sid=282b66,false
11126325695,bhuvan2132,Sai Bhuvan,https://instagram.fblr2-2.fna.fbcdn.net/v/t51.2885-19/78739249_566330934218924_5483297361398595584_n.jpg?stp=dst-jpg_s150x150&_nc_ht=instagram.fblr2-2.fna.fbcdn.net&_nc_cat=108&_nc_ohc=vpIOLqx0Zm0AX8zbDd6&edm=AOG-cTkBAAAA&ccb=7-5&oh=00_AfB9EAbWRAopADUMRm-SGWnxF0V7grMdGI2YuP9jS7eJgQ&oe=638E1B8E&_nc_sid=282b66,false
15434548553,_dhanush_47,🌟Đhanush Gowda,https://instagram.fblr2-1.fna.fbcdn.net/v/t51.2885-19/291660342_3525572974396446_1389833754183746870_n.jpg?stp=dst-jpg_s150x150&_nc_ht=instagram.fblr2-1.fna.fbcdn.net&_nc_cat=106&_nc_ohc=jT-lRyBQujMAX9f7v8e&tn=DBNlXcUCKOf1RGaQ&edm=AOG-cTkBAAAA&ccb=7-5&oh=00_AfCrVDqZPtWueAEHoKlrva17aArT-DM9kN_0rKdLdREaFw&oe=638F70CD&_nc_sid=282b66,false
4812434633,preethu.cn,⭐ Preetham CN ⭐,https://instagram.fblr2-1.fna.fbcdn.net/v/t51.2885-19/274443232_1140127173196791_7123776750781766054_n.jpg?stp=dst-jpg_s150x150&_nc_ht=instagram.fblr2-1.fna.fbcdn.net&_nc_cat=103&_nc_ohc=eCDy_8U0rvwAX8MekfS&tn=DBNlXcUCKOf1RGaQ&edm=AOG-cTkBAAAA&ccb=7-5&oh=00_AfCAQqIS-nC6gzhBPaAdm3uAWS5tGrNFEMXh5frAZSZENQ&oe=638F7DA6&_nc_sid=282b66,false
7302154332,_dds_2807,divya.r,https://instagram.fblr2-1.fna.fbcdn.net/v/t51.2885-19/315235263_674187577425638_742696452754343114_n.jpg?stp=dst-jpg_s150x150&_nc_ht=instagram.fblr2-1.fna.fbcdn.net&_nc_cat=102&_nc_ohc=Q1gM55OfTD0AX_Jf-ot&edm=AOG-cTkBAAAA&ccb=7-5&oh=00_AfDgZ1n932R1C16GwDEMbq-XtryEuTjOT8ba6YQPlj0qDQ&oe=638EB563&_nc_sid=282b66,false
2171363709,whoarnav,Arnav Haldar,https://instagram.fblr2-1.fna.fbcdn.net/v/t51.2885-19/309238852_662797768792698_6389732965099115812_n.jpg?stp=dst-jpg_s150x150&_nc_ht=instagram.fblr2-1.fna.fbcdn.net&_nc_cat=106&_nc_ohc=YUtCaJwXHWoAX-_-Oma&edm=AOG-cTkBAAAA&ccb=7-5&oh=00_AfAIIlKfhX6QxD9M2-3dYTcMJFgurpKkr4evAF-KlHA8KQ&oe=638DC933&_nc_sid=282b66,false
6222267410,just_call_me_jk0,JK🔰💫,https://instagram.fblr2-2.fna.fbcdn.net/v/t51.2885-19/296226400_166301002591522_4283775302750271315_n.jpg?stp=dst-jpg_s150x150&_nc_ht=instagram.fblr2-2.fna.fbcdn.net&_nc_cat=110&_nc_ohc=dGawiY5-IrUAX8nkQwI&edm=AOG-cTkBAAAA&ccb=7-5&oh=00_AfD_c3NSSPgpVPGhumCdyMVprsi72IbyPLBCQ-2YiKejvA&oe=638E78FA&_nc_sid=282b66,false
14960140631,__.rakhi__.137,Molu❤️,https://instagram.fcgk8-2.fna.fbcdn.net/v/t51.2885-19/44884218_345707102882519_2446069589734326272_n.jpg?efg=eyJybWQiOiJpZ19hbmRyb2lkX21vYmlsZV9uZXR3b3JrX3N0YWNrXzVfZG5zX3Jlc29sdXRpb25fYXR0ZW1wdHNfd2l0aF9ydXNzaWE6dGlnb25fbW5zX2RlZmF1bHQifQ&_nc_ht=instagram.fcgk8-2.fna.fbcdn.net&_nc_cat=1&_nc_ohc=v6hG0j-H7LQAX-YhVOP&edm=AEF8tYYBAAAA&ccb=7-5&ig_cache_key=YW5vbnltb3VzX3Byb2ZpbGVfcGlj.2-ccb7-5&oh=00_AfBlEuRnA7dvdDuwX8fTNZ3Vx_J5U7tA_OsaFwwMMemPVw&oe=638EA58F&_nc_sid=a9513d,false
3237914628,_vishxx._,ᴠɪꜱʜɴᴜ 👑,https://instagram.fblr2-2.fna.fbcdn.net/v/t51.2885-19/158199024_480032243376200_7151997345951930396_n.jpg?stp=dst-jpg_s150x150&_nc_ht=instagram.fblr2-2.fna.fbcdn.net&_nc_cat=108&_nc_ohc=rdGWaA_rPPgAX-Q5jBz&tn=DBNlXcUCKOf1RGaQ&edm=AOG-cTkBAAAA&ccb=7-5&oh=00_AfAi0oY7E_j0eyJ9lPHYRhMT4M3vaMJ0ly1OpcELdhzDGw&oe=638E87D8&_nc_sid=282b66,false
44581505992,nisha__6538,nisha gowda🍓,https://instagram.fblr2-2.fna.fbcdn.net/v/t51.2885-19/302200350_1288441195329695_177888345413967464_n.jpg?stp=dst-jpg_s150x150&_nc_ht=instagram.fblr2-2.fna.fbcdn.net&_nc_cat=111&_nc_ohc=MGO2TNMd-O4AX9hRC9O&edm=AOG-cTkBAAAA&ccb=7-5&oh=00_AfAfxdgl85VMX35Kvv4gNlegpa6OjbH3LJN4lWonPD0hfg&oe=638EA07E&_nc_sid=282b66,false
3120183916,bharath_gowdru08,Bharath Gowdru,https://instagram.fblr2-2.fna.fbcdn.net/v/t51.2885-19/271273929_1076909323074113_6648255479073522463_n.jpg?stp=dst-jpg_s150x150&_nc_ht=instagram.fblr2-2.fna.fbcdn.net&_nc_cat=105&_nc_ohc=AevdlU-cfFsAX99kCY5&edm=AOG-cTkBAAAA&ccb=7-5&oh=00_AfAALcM0E-asFUWKC9PKfzg-oLOY7Ef5yudT02x-f11xeQ&oe=638F0870&_nc_sid=282b66,false
8015059598,priyaa_biradar,Priyanka Biradar,https://instagram.fblr2-2.fna.fbcdn.net/v/t51.2885-19/279980127_3179834519011351_5453295726538449995_n.jpg?stp=dst-jpg_s150x150&_nc_ht=instagram.fblr2-2.fna.fbcdn.net&_nc_cat=107&_nc_ohc=1DuPLpLzsocAX_MLhyx&edm=AOG-cTkBAAAA&ccb=7-5&oh=00_AfAIG0JFsxDB8P7eTx3bPJ2ZdyMVuh9-Yrj6uerrEPYPXQ&oe=638DF02A&_nc_sid=282b66,false
52663219989,haiiiiiiiiiii491,,https://instagram.fdel11-2.fna.fbcdn.net/v/t51.2885-19/44884218_345707102882519_2446069589734326272_n.jpg?efg=eyJybWQiOiJpZ19hbmRyb2lkX21vYmlsZV9uZXR3b3JrX3N0YWNrXzVfZG5zX3Jlc29sdXRpb25fYXR0ZW1wdHNfd2l0aF9ydXNzaWE6Y29udHJvbCJ9&_nc_ht=instagram.fdel11-2.fna.fbcdn.net&_nc_cat=1&_nc_ohc=v6hG0j-H7LQAX-mTKfV&edm=ACkRbIEBAAAA&ccb=7-5&ig_cache_key=YW5vbnltb3VzX3Byb2ZpbGVfcGlj.2-ccb7-5&oh=00_AfAPoKPvxeQaYmrt9EGKrsVeHI5M1etWvXs5tYxLV5U3og&oe=638EA58F&_nc_sid=19ff24,false
4427135951,s_n_e_h_.7._,Kumar Snehasish,https://instagram.fblr2-1.fna.fbcdn.net/v/t51.2885-19/301905697_5443786522402381_8675423044080197001_n.jpg?stp=dst-jpg_s150x150&_nc_ht=instagram.fblr2-1.fna.fbcdn.net&_nc_cat=101&_nc_ohc=e_tUobtBqYcAX8VwbX-&edm=AOG-cTkBAAAA&ccb=7-5&oh=00_AfBn8RdP03LQGcjQpzCt_pDHc3WwHB25x7eC3SwGVTKHvA&oe=638EB12B&_nc_sid=282b66,false
8697665286,_nanda_the_trained_one,$NANDA$18$NBA,https://instagram.fblr2-1.fna.fbcdn.net/v/t51.2885-19/299498504_919396252349980_1025380688530422827_n.jpg?stp=dst-jpg_s150x150&_nc_ht=instagram.fblr2-1.fna.fbcdn.net&_nc_cat=104&_nc_ohc=cILHyBpKXUgAX_omwJp&tn=DBNlXcUCKOf1RGaQ&edm=AOG-cTkBAAAA&ccb=7-5&oh=00_AfDWu-Ybi-DJ6a9J6BZFqAZSY0t7axs8kpHTdz-9HQX5zA&oe=638D9AAA&_nc_sid=282b66,false
2668850492,lillxvicky,Vicky°,https://instagram.fblr2-2.fna.fbcdn.net/v/t51.2885-19/313348230_1486303691850744_7848188931047473964_n.jpg?stp=dst-jpg_s150x150&_nc_ht=instagram.fblr2-2.fna.fbcdn.net&_nc_cat=100&_nc_ohc=d5fol95dFagAX-pC0cP&edm=AOG-cTkBAAAA&ccb=7-5&oh=00_AfAI-Nqhivs2OlTelibm2y_P6KhSUvRADwGQZ_mOKodDfQ&oe=638F8749&_nc_sid=282b66,false
9513673306,kulaludaya2,Uday Kulal,https://instagram.fblr2-2.fna.fbcdn.net/v/t51.2885-19/300569007_850303789274275_6900363863925778997_n.jpg?stp=dst-jpg_s150x150&_nc_ht=instagram.fblr2-2.fna.fbcdn.net&_nc_cat=107&_nc_ohc=bJAzuMWQ3n4AX9pX2v9&edm=AOG-cTkBAAAA&ccb=7-5&oh=00_AfBnhcpZ4ecGTm5kJ3Oq218f5wRwnSoIfBefQRzZ5gkvQA&oe=638F2CFA&_nc_sid=282b66,false
20450326429,_namitha_ll,Namitha🦋,https://instagram.fblr2-2.fna.fbcdn.net/v/t51.2885-19/316713063_709588607165705_3450812304778375585_n.jpg?stp=dst-jpg_s150x150&_nc_ht=instagram.fblr2-2.fna.fbcdn.net&_nc_cat=105&_nc_ohc=gRTiLR5v5cIAX9SRXus&edm=AOG-cTkBAAAA&ccb=7-5&oh=00_AfDgdQ4FbpLR0nughuH5_QnyRoZPSjPWxtlDlIuRIix63g&oe=638E6935&_nc_sid=282b66,false
12426557744,deekshu__gowda,Disha_gowda,https://instagram.fblr2-2.fna.fbcdn.net/v/t51.2885-19/163637265_1554495408073389_2410876675421382049_n.jpg?stp=dst-jpg_s150x150&_nc_ht=instagram.fblr2-2.fna.fbcdn.net&_nc_cat=109&_nc_ohc=Vd2h3BSHudcAX_J_t5l&edm=AOG-cTkBAAAA&ccb=7-5&oh=00_AfCjmgcFGD_-miRGAT2T_qiMiUpFPIitOZCs0yAyKEwGDw&oe=638E7C65&_nc_sid=282b66,false
6019371788,muhd_.nihal,Nihal / Vagabond 🇮🇳,https://instagram.fblr2-1.fna.fbcdn.net/v/t51.2885-19/287584890_177651844700152_2759557498082680310_n.jpg?stp=dst-jpg_s150x150&_nc_ht=instagram.fblr2-1.fna.fbcdn.net&_nc_cat=104&_nc_ohc=bN7pexpShDUAX-DCN3h&edm=AOG-cTkBAAAA&ccb=7-5&oh=00_AfDuut-VSxko26YRb4gdLaXTewjmn9V-KjaW8oJVBbBlKQ&oe=638F11B9&_nc_sid=282b66,false
44283705991,pranxv_03,𝕻𝖗𝖆𝖓𝖆𝖛_𝖒𝖆𝖆𝖑𝖎𝖌𝖊,https://instagram.fblr2-2.fna.fbcdn.net/v/t51.2885-19/314914492_157484163647393_2783047189745353049_n.jpg?stp=dst-jpg_s150x150&_nc_ht=instagram.fblr2-2.fna.fbcdn.net&_nc_cat=105&_nc_ohc=Cgo_6qFBUToAX91_xUE&edm=AOG-cTkBAAAA&ccb=7-5&oh=00_AfBi-s31V9LEuHrf-NmyLMbGILql7h4uZdCDQGD_lMsjmQ&oe=638F5C50&_nc_sid=282b66,false
54826660671,_akshat._singh,AKSHAT SINGH,https://instagram.fblr2-1.fna.fbcdn.net/v/t51.2885-19/317437528_226453163124758_7317318318393191767_n.jpg?stp=dst-jpg_s150x150&_nc_ht=instagram.fblr2-1.fna.fbcdn.net&_nc_cat=102&_nc_ohc=OqEs1U2sdpsAX_jQgef&edm=AOG-cTkBAAAA&ccb=7-5&oh=00_AfAPB_ciqfD0OpdZgQZ15t6_2a6w2AIDFlkNopvR1Cw11Q&oe=638E46D8&_nc_sid=282b66,false
28175165701,bad_is_rad,Tarana Taiyeb Badshah,https://instagram.fblr2-1.fna.fbcdn.net/v/t51.2885-19/312104041_504209031394746_2787637023967831073_n.jpg?stp=dst-jpg_s150x150&_nc_ht=instagram.fblr2-1.fna.fbcdn.net&_nc_cat=106&_nc_ohc=CF4Dh7ZSkFsAX9J6DJg&edm=AOG-cTkBAAAA&ccb=7-5&oh=00_AfBYSpd5MfHwef2diP_lyT6kpnAyVkEjIwrHIfNJLlbWyQ&oe=638E13C2&_nc_sid=282b66,false
32274216653,aditi_10_30,Bobby-3001,https://instagram.fblr2-2.fna.fbcdn.net/v/t51.2885-19/299911736_171962922052247_5909610234372337329_n.jpg?stp=dst-jpg_s150x150&_nc_ht=instagram.fblr2-2.fna.fbcdn.net&_nc_cat=111&_nc_ohc=fT3GsS_VqBQAX-H0eQB&edm=AOG-cTkBAAAA&ccb=7-5&oh=00_AfDNwU0WGB30M9PF1uAVhpAaslv4lhuJAWkBrzeTTLMptA&oe=638DF527&_nc_sid=282b66,false
20205695469,steffi__immaculate,Steffi♾️,https://instagram.fdel11-2.fna.fbcdn.net/v/t51.2885-19/44884218_345707102882519_2446069589734326272_n.jpg?efg=eyJybWQiOiJpZ19hbmRyb2lkX21vYmlsZV9uZXR3b3JrX3N0YWNrXzVfZG5zX3Jlc29sdXRpb25fYXR0ZW1wdHNfd2l0aF9ydXNzaWE6Y29udHJvbCJ9&_nc_ht=instagram.fdel11-2.fna.fbcdn.net&_nc_cat=1&_nc_ohc=v6hG0j-H7LQAX-mTKfV&edm=ACkRbIEBAAAA&ccb=7-5&ig_cache_key=YW5vbnltb3VzX3Byb2ZpbGVfcGlj.2-ccb7-5&oh=00_AfAPoKPvxeQaYmrt9EGKrsVeHI5M1etWvXs5tYxLV5U3og&oe=638EA58F&_nc_sid=19ff24,false
1698347732,a_s_h_l_i_s_m,Ashif Ali,https://instagram.fblr2-1.fna.fbcdn.net/v/t51.2885-19/296142255_422975946273134_7629851187998228961_n.jpg?stp=dst-jpg_s150x150&_nc_ht=instagram.fblr2-1.fna.fbcdn.net&_nc_cat=102&_nc_ohc=-dCYJZswSRwAX97QcmP&edm=AOG-cTkBAAAA&ccb=7-5&oh=00_AfCUK0gAcJLWKjz4FczJHNzbwBUSSaNm9VHhHKh3L8diaA&oe=638F4388&_nc_sid=282b66,false
3747767794,prince_popz,Suhas Prince Mariyappa,https://instagram.fblr2-2.fna.fbcdn.net/v/t51.2885-19/317750628_1496058547566010_6172579210577776226_n.jpg?stp=dst-jpg_s150x150&_nc_ht=instagram.fblr2-2.fna.fbcdn.net&_nc_cat=110&_nc_ohc=7Cl270PmBXkAX_2Zm7Q&tn=DBNlXcUCKOf1RGaQ&edm=AOG-cTkBAAAA&ccb=7-5&oh=00_AfB6SrD-2b4ighxa9HMY-w4_NevPT573cXcS6uA2WCrlAQ&oe=638D97A7&_nc_sid=282b66,false
7110898608,shishir_ss_,Shishir,https://instagram.fblr2-2.fna.fbcdn.net/v/t51.2885-19/78813973_1504013386423125_5045333086594662400_n.jpg?stp=dst-jpg_s150x150&_nc_ht=instagram.fblr2-2.fna.fbcdn.net&_nc_cat=109&_nc_ohc=nDGgUhaHSswAX_8ccjf&edm=AOG-cTkBAAAA&ccb=7-5&oh=00_AfA20vLgQdIY0Ed6nyUvB97wMDlkeIbnN_3rorEoFlL5VA&oe=638E08F7&_nc_sid=282b66,false
3247100559,abhayrenu5,𝘼𝙗𝙝𝙖𝙮⚡👑,https://instagram.fblr2-1.fna.fbcdn.net/v/t51.2885-19/312605727_657470999271267_2570262672397976543_n.jpg?stp=dst-jpg_s150x150&_nc_ht=instagram.fblr2-1.fna.fbcdn.net&_nc_cat=103&_nc_ohc=gEFdy-LLTEAAX90NYvB&edm=AOG-cTkBAAAA&ccb=7-5&oh=00_AfCEFspz9n-SDFS2yY5l1Ags2ygcGNHL_PLdT9rd4QqNlw&oe=638DCE6F&_nc_sid=282b66,false
56247601038,satyam_shovit_25,Satyam Shovit,https://instagram.fblr2-2.fna.fbcdn.net/v/t51.2885-19/307903498_1131096247514901_4419033578598217467_n.jpg?stp=dst-jpg_s150x150&_nc_ht=instagram.fblr2-2.fna.fbcdn.net&_nc_cat=109&_nc_ohc=3zhocX9-8SEAX81dU9r&edm=AOG-cTkBAAAA&ccb=7-5&oh=00_AfBn2GrJ1GEqhYd5SWwmOb-bC9izXdJo_MNr3jBEMdQx4A&oe=638F8BE1&_nc_sid=282b66,false
6857779571,_.shivxm_,Sshivam,https://instagram.fblr2-1.fna.fbcdn.net/v/t51.2885-19/315085197_895488511809974_8409612623631617861_n.jpg?stp=dst-jpg_s150x150&_nc_ht=instagram.fblr2-1.fna.fbcdn.net&_nc_cat=102&_nc_ohc=CHTBrmI_4mUAX_nB48d&edm=AOG-cTkBAAAA&ccb=7-5&oh=00_AfAf4OVWAHCbODSpC97Vg4QWxhCQ-38T5L4M-7osvnxHcw&oe=638F6BE3&_nc_sid=282b66,false
23570475285,thechinmaybgowda_22,chinmay b gowda☄,https://instagram.fblr2-2.fna.fbcdn.net/v/t51.2885-19/310555611_689078129471777_7726908016442159431_n.jpg?stp=dst-jpg_s150x150&_nc_ht=instagram.fblr2-2.fna.fbcdn.net&_nc_cat=105&_nc_ohc=U-4LQ5JvD_8AX8Faykz&edm=AOG-cTkBAAAA&ccb=7-5&oh=00_AfCajlUG0JGaOe-21-AtNRWQVoAVs35mcjc_TDHUjhFtqg&oe=638EA03C&_nc_sid=282b66,false
4792606396,mr.gp.gowda,Gokul..,https://instagram.fblr2-2.fna.fbcdn.net/v/t51.2885-19/313201300_105041282365702_8993026298209979825_n.jpg?stp=dst-jpg_s150x150&_nc_ht=instagram.fblr2-2.fna.fbcdn.net&_nc_cat=110&_nc_ohc=pGhMxpU1s-4AX9H-R_8&edm=AOG-cTkBAAAA&ccb=7-5&oh=00_AfBBusT12eWYODIJ7LxrzpR0xiem4cnOS-TSYI3_aJVQ_w&oe=638F7ED8&_nc_sid=282b66,false
6962382959,im_kbv,Kruthik bv,https://instagram.fblr2-2.fna.fbcdn.net/v/t51.2885-19/97882462_167744014660965_2886126024712519680_n.jpg?stp=dst-jpg_s150x150&_nc_ht=instagram.fblr2-2.fna.fbcdn.net&_nc_cat=109&_nc_ohc=vsm0-vJoMZwAX-7Q6XY&edm=AOG-cTkBAAAA&ccb=7-5&oh=00_AfA0LvgDZfOlTZFm4VQ_-PLYy6elUdQE7T3l-2AryEx_kA&oe=638E86DF&_nc_sid=282b66,false
29529545340,abhirup_05,Abhirup,https://instagram.fblr2-2.fna.fbcdn.net/v/t51.2885-19/312805719_143923071707579_2493294601709114059_n.jpg?stp=dst-jpg_s150x150&_nc_ht=instagram.fblr2-2.fna.fbcdn.net&_nc_cat=111&_nc_ohc=Iu3dLe1tyHIAX9R8964&edm=AOG-cTkBAAAA&ccb=7-5&oh=00_AfCbCFecHOb-Fhd8bRvgRO79OQhH5Upbrsw-Vz7Zmxf9GA&oe=638F5342&_nc_sid=282b66,false
47934131192,paulrahulami,Rahul paul,https://instagram.fblr2-1.fna.fbcdn.net/v/t51.2885-19/195390885_3898074630261150_2788900892431808053_n.jpg?stp=dst-jpg_s150x150&_nc_ht=instagram.fblr2-1.fna.fbcdn.net&_nc_cat=106&_nc_ohc=ATELCvcgYbcAX-Lrtiv&tn=DBNlXcUCKOf1RGaQ&edm=AOG-cTkBAAAA&ccb=7-5&oh=00_AfADYzymTl1Z9z-q5lB_aPrnL259gzOi4Nr49mMUz5Gs_A&oe=638E2380&_nc_sid=282b66,false
47415291328,_zzurbee,,https://instagram.fblr2-2.fna.fbcdn.net/v/t51.2885-19/310642739_1054357878643846_529310820707141336_n.jpg?stp=dst-jpg_s150x150&_nc_ht=instagram.fblr2-2.fna.fbcdn.net&_nc_cat=110&_nc_ohc=tMvADGt4aJIAX9mhK_M&edm=AOG-cTkBAAAA&ccb=7-5&oh=00_AfBXpMS7C29WKvKgfl2qxwWm67eNo46ocJevbzJCO357vA&oe=638ED30E&_nc_sid=282b66,false
48123271367,eastcoastenglishinstitute,Online English Institute,https://instagram.fblr2-2.fna.fbcdn.net/v/t51.2885-19/200692999_217566210197974_7599336102048213626_n.jpg?stp=dst-jpg_s150x150&_nc_ht=instagram.fblr2-2.fna.fbcdn.net&_nc_cat=110&_nc_ohc=jBbBumFrJwgAX-ivzv6&edm=AOG-cTkBAAAA&ccb=7-5&oh=00_AfAo4UlGtqYUhbOL7ZgjJrW4iKzTuFlToVpxJxORV7fL-Q&oe=638F0157&_nc_sid=282b66,false
1699398463,ashenstien,Ashik,https://instagram.fblr2-1.fna.fbcdn.net/v/t51.2885-19/306928466_1059876094699254_7272361771034909231_n.jpg?stp=dst-jpg_s150x150&_nc_ht=instagram.fblr2-1.fna.fbcdn.net&_nc_cat=106&_nc_ohc=8RZe6xVvr40AX_2Wmo7&edm=AOG-cTkBAAAA&ccb=7-5&oh=00_AfA_JBT_iYze5UcHhmNPzYlWxD1281uh4-I0Tjh6JsXnvQ&oe=638F0F30&_nc_sid=282b66,false
14351522136,_.yash469._,,https://instagram.fblr2-1.fna.fbcdn.net/v/t51.2885-19/317485407_1758045207899368_5709776166845455125_n.jpg?stp=dst-jpg_s150x150&_nc_ht=instagram.fblr2-1.fna.fbcdn.net&_nc_cat=104&_nc_ohc=ELL1QlZNOOcAX-IfUN4&edm=AOG-cTkBAAAA&ccb=7-5&oh=00_AfCgRt1JjCWwras7Pb3UkMldcyCOR_zt4K1X6wWwTCxK-A&oe=638D9784&_nc_sid=282b66,false
8524224550,___dhee___,ᗪᕼEEᖇᗩᒍ Kᑌᗰᗩᖇ,https://instagram.fblr2-2.fna.fbcdn.net/v/t51.2885-19/306048364_482159053782641_4364030209368060167_n.jpg?stp=dst-jpg_s150x150&_nc_ht=instagram.fblr2-2.fna.fbcdn.net&_nc_cat=105&_nc_ohc=Ejc0XUagMjsAX9NGk48&edm=AOG-cTkBAAAA&ccb=7-5&oh=00_AfAhnEUfs0nB41fZpXmaEo6NObmTNQJTfRyL2TwLCymgWg&oe=638E041D&_nc_sid=282b66,false
32044158933,rajdxxp,RAJDEEP,https://instagram.fblr2-2.fna.fbcdn.net/v/t51.2885-19/316876258_1289429295167541_7702864185259278122_n.jpg?stp=dst-jpg_s150x150&_nc_ht=instagram.fblr2-2.fna.fbcdn.net&_nc_cat=109&_nc_ohc=CYIUgKZA6xEAX_VEXGB&tn=DBNlXcUCKOf1RGaQ&edm=AOG-cTkBAAAA&ccb=7-5&oh=00_AfAoDtpRjM1knnURQXSqNVx9zX0N_IoG8n6UvyoA8OXcaQ&oe=638E9255&_nc_sid=282b66,false
4775714047,raveena_raghuveer,Raveena Raghuveer,https://instagram.fblr2-2.fna.fbcdn.net/v/t51.2885-19/298222763_381080360638235_1315492717385966372_n.jpg?stp=dst-jpg_s150x150&_nc_ht=instagram.fblr2-2.fna.fbcdn.net&_nc_cat=111&_nc_ohc=KSxCg-kTSmgAX-rQGDI&edm=AOG-cTkBAAAA&ccb=7-5&oh=00_AfBnOwWzkTweeu3AUQSJN2IAGfauuyCp2VwmYZALZZ6yWw&oe=638E7D71&_nc_sid=282b66,false
6209020173,__nitideep__,Nitesh Deepu,https://instagram.fblr2-1.fna.fbcdn.net/v/t51.2885-19/310675233_188512366984914_3470388662702871209_n.jpg?stp=dst-jpg_s150x150&_nc_ht=instagram.fblr2-1.fna.fbcdn.net&_nc_cat=106&_nc_ohc=MeKorQw79LkAX_na4KH&edm=AOG-cTkBAAAA&ccb=7-5&oh=00_AfBdfQoD4GoNf7yW3BPqxhsh-A1kJPkCTn9ElD2nk5gIdA&oe=638E9FE6&_nc_sid=282b66,false
32572290704,chandu_gouda03,Chandu:),https://instagram.fblr2-2.fna.fbcdn.net/v/t51.2885-19/314738530_1246326212578378_7998183815904529887_n.jpg?stp=dst-jpg_s150x150&_nc_ht=instagram.fblr2-2.fna.fbcdn.net&_nc_cat=110&_nc_ohc=IttD8gE0XkEAX__HaxB&tn=DBNlXcUCKOf1RGaQ&edm=AOG-cTkBAAAA&ccb=7-5&oh=00_AfAu8sRb6osCL8d2J2Q0cJPy4aCN8ORtthELHKIdKy_7Mg&oe=638F7A58&_nc_sid=282b66,false
27783565252,pikachuu.07._,Purushotham Gowda 🍺,https://instagram.fblr2-2.fna.fbcdn.net/v/t51.2885-19/316454660_678145267220603_3775646165523525182_n.jpg?stp=dst-jpg_s150x150&_nc_ht=instagram.fblr2-2.fna.fbcdn.net&_nc_cat=111&_nc_ohc=5y81dDHkHp4AX8u090U&edm=AOG-cTkBAAAA&ccb=7-5&oh=00_AfCuo_evBTC5of0HI_uyfbULUvHxZzpQ_dYpvZxWj0ZnjQ&oe=638E0F6D&_nc_sid=282b66,false
4227137531,_.jayuuuuu._,ಜಯು ಗೌಡ 🧡,https://instagram.fblr2-2.fna.fbcdn.net/v/t51.2885-19/293554681_7650242961717596_5151290850319494509_n.jpg?stp=dst-jpg_s150x150&_nc_ht=instagram.fblr2-2.fna.fbcdn.net&_nc_cat=108&_nc_ohc=Zg7I8vOdK-oAX9by4gi&edm=AOG-cTkBAAAA&ccb=7-5&oh=00_AfDbgsmn0bGTMfvnHG2Sht8wWxoGJevjcCuSvPOLrAf5hw&oe=638E6A49&_nc_sid=282b66,false
5518105797,jashankhalsa84,Jashanpreet Singh,https://instagram.fblr2-2.fna.fbcdn.net/v/t51.2885-19/314164052_197633772744600_9085772821173191565_n.jpg?stp=dst-jpg_s150x150&_nc_ht=instagram.fblr2-2.fna.fbcdn.net&_nc_cat=100&_nc_ohc=tlEYAibrtsIAX_dgp7T&edm=AOG-cTkBAAAA&ccb=7-5&oh=00_AfBA_nW2hzvNskjg7tCY38kNhdnvj2GC3H58WqfAfZ0pJg&oe=638F5EBD&_nc_sid=282b66,false
5444462436,parth_pallangappa,パルタ,https://instagram.fblr2-1.fna.fbcdn.net/v/t51.2885-19/317555823_1243345349857513_7155094581534261673_n.jpg?stp=dst-jpg_s150x150&_nc_ht=instagram.fblr2-1.fna.fbcdn.net&_nc_cat=101&_nc_ohc=E9-ck3o2RjEAX_Amqz2&edm=AOG-cTkBAAAA&ccb=7-5&oh=00_AfCV5RXnnjVLnHJ6TKWl0qrDNylCTDVMTw2Do1s9a-ZTSw&oe=638F2B16&_nc_sid=282b66,false
37611998644,h_a_r_s_h_a._.24,HARSHA,https://instagram.fblr2-2.fna.fbcdn.net/v/t51.2885-19/276061395_649889266272058_2715169415277492865_n.jpg?stp=dst-jpg_s150x150&_nc_ht=instagram.fblr2-2.fna.fbcdn.net&_nc_cat=110&_nc_ohc=7HENTXnDZs0AX8-Lu-V&edm=AOG-cTkBAAAA&ccb=7-5&oh=00_AfDKWmkP2t4MYfRHQb-DbeOamojkPIsCm89AD4DbfL3yOQ&oe=638E6939&_nc_sid=282b66,false
49776302764,_yuva09,yuva__09,https://instagram.fblr2-1.fna.fbcdn.net/v/t51.2885-19/307456203_575763947680731_8335648326205892558_n.jpg?stp=dst-jpg_s150x150&_nc_ht=instagram.fblr2-1.fna.fbcdn.net&_nc_cat=103&_nc_ohc=zKsVO04cg54AX_213ar&edm=AOG-cTkBAAAA&ccb=7-5&oh=00_AfDTFMjSM9w7Rzfbi6auPjioT_nH2kQWWNh2hIOUBu1XjQ&oe=638DA0EA&_nc_sid=282b66,false
4225589894,ayu.sh.raj,Ayush Raj,https://instagram.fblr2-1.fna.fbcdn.net/v/t51.2885-19/312498994_104835859097058_7632431630961199950_n.jpg?stp=dst-jpg_s150x150&_nc_ht=instagram.fblr2-1.fna.fbcdn.net&_nc_cat=106&_nc_ohc=kjbdRsGPWJwAX_ewnD4&edm=AOG-cTkBAAAA&ccb=7-5&oh=00_AfB28ZoyXugF8_mm4NVnhv9sYlwXI9sifd2y1MxbNiJuFQ&oe=638E758A&_nc_sid=282b66,false
12285095326,_charan_yadav_1293,Charan Yadav,https://instagram.fblr2-2.fna.fbcdn.net/v/t51.2885-19/311629697_989059591809233_1431679940144294155_n.jpg?stp=dst-jpg_s150x150&_nc_ht=instagram.fblr2-2.fna.fbcdn.net&_nc_cat=105&_nc_ohc=EAmcZPFitgEAX9Pss95&edm=AOG-cTkBAAAA&ccb=7-5&oh=00_AfAtxrb2LqQxOfyzknBsDRR9ts5ASiRBUBzblKIcFv8QnQ&oe=638E9A46&_nc_sid=282b66,false
8716123008,i.m_tarak,T A R A K,https://instagram.fblr2-2.fna.fbcdn.net/v/t51.2885-19/297498208_625410575521043_8746030818504577093_n.jpg?stp=dst-jpg_s150x150&_nc_ht=instagram.fblr2-2.fna.fbcdn.net&_nc_cat=111&_nc_ohc=xCfT8sq3cksAX-ceiUP&edm=AOG-cTkBAAAA&ccb=7-5&oh=00_AfCRie-fsBa5ZnoXOQF3xZODpcUs6RVO1Y4xAqJahrOaLQ&oe=638EA4E3&_nc_sid=282b66,false
7283971837,moulyargowda1,Moulya R Gowda,https://instagram.fblr2-2.fna.fbcdn.net/v/t51.2885-19/120091751_563712380996025_7623991472208553343_n.jpg?stp=dst-jpg_s150x150&_nc_ht=instagram.fblr2-2.fna.fbcdn.net&_nc_cat=109&_nc_ohc=mOauwthYFL0AX_T-3OZ&edm=AOG-cTkBAAAA&ccb=7-5&oh=00_AfAg0awfeXUaHK7rYPojn5KuH68af8HP6GLdcZcBPfz0Dg&oe=638EF89D&_nc_sid=282b66,false
5310734565,p_j_r_o_c_k_s,Predeesh Joel 🤍,https://instagram.fblr2-2.fna.fbcdn.net/v/t51.2885-19/316177104_1559987077780521_1803463314323404064_n.jpg?stp=dst-jpg_s150x150&_nc_ht=instagram.fblr2-2.fna.fbcdn.net&_nc_cat=109&_nc_ohc=nXFJ9a01uLwAX_lSjzx&edm=AOG-cTkBAAAA&ccb=7-5&oh=00_AfAHEyLfjm6-FxzagmvXZdZ9Zv1y6PDCQxehFjdJg0kHfg&oe=638DF7D4&_nc_sid=282b66,false
53693652507,msrit_confessions,MSRIT CONFESSIONS,https://instagram.fblr2-2.fna.fbcdn.net/v/t51.2885-19/290776495_751079299571914_5693395498576769283_n.jpg?stp=dst-jpg_s150x150&_nc_ht=instagram.fblr2-2.fna.fbcdn.net&_nc_cat=110&_nc_ohc=JLHiJXEM7SgAX9Ha0eT&edm=AOG-cTkBAAAA&ccb=7-5&oh=00_AfBMbddD4jr61BJbcotbll4V_Hz5zlK6mX-mzdCL4_hlwg&oe=638DDC52&_nc_sid=282b66,false
3007484613,diptanshu_10,Diptanshu Tiwary,https://instagram.fblr2-1.fna.fbcdn.net/v/t51.2885-19/260720924_195129292813237_2492135898731103883_n.jpg?stp=dst-jpg_s150x150&_nc_ht=instagram.fblr2-1.fna.fbcdn.net&_nc_cat=101&_nc_ohc=EnSm5vCvK0gAX-wGGov&tn=DBNlXcUCKOf1RGaQ&edm=AOG-cTkBAAAA&ccb=7-5&oh=00_AfBvd4EdPASz2G66ra82KdO-EKu9FTkKhM2KvLnLnYKW8w&oe=638EEB57&_nc_sid=282b66,false
7401067240,mithun_rameshh,Mithun Mayur,https://instagram.fblr2-1.fna.fbcdn.net/v/t51.2885-19/313338246_508903221251680_2794944908787151830_n.jpg?stp=dst-jpg_s150x150&_nc_ht=instagram.fblr2-1.fna.fbcdn.net&_nc_cat=104&_nc_ohc=XNbDxPAWe8MAX-goVNj&edm=AOG-cTkBAAAA&ccb=7-5&oh=00_AfD49FW_nzm1BGNSluBoYjZ8kQ3H1lLB1uo4c-WKEJZqOA&oe=638E0129&_nc_sid=282b66,false
50930918080,mdarpitha13,mdarpitha,https://instagram.fblr2-2.fna.fbcdn.net/v/t51.2885-19/279914877_530612941838168_4881079362335386604_n.jpg?stp=dst-jpg_s150x150&_nc_ht=instagram.fblr2-2.fna.fbcdn.net&_nc_cat=108&_nc_ohc=SMlpRSiYaH8AX_SL3ig&edm=AOG-cTkBAAAA&ccb=7-5&oh=00_AfA3SxxzUE4k77auTZ9ojZciB5sVf8p9qyLo7wAqjAVXow&oe=638F2CAF&_nc_sid=282b66,false
13482678066,prasanna0_,prasanna,https://instagram.fblr2-2.fna.fbcdn.net/v/t51.2885-19/315132036_1113988549251370_6319445999654769790_n.jpg?stp=dst-jpg_s150x150&_nc_ht=instagram.fblr2-2.fna.fbcdn.net&_nc_cat=110&_nc_ohc=uXT7_WeJ6lQAX_rpGkW&tn=DBNlXcUCKOf1RGaQ&edm=AOG-cTkBAAAA&ccb=7-5&oh=00_AfBFey04ym8udDyc6YvI4VIRK4fgR8r7jAkWRCd_5XxFoQ&oe=638DF479&_nc_sid=282b66,false
53388260867,___precious091,Harshu🥀,https://instagram.fblr2-1.fna.fbcdn.net/v/t51.2885-19/313839365_619045913338191_1374652393044396999_n.jpg?stp=dst-jpg_s150x150&_nc_ht=instagram.fblr2-1.fna.fbcdn.net&_nc_cat=103&_nc_ohc=TiaRebnLFYYAX_F6OW4&edm=AOG-cTkBAAAA&ccb=7-5&oh=00_AfB2vSb7YdPAW_iEEzmS6UviBijcKEJ3UT27EWl799-oBA&oe=638E8341&_nc_sid=282b66,false
3847257152,girayyy._,𝔾𝕚𝕣𝕚𝕕𝕙𝕒𝕣.,https://instagram.fblr2-1.fna.fbcdn.net/v/t51.2885-19/299241445_377929977829758_7782526454522389499_n.jpg?stp=dst-jpg_s150x150&_nc_ht=instagram.fblr2-1.fna.fbcdn.net&_nc_cat=106&_nc_ohc=6v85A876AeQAX_DreZV&edm=AOG-cTkBAAAA&ccb=7-5&oh=00_AfAIcCEuIqR2Bdd5gdvvR620VZNN5Yuxg7rGqdG-GPTWIA&oe=638F1CA5&_nc_sid=282b66,false
4739602578,_pveee_69,𝙋𝙍𝘼𝙏𝙃𝙄𝙄𝙆,https://instagram.fblr2-2.fna.fbcdn.net/v/t51.2885-19/317220207_696130305351643_802380396857808383_n.jpg?stp=dst-jpg_s150x150&_nc_ht=instagram.fblr2-2.fna.fbcdn.net&_nc_cat=107&_nc_ohc=0YwEKerU024AX-KcEiS&tn=DBNlXcUCKOf1RGaQ&edm=AOG-cTkBAAAA&ccb=7-5&oh=00_AfCwFzftDDv1P_T97v1Od0xcf7j92wqE-CcPG-ma8j7U_w&oe=638DA5B4&_nc_sid=282b66,false
3515750061,mohan__manu,M🔘hăñ  ♏🅰Ňű,https://instagram.fblr2-2.fna.fbcdn.net/v/t51.2885-19/313197927_648823100193598_3011870383622838808_n.jpg?stp=dst-jpg_s150x150&_nc_ht=instagram.fblr2-2.fna.fbcdn.net&_nc_cat=110&_nc_ohc=dwu7CY6NtzIAX8FI1L2&edm=AOG-cTkBAAAA&ccb=7-5&oh=00_AfD8gpk40u7zRxFPd5JLDe5tj30n5Yfp2iPxRSPIXoSx0A&oe=638DCDD1&_nc_sid=282b66,false
34080746477,ashika_ashu27,_Ashika_,https://instagram.fblr2-2.fna.fbcdn.net/v/t51.2885-19/136964431_829155940984209_8571476622487717822_n.jpg?stp=dst-jpg_s150x150&_nc_ht=instagram.fblr2-2.fna.fbcdn.net&_nc_cat=109&_nc_ohc=rs5Q_PIZK5YAX_XqFWT&edm=AOG-cTkBAAAA&ccb=7-5&oh=00_AfDyRpMEHKLrU7uwura3OKZTk2jcyans5xccdc0Cwvz2NQ&oe=638E50A4&_nc_sid=282b66,false
48296451169,they_call_me_bobde,Karthik Bobde,https://instagram.fblr2-1.fna.fbcdn.net/v/t51.2885-19/313035136_1474500263052026_779409375315898652_n.jpg?stp=dst-jpg_s150x150&_nc_ht=instagram.fblr2-1.fna.fbcdn.net&_nc_cat=102&_nc_ohc=rXpC7_fCYpcAX-ICWyL&edm=AOG-cTkBAAAA&ccb=7-5&oh=00_AfCaXCBN7DbYOW86ox8HSqZ78rQly-VrJ_yp5GXFoP8BWQ&oe=638F5BD1&_nc_sid=282b66,false
9028700166,_.x._archith_,A R C H I T H,https://instagram.fblr2-2.fna.fbcdn.net/v/t51.2885-19/312831511_439529821646072_3590525458149059734_n.jpg?stp=dst-jpg_s150x150&_nc_ht=instagram.fblr2-2.fna.fbcdn.net&_nc_cat=108&_nc_ohc=AoUxOTm_Hz0AX_C3jDX&tn=DBNlXcUCKOf1RGaQ&edm=AOG-cTkBAAAA&ccb=7-5&oh=00_AfCrs02gkzvknKRy4MEN7t-6JsRfJdpNrBBDtyK-buQR7A&oe=638E1BDC&_nc_sid=282b66,false
8519336534,ramaiahfactory,Ramaiah Factory ©,https://instagram.fblr2-2.fna.fbcdn.net/v/t51.2885-19/299206187_1407737626303757_894543119639393948_n.jpg?stp=dst-jpg_s150x150&_nc_ht=instagram.fblr2-2.fna.fbcdn.net&_nc_cat=105&_nc_ohc=zhLz6bhce_8AX_p9LHm&tn=DBNlXcUCKOf1RGaQ&edm=AOG-cTkBAAAA&ccb=7-5&oh=00_AfAGAbcpyKJenc761qI2A08YueAVV4noZ1EVbc54UK7ibg&oe=638F5C71&_nc_sid=282b66,false
30819825179,thebeetleblaze,Jay🍙,https://instagram.fblr2-2.fna.fbcdn.net/v/t51.2885-19/316548702_628444515741562_9067582148694942464_n.jpg?stp=dst-jpg_s150x150&_nc_ht=instagram.fblr2-2.fna.fbcdn.net&_nc_cat=110&_nc_ohc=l9KYFcxcDTMAX-UkSxj&edm=AOG-cTkBAAAA&ccb=7-5&oh=00_AfBX_emDhv0yXfkgPUzTRbY1Ijtcd--vXZjG71WYOHGoAw&oe=638E6910&_nc_sid=282b66,false
4234905361,ds_cruiser,Daya Sagar,https://instagram.fblr2-2.fna.fbcdn.net/v/t51.2885-19/293166207_518514170072900_3620154600711928363_n.jpg?stp=dst-jpg_s150x150&_nc_ht=instagram.fblr2-2.fna.fbcdn.net&_nc_cat=108&_nc_ohc=aKe6hisd8WcAX83W-JZ&tn=DBNlXcUCKOf1RGaQ&edm=AOG-cTkBAAAA&ccb=7-5&oh=00_AfCaxjXX_npauI_N8EMi_yn0RkqhmTdL5Avqafc5-CVqoQ&oe=638DDB25&_nc_sid=282b66,false
44729990986,priyanshunandan9977,Priyanshu nandan,https://instagram.fblr2-1.fna.fbcdn.net/v/t51.2885-19/243399368_1533046810370464_3996409099643407589_n.jpg?stp=dst-jpg_s150x150&_nc_ht=instagram.fblr2-1.fna.fbcdn.net&_nc_cat=104&_nc_ohc=JnKxTb-pNyoAX8pOBta&edm=AOG-cTkBAAAA&ccb=7-5&oh=00_AfAiu-AqpIQj9-KetywhXCeUDZtPulqGkBe6e2zydZYWYg&oe=638DAF55&_nc_sid=282b66,false
48267169035,_.mithun.__,MITHUN👑,https://instagram.fblr2-2.fna.fbcdn.net/v/t51.2885-19/314487249_1213647159494268_6140385152611399136_n.jpg?stp=dst-jpg_s150x150&_nc_ht=instagram.fblr2-2.fna.fbcdn.net&_nc_cat=100&_nc_ohc=hW0QxtFGBfEAX_SAINy&edm=AOG-cTkBAAAA&ccb=7-5&oh=00_AfChFwFBz9UYuZRweCUUZkJLWxju4hMORAT1K0YKzaFrJg&oe=638DB570&_nc_sid=282b66,false
11650957821,monica_gowda___,moni🤎,https://instagram.fblr2-1.fna.fbcdn.net/v/t51.2885-19/305309182_487874782788315_6361920798540521027_n.jpg?stp=dst-jpg_s150x150&_nc_ht=instagram.fblr2-1.fna.fbcdn.net&_nc_cat=103&_nc_ohc=MYecLd37KVQAX80v8p9&tn=DBNlXcUCKOf1RGaQ&edm=AOG-cTkBAAAA&ccb=7-5&oh=00_AfDMOH2f7_C3Kh3v9rR1w1fpRTYOcJx-SrbGdiOH7tpvZQ&oe=638E469F&_nc_sid=282b66,false
8099173129,nithyaishwarya19,Nithyaishwarya,https://instagram.fblr2-2.fna.fbcdn.net/v/t51.2885-19/308309156_1140430430236030_7469838899140273443_n.jpg?stp=dst-jpg_s150x150&_nc_ht=instagram.fblr2-2.fna.fbcdn.net&_nc_cat=110&_nc_ohc=3xbJV_GeBngAX-NWRfR&edm=AOG-cTkBAAAA&ccb=7-5&oh=00_AfBzje7WwE1c4O5l0YZi3gocTE6GY3eo1i6qh0DvueNZyw&oe=638E00DC&_nc_sid=282b66,false
8172680775,_sarahpvt_,,https://instagram.fblr2-1.fna.fbcdn.net/v/t51.2885-19/315582045_845587300087429_125586133667939474_n.jpg?stp=dst-jpg_s150x150&_nc_ht=instagram.fblr2-1.fna.fbcdn.net&_nc_cat=101&_nc_ohc=ahvqZrZ7q_QAX8QJAtn&edm=AOG-cTkBAAAA&ccb=7-5&oh=00_AfCjy1l-4WGEDu897_E2BvUp8iWIp9_1a8wKJ8olyg01Cg&oe=638F34AB&_nc_sid=282b66,false
5414619838,sarayu_rao,sarayu j rao,https://instagram.fblr2-2.fna.fbcdn.net/v/t51.2885-19/312007937_1106453800234642_5079903286822304182_n.jpg?stp=dst-jpg_s150x150&_nc_ht=instagram.fblr2-2.fna.fbcdn.net&_nc_cat=110&_nc_ohc=mcsvxcBMexwAX_pJIl-&edm=AOG-cTkBAAAA&ccb=7-5&oh=00_AfDgXFQCU3gv--FKLu0V0nbgHTEWb0smQ3MRa9AKkl4eMA&oe=638E66EF&_nc_sid=282b66,false
37350853600,sanjeev_maskikar,Sanjeev Kumar,https://instagram.fblr2-2.fna.fbcdn.net/v/t51.2885-19/274270549_346767640661447_894611340932283077_n.jpg?stp=dst-jpg_s150x150&_nc_ht=instagram.fblr2-2.fna.fbcdn.net&_nc_cat=111&_nc_ohc=46cMynbv_NsAX_29Nu8&edm=AOG-cTkBAAAA&ccb=7-5&oh=00_AfBLPUU1PdgnNIpM_qQQ3HS-o_K3PRA_0PmFnObrNfZARQ&oe=638E6207&_nc_sid=282b66,false
8930206405,being_standard_anup,SuperDude_of_bangalore -,https://instagram.fblr2-2.fna.fbcdn.net/v/t51.2885-19/316858011_1142992326326060_3095814509244562060_n.jpg?stp=dst-jpg_s150x150&_nc_ht=instagram.fblr2-2.fna.fbcdn.net&_nc_cat=108&_nc_ohc=SYd51qRAl30AX9JzcDX&edm=AOG-cTkBAAAA&ccb=7-5&oh=00_AfCYLZKETwdkX_CtmrQORkRXvRyStdU171n7coIf16MftA&oe=638E10BF&_nc_sid=282b66,false
4475681674,_kaustubh_n,Kaustubh Nataraj 💸,https://instagram.fblr2-2.fna.fbcdn.net/v/t51.2885-19/273188307_7598743910151588_2315440611129599779_n.jpg?stp=dst-jpg_s150x150&_nc_ht=instagram.fblr2-2.fna.fbcdn.net&_nc_cat=100&_nc_ohc=mdZrMMH5z6oAX_2g1X9&edm=AOG-cTkBAAAA&ccb=7-5&oh=00_AfCxkrktCFd89yQkIM4vaAkSj4lVHi-uQTpYjh9jUcVUXw&oe=638F326A&_nc_sid=282b66,false
9287915491,akaashh.23,ᴀᴋᴀsʜ,https://instagram.fblr2-1.fna.fbcdn.net/v/t51.2885-19/312625957_539737781303440_4027019545725445524_n.jpg?stp=dst-jpg_s150x150&_nc_ht=instagram.fblr2-1.fna.fbcdn.net&_nc_cat=104&_nc_ohc=4ZCT5oJhhnEAX98kkQq&edm=AOG-cTkBAAAA&ccb=7-5&oh=00_AfAaUywkE53wUioogVca0aGtU2craI20vj7dDYdaLkZxZQ&oe=638F59A2&_nc_sid=282b66,false
7103500096,sapnaaa_jha,SAPNA JHA,https://instagram.fblr2-2.fna.fbcdn.net/v/t51.2885-19/312848819_822817692507070_9081967592192787186_n.jpg?stp=dst-jpg_s150x150&_nc_ht=instagram.fblr2-2.fna.fbcdn.net&_nc_cat=110&_nc_ohc=P1SW6e9CUXQAX8i38-J&edm=AOG-cTkBAAAA&ccb=7-5&oh=00_AfAdoPHsNVcZrVqSrwlUMWr6Ot9B_LY0g2LaxtZPT1wsmw&oe=638DC8EC&_nc_sid=282b66,false
47950298204,sapnaaa_pvt,SAPNA⛓,https://instagram.fblr2-1.fna.fbcdn.net/v/t51.2885-19/311906611_637786701108519_4696911364155820951_n.jpg?stp=dst-jpg_s150x150&_nc_ht=instagram.fblr2-1.fna.fbcdn.net&_nc_cat=103&_nc_ohc=phPcpAnxowoAX8ktQti&tn=DBNlXcUCKOf1RGaQ&edm=AOG-cTkBAAAA&ccb=7-5&oh=00_AfAJoinNW61mJtpb8-vEHbJUgoLiRZPuBnEGxTLdi8eN-Q&oe=638E3249&_nc_sid=282b66,false
7818323407,anirudh.kn.5,Anirudh K N,https://instagram.fblr2-2.fna.fbcdn.net/v/t51.2885-19/310410177_647847720084944_99364704659670698_n.jpg?stp=dst-jpg_s150x150&_nc_ht=instagram.fblr2-2.fna.fbcdn.net&_nc_cat=108&_nc_ohc=l14T1B9YgeUAX_G0lgo&edm=AOG-cTkBAAAA&ccb=7-5&oh=00_AfCFDSq8t-CyKOpbMOlMv_QIferiC0rhxKjJlUtwwroplA&oe=638E289B&_nc_sid=282b66,false
25721635366,latenigghtsinthecity,A,https://instagram.fblr2-2.fna.fbcdn.net/v/t51.2885-19/314418964_1824196391256850_576449491923579881_n.jpg?stp=dst-jpg_s150x150&_nc_ht=instagram.fblr2-2.fna.fbcdn.net&_nc_cat=110&_nc_ohc=pkA2Ojns23QAX_uknHe&edm=AOG-cTkBAAAA&ccb=7-5&oh=00_AfB9Pl4Z5wP-9iYibrMbguvp3anx5K_uPHWK2cSiNWfgFw&oe=638EE982&_nc_sid=282b66,false
31506530881,_.p.r.a.c.h.i._8,Prachi patil💫,https://instagram.fblr2-1.fna.fbcdn.net/v/t51.2885-19/291405325_535563551690502_407943489194509904_n.jpg?stp=dst-jpg_s150x150&_nc_ht=instagram.fblr2-1.fna.fbcdn.net&_nc_cat=106&_nc_ohc=dw9XR7qPxBsAX_lq1H3&edm=AOG-cTkBAAAA&ccb=7-5&oh=00_AfAZ5uR5WRK0iHosXAJlMyQaUbqHc0e0z3C26WO8Eug0SQ&oe=638F7282&_nc_sid=282b66,false
7588783904,_now__u_see____me,Likhith Likhi,https://instagram.fblr2-2.fna.fbcdn.net/v/t51.2885-19/312231367_417586653898488_8756976671263380617_n.jpg?stp=dst-jpg_s150x150&_nc_ht=instagram.fblr2-2.fna.fbcdn.net&_nc_cat=100&_nc_ohc=UJkeFi01_PAAX8hRXkX&edm=AOG-cTkBAAAA&ccb=7-5&oh=00_AfA-7zzRWBHsH5_2UXnguupoPM4vHYXxBPGusQQuwJt_3A&oe=638DB90D&_nc_sid=282b66,false
5417692470,im_ar_29,Ankit Ranjan,https://instagram.fblr2-2.fna.fbcdn.net/v/t51.2885-19/315738049_1276233873168835_1391377603260427982_n.jpg?stp=dst-jpg_s150x150&_nc_ht=instagram.fblr2-2.fna.fbcdn.net&_nc_cat=107&_nc_ohc=p6MwiZbEvZQAX9Qgr3i&edm=AOG-cTkBAAAA&ccb=7-5&oh=00_AfAq4CRYTGODmqiuJEaIFeC56U00gjgpGnIhAMx4aDpJZQ&oe=638F49E8&_nc_sid=282b66,false
26648843226,__prekx__,preksha,https://instagram.fblr2-2.fna.fbcdn.net/v/t51.2885-19/313213801_3278950579020454_3497655474287980975_n.jpg?stp=dst-jpg_s150x150&_nc_ht=instagram.fblr2-2.fna.fbcdn.net&_nc_cat=110&_nc_ohc=U5Y1DAK9ng0AX-fW0yf&edm=AOG-cTkBAAAA&ccb=7-5&oh=00_AfDkc6w2kNl4BgKM_nAcx41WpXqUOMYccbxaEJza_kiQwQ&oe=638E05D2&_nc_sid=282b66,false
32755338825,_dacchu__30,Darshan Dacchu,https://instagram.fblr2-2.fna.fbcdn.net/v/t51.2885-19/316368365_2300948006730595_638793602730559035_n.jpg?stp=dst-jpg_s150x150&_nc_ht=instagram.fblr2-2.fna.fbcdn.net&_nc_cat=107&_nc_ohc=ju5eIsm9UAAAX_yrlw1&edm=AOG-cTkBAAAA&ccb=7-5&oh=00_AfB--71qhGS9URPeTLFXHQRrznOolX5FAL8hh4aDjV-qLA&oe=638E12C8&_nc_sid=282b66,false
3664190113,ratan.sampath,Ratan Sampath,https://instagram.fblr2-1.fna.fbcdn.net/v/t51.2885-19/311330274_672613004072838_5927541157323384655_n.jpg?stp=dst-jpg_s150x150&_nc_ht=instagram.fblr2-1.fna.fbcdn.net&_nc_cat=106&_nc_ohc=4v9_fvz8ezkAX83ot5V&edm=AOG-cTkBAAAA&ccb=7-5&oh=00_AfA7C5ju-O5Jx24pk40P-tULCU1ey9r5zujf1oz5j2oM4w&oe=638DECD0&_nc_sid=282b66,false
4358908616,aman.aggarwall,𝗔𝗠𝗔𝗡𝗡 🛸,https://instagram.fblr2-2.fna.fbcdn.net/v/t51.2885-19/314676109_644804540703082_7070124375868755694_n.jpg?stp=dst-jpg_s150x150&_nc_ht=instagram.fblr2-2.fna.fbcdn.net&_nc_cat=110&_nc_ohc=b1hbz9YUO7IAX8HvVNq&edm=AOG-cTkBAAAA&ccb=7-5&oh=00_AfDSC5ScQPqJ9P_Wcki_EefIDHdq77PxGixMAwEI5ja0lg&oe=638EB25D&_nc_sid=282b66,false
49801207372,x._charan_.x,Charan Chengappa,https://instagram.fblr2-2.fna.fbcdn.net/v/t51.2885-19/317007462_195818183003998_6430634439989216081_n.jpg?stp=dst-jpg_s150x150&_nc_ht=instagram.fblr2-2.fna.fbcdn.net&_nc_cat=110&_nc_ohc=Fsdrcup53I8AX8hgyZ9&edm=AOG-cTkBAAAA&ccb=7-5&oh=00_AfAGmppbbsqFHpaBtm-JK0uwFYdo5zJah6pUF_EgZU0mkQ&oe=638F7389&_nc_sid=282b66,false
30079049444,vishnu_vardhan69,vishnu_vardhan69,https://instagram.fblr2-2.fna.fbcdn.net/v/t51.2885-19/119902244_347138686484914_5223951623831711375_n.jpg?stp=dst-jpg_s150x150&_nc_ht=instagram.fblr2-2.fna.fbcdn.net&_nc_cat=110&_nc_ohc=kkABn8RT7zoAX-ucgw3&edm=AOG-cTkBAAAA&ccb=7-5&oh=00_AfA2LycVH5orp9Ve8pwkRTtxClPsD22A5XCsnpRIgAzDZg&oe=638F200B&_nc_sid=282b66,false
4975838922,lohit.__,Lohit Kumar,https://instagram.fblr2-1.fna.fbcdn.net/v/t51.2885-19/310333148_1555748768196556_826213573970718973_n.jpg?stp=dst-jpg_s150x150&_nc_ht=instagram.fblr2-1.fna.fbcdn.net&_nc_cat=104&_nc_ohc=WiHiKErAiOMAX8a0wq-&edm=AOG-cTkBAAAA&ccb=7-5&oh=00_AfC3K_5C1fu_L0ORwgsf46wu2eS2w1r2rcsT-9_6P2Sryw&oe=638F7391&_nc_sid=282b66,false
2360253871,nisarga02,Nisarga,https://instagram.fblr2-2.fna.fbcdn.net/v/t51.2885-19/309701401_143986974728309_2423394627616137540_n.jpg?stp=dst-jpg_s150x150&_nc_ht=instagram.fblr2-2.fna.fbcdn.net&_nc_cat=105&_nc_ohc=VWMNsrAlHNkAX-7eCWG&edm=AOG-cTkBAAAA&ccb=7-5&oh=00_AfBpsRuZPDqF7kh4lj90GAvkXLb4kY-9wYsxTbF-7sJkTQ&oe=638DDDA4&_nc_sid=282b66,false
29620809221,_bad._.guy._,||•₱₳V₳₦•||,https://instagram.fblr2-2.fna.fbcdn.net/v/t51.2885-19/302412248_1511696935937465_2365741154576066685_n.jpg?stp=dst-jpg_s150x150&_nc_ht=instagram.fblr2-2.fna.fbcdn.net&_nc_cat=105&_nc_ohc=gmyIcw_phAwAX-eW3FT&tn=DBNlXcUCKOf1RGaQ&edm=AOG-cTkBAAAA&ccb=7-5&oh=00_AfAGx2YpGiodwH1XTca9i0x41ru-JcfwMJ66eRXe176cfA&oe=638F26FB&_nc_sid=282b66,false
7140886337,_.kushiiii_,~ Kusuma gangatkar ☄️,https://instagram.fblr2-2.fna.fbcdn.net/v/t51.2885-19/313358021_1973105192899353_1405869800627006729_n.jpg?stp=dst-jpg_s150x150&_nc_ht=instagram.fblr2-2.fna.fbcdn.net&_nc_cat=109&_nc_ohc=hPnI3zSwz4wAX8vA5lg&tn=DBNlXcUCKOf1RGaQ&edm=AOG-cTkBAAAA&ccb=7-5&oh=00_AfA7hm6jY8rEZkLa7HwEN8PmMZ3KaJu4UGPh9q892DetsQ&oe=638E0F69&_nc_sid=282b66,false
11173230764,iam.likithaaa,Likitha Parashuram,https://instagram.fblr2-2.fna.fbcdn.net/v/t51.2885-19/316783440_1199785180892323_8268367792274443353_n.jpg?stp=dst-jpg_s150x150&_nc_ht=instagram.fblr2-2.fna.fbcdn.net&_nc_cat=107&_nc_ohc=amqS17Il1OQAX8QvbKU&edm=AOG-cTkBAAAA&ccb=7-5&oh=00_AfA3Uj1LZW3naPu-fsFdK8317TxMi8y6J2mDMKXKYaSF_w&oe=638F65A9&_nc_sid=282b66,false
4703806368,harsha_nayaka_122,Harsha Nayaka,https://instagram.fblr2-1.fna.fbcdn.net/v/t51.2885-19/292666294_5276575845743799_4697600569446535413_n.jpg?stp=dst-jpg_s150x150&_nc_ht=instagram.fblr2-1.fna.fbcdn.net&_nc_cat=103&_nc_ohc=LQO90OlcOuUAX8sD7qv&edm=AOG-cTkBAAAA&ccb=7-5&oh=00_AfAeHf0J6fIOjwuhmR1qIw4NSkLqTbZXiCEbrSY2oWe83Q&oe=638ED962&_nc_sid=282b66,false
36034237613,_haxrsha,harsha🍁,https://instagram.fblr2-2.fna.fbcdn.net/v/t51.2885-19/128362583_1765035440344841_5442462193487684065_n.jpg?stp=dst-jpg_s150x150&_nc_ht=instagram.fblr2-2.fna.fbcdn.net&_nc_cat=105&_nc_ohc=clT73X7fJr4AX-Ou_pU&edm=AOG-cTkBAAAA&ccb=7-5&oh=00_AfCqxT6A7-SonMUsuu59MpwXJ2f_SpZ0nDCGHjv1ShxZLA&oe=638E7EC3&_nc_sid=282b66,false
13588873474,nirmithasreddy20,Nirmitha S Reddy,https://instagram.fblr2-1.fna.fbcdn.net/v/t51.2885-19/241947547_232018758762794_2263038934610838643_n.jpg?stp=dst-jpg_s150x150&_nc_ht=instagram.fblr2-1.fna.fbcdn.net&_nc_cat=102&_nc_ohc=iNpilpD_F5wAX8OeuM0&tn=DBNlXcUCKOf1RGaQ&edm=AOG-cTkBAAAA&ccb=7-5&oh=00_AfDKyRpwaVSmW8kh667PbKlC8j7sjlUQjD8kAenqJVnvVg&oe=638E6EF4&_nc_sid=282b66,false
2236900319,himanshi301,,https://instagram.fblr2-2.fna.fbcdn.net/v/t51.2885-19/264035451_1149363488930241_7341828942651236864_n.jpg?stp=dst-jpg_s150x150&_nc_ht=instagram.fblr2-2.fna.fbcdn.net&_nc_cat=109&_nc_ohc=yAh1aIl2xqoAX-Rk8pI&edm=AOG-cTkBAAAA&ccb=7-5&oh=00_AfBECdqEeesZzTJ2Fy3uuGI99YKE2YcpnHEatScESJVnpQ&oe=638DC8D5&_nc_sid=282b66,false
2297753754,indranxxl,Indraneel Thippeswamy,https://instagram.fblr2-1.fna.fbcdn.net/v/t51.2885-19/317492463_1837698956581218_3478917469214441812_n.jpg?stp=dst-jpg_s150x150&_nc_ht=instagram.fblr2-1.fna.fbcdn.net&_nc_cat=106&_nc_ohc=T94WSxf3jY8AX9P1FXj&edm=AOG-cTkBAAAA&ccb=7-5&oh=00_AfDuJs6162FtarEMqjyc1hzYCQbEfULjzd73Ga-7MuiIBA&oe=638F63D7&_nc_sid=282b66,false
47628928411,mayur.lotlikarr,MAYUR UDAYKUMAR👑,https://instagram.fblr2-2.fna.fbcdn.net/v/t51.2885-19/312547077_574440091153848_5989799977671498665_n.jpg?stp=dst-jpg_s150x150&_nc_ht=instagram.fblr2-2.fna.fbcdn.net&_nc_cat=100&_nc_ohc=KYEa-p9wgRgAX9SYzBx&edm=AOG-cTkBAAAA&ccb=7-5&oh=00_AfD8mFsIYNVs0HeSFqS05qonE4tmHTVLwyDOObDkTtXRlg&oe=638F495F&_nc_sid=282b66,false
8099654153,rashminarayan1223,Rashmi🦭,https://instagram.fblr2-1.fna.fbcdn.net/v/t51.2885-19/260333199_1013986609148030_7099166004850302556_n.jpg?stp=dst-jpg_s150x150&_nc_ht=instagram.fblr2-1.fna.fbcdn.net&_nc_cat=102&_nc_ohc=Wov5pd6jnqsAX_VR4Ti&edm=AOG-cTkBAAAA&ccb=7-5&oh=00_AfA5v4bJxrrITNho2lWkoRIQMQqw6t9MuV38CdJxrS6QKg&oe=638E7557&_nc_sid=282b66,false
6253455966,neeraj_chetty,NEERAJ🔰,https://instagram.fblr2-2.fna.fbcdn.net/v/t51.2885-19/317378663_522446349927873_762582337120781787_n.jpg?stp=dst-jpg_s150x150&_nc_ht=instagram.fblr2-2.fna.fbcdn.net&_nc_cat=109&_nc_ohc=JKzFPNhPQR4AX8keItG&edm=AOG-cTkBAAAA&ccb=7-5&oh=00_AfAcewtSM6ikutGyfFWXxv41XfJro0L_f91qDqx8ONz1wA&oe=638F48C9&_nc_sid=282b66,false
8119189044,shubhashini_patil,Shubhashini patil g p,https://instagram.fblr2-1.fna.fbcdn.net/v/t51.2885-19/297804260_579911883680706_8174589038601025918_n.jpg?stp=dst-jpg_s150x150&_nc_ht=instagram.fblr2-1.fna.fbcdn.net&_nc_cat=106&_nc_ohc=BEXjryTj24EAX8IuEkn&edm=AOG-cTkBAAAA&ccb=7-5&oh=00_AfBgTxWanWeHGUsHIbsycuHK731GrVfurZzY8iEWrxFkmQ&oe=638F6554&_nc_sid=282b66,false
4979850837,sheeeeshadri,Pranav Sheshadri,https://instagram.fblr2-2.fna.fbcdn.net/v/t51.2885-19/316837979_1117494345625471_2580845002543388742_n.jpg?stp=dst-jpg_s150x150&_nc_ht=instagram.fblr2-2.fna.fbcdn.net&_nc_cat=107&_nc_ohc=b5Hq_bem-fgAX8UPVG6&edm=AOG-cTkBAAAA&ccb=7-5&oh=00_AfBBJv0pM4jRBg0OO1WEJidQFjYmaFy59DC-Thb_jcP41Q&oe=638EAB39&_nc_sid=282b66,false
7098435939,_.shra_17._,~𝙎𝙝𝙧𝙖𝙫𝙖𝙣𝙩𝙝_𝘾𝙍~,https://instagram.fblr2-1.fna.fbcdn.net/v/t51.2885-19/308615347_507535427831257_4669008492437963954_n.jpg?stp=dst-jpg_s150x150&_nc_ht=instagram.fblr2-1.fna.fbcdn.net&_nc_cat=101&_nc_ohc=8R8FeIKXzD0AX_PfuF8&edm=AOG-cTkBAAAA&ccb=7-5&oh=00_AfALyeJy7J8P1ktAdtKSO2dEVq_bsMxZXYeUZAJCMOALtQ&oe=638E205F&_nc_sid=282b66,false
36911713092,varshitha_muthuraj_,Varshitha🤍,https://instagram.fblr2-2.fna.fbcdn.net/v/t51.2885-19/293257150_7786413034767189_5833746283855900497_n.jpg?stp=dst-jpg_s150x150&_nc_ht=instagram.fblr2-2.fna.fbcdn.net&_nc_cat=109&_nc_ohc=hhoa-PBlXlMAX_lym3-&edm=AOG-cTkBAAAA&ccb=7-5&oh=00_AfBHONxz5LL3FsT-Zo6tHwUHRzi42B_rYEXGB5xLGudkTg&oe=638DFE13&_nc_sid=282b66,false
7047379207,__jyothisharma03,JYOTHI SHARMA 🤍,https://instagram.fblr2-1.fna.fbcdn.net/v/t51.2885-19/315558274_822234662348402_7910780920990957865_n.jpg?stp=dst-jpg_s150x150&_nc_ht=instagram.fblr2-1.fna.fbcdn.net&_nc_cat=102&_nc_ohc=9YrISiyS10sAX_lCRhD&edm=AOG-cTkBAAAA&ccb=7-5&oh=00_AfCIsFJ9XmCftNUyIAEHp_bfg4CZwEN7Oel_tfVaEa8gYw&oe=638E8E91&_nc_sid=282b66,false
4477237315,hrithik_sahani,Hrithik,https://instagram.fblr2-1.fna.fbcdn.net/v/t51.2885-19/316162017_1064408464240230_8348519693015104280_n.jpg?stp=dst-jpg_s150x150&_nc_ht=instagram.fblr2-1.fna.fbcdn.net&_nc_cat=106&_nc_ohc=Eq5e9Ann4NMAX8cORlP&edm=AOG-cTkBAAAA&ccb=7-5&oh=00_AfBL1DVBgk3yQXw0iJSfO8kjFCPwB9eqT5tiw34e4nV0kA&oe=638EE706&_nc_sid=282b66,false
50334049939,gurtezsingh_,Gurtez Singh,https://instagram.fblr2-1.fna.fbcdn.net/v/t51.2885-19/257853121_129989372751530_4693822964079935588_n.jpg?stp=dst-jpg_s150x150&_nc_ht=instagram.fblr2-1.fna.fbcdn.net&_nc_cat=102&_nc_ohc=pyd_rDXaqfEAX8xu2zN&edm=AOG-cTkBAAAA&ccb=7-5&oh=00_AfCcOyZUGD00fa5-DVUChJNzjCbmQ_E7-FqLEdcyRY3AOA&oe=638F7151&_nc_sid=282b66,false
45633270888,ownathyasree,Ownathya Sree kandiraju,https://instagram.fblr2-2.fna.fbcdn.net/v/t51.2885-19/308694874_1257317065047023_8091491284727536470_n.jpg?stp=dst-jpg_s150x150&_nc_ht=instagram.fblr2-2.fna.fbcdn.net&_nc_cat=111&_nc_ohc=eNnJ9MUe0JIAX-DFSYB&edm=AOG-cTkBAAAA&ccb=7-5&oh=00_AfAt5ijsVSIdSjw82t6nVQCTtgNtrnc9vUljCJgJCb3l8w&oe=638DC12B&_nc_sid=282b66,false
6888691401,manohar_manuu27,Manohar Manu,https://instagram.fblr2-2.fna.fbcdn.net/v/t51.2885-19/240869002_1004767853651208_3413283723025995062_n.jpg?stp=dst-jpg_s150x150&_nc_ht=instagram.fblr2-2.fna.fbcdn.net&_nc_cat=100&_nc_ohc=LGNDaVs-CccAX-VzsZ1&edm=AOG-cTkBAAAA&ccb=7-5&oh=00_AfDWI9FT_7HjbpLvfLIqkFslafDGblcdIwuZm1oJIH3YNA&oe=638E9C22&_nc_sid=282b66,false
6189450974,ni._.kkii,Nikshep Gowda,https://instagram.fblr2-2.fna.fbcdn.net/v/t51.2885-19/275109603_1085530385339585_9042280308101268492_n.jpg?stp=dst-jpg_s150x150&_nc_ht=instagram.fblr2-2.fna.fbcdn.net&_nc_cat=105&_nc_ohc=sk_4ySR4I2kAX9xR0M8&edm=AOG-cTkBAAAA&ccb=7-5&oh=00_AfC2WA70nvie8sER7E-8U7BIYq26dPLeAoQ9qIckLAQJRg&oe=638EBF0D&_nc_sid=282b66,false
39129098444,dipanshu___003,Dipanshu Nagarkoti,https://instagram.fblr2-1.fna.fbcdn.net/v/t51.2885-19/302434819_363325022667170_3710451239738874817_n.jpg?stp=dst-jpg_s150x150&_nc_ht=instagram.fblr2-1.fna.fbcdn.net&_nc_cat=102&_nc_ohc=fmBLpBYoPI0AX_vKJwQ&edm=AOG-cTkBAAAA&ccb=7-5&oh=00_AfDEg8EwCbw9xKkaswu-alkq2ox-27qSnR1NsP_Hd9rePA&oe=638DCE7C&_nc_sid=282b66,false
53140955136,ind_a_manjunath,Manjunath SN,https://instagram.fblr2-1.fna.fbcdn.net/v/t51.2885-19/316186505_3413447405551563_3731376668582288775_n.jpg?stp=dst-jpg_s150x150&_nc_ht=instagram.fblr2-1.fna.fbcdn.net&_nc_cat=103&_nc_ohc=snPfJO2VXEoAX_T4MS_&edm=AOG-cTkBAAAA&ccb=7-5&oh=00_AfDNw4x-Qj-hBQ-J8N-rLZVgKbqf6Jm3-djJAk_aIJQ7EA&oe=638DD816&_nc_sid=282b66,false
34955858834,susrithareddy12,$u$₹!th@ ₹£ddy🥀,https://instagram.fblr2-2.fna.fbcdn.net/v/t51.2885-19/315492787_694349358699154_3870844772466976678_n.jpg?stp=dst-jpg_s150x150&_nc_ht=instagram.fblr2-2.fna.fbcdn.net&_nc_cat=110&_nc_ohc=l2GF_DJPnhkAX-mofgq&edm=AOG-cTkBAAAA&ccb=7-5&oh=00_AfBEXoDhJn8c-GgstR3CvhwyKXyBj7pIFCxEHWMLUYIvfA&oe=638F50E9&_nc_sid=282b66,false
17667946079,dhwajj.jain,Dhwaj Jain🦋,https://instagram.fblr2-2.fna.fbcdn.net/v/t51.2885-19/308049920_3080600295583592_4518993057428419604_n.jpg?stp=dst-jpg_s150x150&_nc_ht=instagram.fblr2-2.fna.fbcdn.net&_nc_cat=108&_nc_ohc=gaIO_PokIpIAX_iXgy-&tn=DBNlXcUCKOf1RGaQ&edm=AOG-cTkBAAAA&ccb=7-5&oh=00_AfCbmCCxTVLA6DzLoTaan3vm-Tq6LhFUYAZ7Wq5z0sM81w&oe=638F830D&_nc_sid=282b66,false
11682867578,varun_onkar,𝚅𝚊𝚛𝚞𝚗,https://instagram.fblr2-1.fna.fbcdn.net/v/t51.2885-19/314067940_1583169985435746_1285947347456612883_n.jpg?stp=dst-jpg_s150x150&_nc_ht=instagram.fblr2-1.fna.fbcdn.net&_nc_cat=106&_nc_ohc=dChH1Yy0CKoAX9am-J_&edm=AOG-cTkBAAAA&ccb=7-5&oh=00_AfCKxcr2H-GtEfruzkuiKcSSk1P4oz1o7tKr71iCCQN4QA&oe=638DD310&_nc_sid=282b66,false
21302786672,prafull.kalisinge,𝕻𝖗𝖆𝖋𝖚𝖑𝖑 𝖐𝖆𝖑𝖎𝖘𝖎𝖓𝖌𝖊,https://instagram.fblr2-2.fna.fbcdn.net/v/t51.2885-19/313047480_958772535101093_3174472919460035416_n.jpg?stp=dst-jpg_s150x150&_nc_ht=instagram.fblr2-2.fna.fbcdn.net&_nc_cat=105&_nc_ohc=GHU8D-s67FkAX_zGyki&tn=DBNlXcUCKOf1RGaQ&edm=AOG-cTkBAAAA&ccb=7-5&oh=00_AfBBcuj24Na41cpGmSxlLTr2-8LJi9TN2t8NOBao_tEEow&oe=638E3BEF&_nc_sid=282b66,false
5803829871,anjali_a_p,Anjali Prakash,https://instagram.fblr2-2.fna.fbcdn.net/v/t51.2885-19/312461543_823779585439195_4962231336900328083_n.jpg?stp=dst-jpg_s150x150&_nc_ht=instagram.fblr2-2.fna.fbcdn.net&_nc_cat=107&_nc_ohc=TW8967KvLx0AX_ynKY-&tn=DBNlXcUCKOf1RGaQ&edm=AOG-cTkBAAAA&ccb=7-5&oh=00_AfAdmg0g3KFgIu5ySLe4KOfwRjJx9YIfwgxXnmVbc3xVUQ&oe=638ECDE5&_nc_sid=282b66,false
7103467374,amritanshu_shekhar05__,Amritanshu,https://instagram.fblr2-2.fna.fbcdn.net/v/t51.2885-19/315112528_828160131834551_3250906200954011461_n.jpg?stp=dst-jpg_s150x150&_nc_ht=instagram.fblr2-2.fna.fbcdn.net&_nc_cat=111&_nc_ohc=6FCOgGSjWugAX8cfLYQ&tn=DBNlXcUCKOf1RGaQ&edm=AOG-cTkBAAAA&ccb=7-5&oh=00_AfALT54sc50GkKnNI4hSy6il_8ex7OlZRk-fPokXrywbIQ&oe=638E6EA8&_nc_sid=282b66,false
4781337495,this_is_sethji,Utkarsh Seth,https://instagram.fblr2-1.fna.fbcdn.net/v/t51.2885-19/299930893_1085373825446704_3150299699090851360_n.jpg?stp=dst-jpg_s150x150&_nc_ht=instagram.fblr2-1.fna.fbcdn.net&_nc_cat=104&_nc_ohc=Svm6Li8IcZQAX9Uspbw&tn=DBNlXcUCKOf1RGaQ&edm=AOG-cTkBAAAA&ccb=7-5&oh=00_AfBgaHPTUlJk9uBeZEgfRcT1jBzrddLLGrpQb7x6xij9fA&oe=638EB589&_nc_sid=282b66,false
