id,userName,fullName,profilePicUrl,isVerified
56644275587,astro_jaya_pandit08,astrology,https://instagram.fblr2-2.fna.fbcdn.net/v/t51.2885-19/313842727_429094986051525_4602726141534102350_n.jpg?stp=dst-jpg_s150x150&_nc_ht=instagram.fblr2-2.fna.fbcdn.net&_nc_cat=109&_nc_ohc=x-1Bcju3nmwAX9exSjC&edm=AOG-cTkBAAAA&ccb=7-5&oh=00_AfDEIUU2qJI_OSUzWzTOdzd5SYANiDuEEUVLmTqxRQRV9g&oe=638E4C3D&_nc_sid=282b66,false
46198903830,pallavi_d02,Pallavi D,https://instagram.fblr2-2.fna.fbcdn.net/v/t51.2885-19/262200099_425740939179679_2198811363557485355_n.jpg?stp=dst-jpg_s150x150&_nc_ht=instagram.fblr2-2.fna.fbcdn.net&_nc_cat=107&_nc_ohc=SsNTxQRS3_oAX-Dd9_H&edm=AOG-cTkBAAAA&ccb=7-5&oh=00_AfBL-jpDCI1VXHE_c8bO73UgTFeNevV-GBCk41oB4BFCrA&oe=638F7E2A&_nc_sid=282b66,false
47927191791,iltaf_ahmad_0,Iltaf Ahamad,https://instagram.fblr2-2.fna.fbcdn.net/v/t51.2885-19/289276149_706733757273288_5438378253380065695_n.jpg?stp=dst-jpg_s150x150&_nc_ht=instagram.fblr2-2.fna.fbcdn.net&_nc_cat=100&_nc_ohc=7to94JVZY7gAX8Y50Yi&edm=AOG-cTkBAAAA&ccb=7-5&oh=00_AfDqznbHu22vOyI0I5FbUDWeIep2knCcnz2eCxMiZHOebQ&oe=638EDDA4&_nc_sid=282b66,false
51876558020,kumar.anatu,Anntu Kumar,https://instagram.fblr2-1.fna.fbcdn.net/v/t51.2885-19/312798967_1192952924632465_8671060497709805536_n.jpg?stp=dst-jpg_s150x150&_nc_ht=instagram.fblr2-1.fna.fbcdn.net&_nc_cat=101&_nc_ohc=x66B_i_sCbsAX8w_0BM&tn=DBNlXcUCKOf1RGaQ&edm=AOG-cTkBAAAA&ccb=7-5&oh=00_AfDAnXxmNyqVT-wlps947hk1UOk0O_ujQfRGCY4WcRyd5g&oe=638F49CE&_nc_sid=282b66,false
3037544387,itz_ranveer,Suraj Ranveer Singh,https://instagram.fblr2-1.fna.fbcdn.net/v/t51.2885-19/214291598_237882994620914_7247605288055675921_n.jpg?stp=dst-jpg_s150x150&_nc_ht=instagram.fblr2-1.fna.fbcdn.net&_nc_cat=102&_nc_ohc=Ye-IjJyfuK8AX97T54v&edm=AOG-cTkBAAAA&ccb=7-5&oh=00_AfASjiCXO64vf4jKoUJbXfb756LunnaYZm0q3UMtc8cSfg&oe=638EA50F&_nc_sid=282b66,false
53169925230,i___love___you_ht,i__LOVE__YOU__0011,https://instagram.fblr2-2.fna.fbcdn.net/v/t51.2885-19/314720331_5897175686982233_35925274543172962_n.jpg?stp=dst-jpg_s150x150&_nc_ht=instagram.fblr2-2.fna.fbcdn.net&_nc_cat=105&_nc_ohc=rSqjKwjlB2kAX9kRHtg&tn=DBNlXcUCKOf1RGaQ&edm=AOG-cTkBAAAA&ccb=7-5&oh=00_AfCf1WyL6QAVI0eeBJ5bGvSE_jK71bUWR9Prs2l6jsuiUw&oe=638F2EB7&_nc_sid=282b66,false
19385309531,h_i__devil,Himanshu Behl,https://instagram.fblr2-1.fna.fbcdn.net/v/t51.2885-19/308208574_581496123754564_8726332435944401989_n.jpg?stp=dst-jpg_s150x150&_nc_ht=instagram.fblr2-1.fna.fbcdn.net&_nc_cat=104&_nc_ohc=rmXpW72bJ-4AX-jEBde&edm=AOG-cTkBAAAA&ccb=7-5&oh=00_AfBL0ngDahq6CM26e_QVBlxp08P5YObLV-39vv3dT_8iHg&oe=638F5F22&_nc_sid=282b66,false
6648460380,niti_26_46,Niti Rajput,https://instagram.fblr2-1.fna.fbcdn.net/v/t51.2885-19/278964976_515086160247147_1359231386246335733_n.jpg?stp=dst-jpg_s150x150&_nc_ht=instagram.fblr2-1.fna.fbcdn.net&_nc_cat=103&_nc_ohc=ayCLnKSaAE8AX8JIity&edm=AOG-cTkBAAAA&ccb=7-5&oh=00_AfAOjJJTAVRwmZuxkEjLyv6gc2mSwKM-rGPBd8pjfHwxKQ&oe=638E6256&_nc_sid=282b66,false
44084008501,kkayush2518,Ayush Keshari,https://scontent-ssn1-1.cdninstagram.com/v/t51.2885-19/44884218_345707102882519_2446069589734326272_n.jpg?_nc_ht=scontent-ssn1-1.cdninstagram.com&_nc_cat=1&_nc_ohc=v6hG0j-H7LQAX_r-hv8&edm=AEF8tYYBAAAA&ccb=7-5&ig_cache_key=YW5vbnltb3VzX3Byb2ZpbGVfcGlj.2-ccb7-5&oh=00_AfACkMuQh1Y7ZbDbpjd4xGk3i5DthcHcuyhVba8U2pRofA&oe=638EA58F&_nc_sid=a9513d,false
7937587822,_.sumitaachary,Sumita Achary,https://instagram.fblr2-1.fna.fbcdn.net/v/t51.2885-19/50070535_277459509595213_3886362562933030912_n.jpg?stp=dst-jpg_s150x150&_nc_ht=instagram.fblr2-1.fna.fbcdn.net&_nc_cat=101&_nc_ohc=yaLKdpt2-9sAX9VA7QK&edm=AOG-cTkBAAAA&ccb=7-5&oh=00_AfACPRxbzxf5gQXo06XuroCo8dy-Vu4tL3el3hlmqnnacg&oe=638F7AD6&_nc_sid=282b66,false
52467992465,mightyaradhya,Mighty Aradhya,https://instagram.fblr2-1.fna.fbcdn.net/v/t51.2885-19/277388557_266816942200516_3822381723249162998_n.jpg?stp=dst-jpg_s150x150&_nc_ht=instagram.fblr2-1.fna.fbcdn.net&_nc_cat=104&_nc_ohc=9LsH1GnwfpcAX9788iR&edm=AOG-cTkBAAAA&ccb=7-5&oh=00_AfBOBhIPjQOC907LZNIRt2B8e0zGHboHemsarBi970Qbrg&oe=638F2DAF&_nc_sid=282b66,false
53973381613,adela54656,Adela5465,https://instagram.fblr2-2.fna.fbcdn.net/v/t51.2885-19/294610545_613889196669031_2270930980028002846_n.jpg?stp=dst-jpg_s150x150&_nc_ht=instagram.fblr2-2.fna.fbcdn.net&_nc_cat=107&_nc_ohc=Nqaicykto8oAX90IBsE&edm=AOG-cTkBAAAA&ccb=7-5&oh=00_AfC5D6L9Iiu2XANn0FCsRlV8tLQM5UDrd6D6S3j9Zl1bVg&oe=638F764D&_nc_sid=282b66,false
52137637057,stringsmen,Stringsmen,https://instagram.fblr2-2.fna.fbcdn.net/v/t51.2885-19/278419820_464741505403976_9052891695702297865_n.jpg?stp=dst-jpg_s150x150&_nc_ht=instagram.fblr2-2.fna.fbcdn.net&_nc_cat=108&_nc_ohc=Gut18Mh3x5gAX98b-xj&edm=AOG-cTkBAAAA&ccb=7-5&oh=00_AfDk5j_CB0DU09Ryyi9LK6_F37cxFTjUwvkZS_OtjcrKZg&oe=638DF716&_nc_sid=282b66,false
51968412486,himanshu123tiwari_83.83_,Himanshu Tiwari,https://instagram.fblr2-2.fna.fbcdn.net/v/t51.2885-19/274555103_5316333668416930_3692529081656628842_n.jpg?stp=dst-jpg_s150x150&_nc_ht=instagram.fblr2-2.fna.fbcdn.net&_nc_cat=110&_nc_ohc=eNh9qvp-QLAAX8a2gHG&edm=AOG-cTkBAAAA&ccb=7-5&oh=00_AfCkxduRhzXtpYF9WU4iW3ufq6JPejzJ2g7Zl_R8UVOIqw&oe=638DEC1A&_nc_sid=282b66,false
52021059097,_comedian_youtuber_ad,AMARDEEP,https://instagram.fblr2-2.fna.fbcdn.net/v/t51.2885-19/275373106_377779570850218_6680781937157798017_n.jpg?stp=dst-jpg_s150x150&_nc_ht=instagram.fblr2-2.fna.fbcdn.net&_nc_cat=110&_nc_ohc=pqyQJV8Pa58AX-N4LTz&edm=AOG-cTkBAAAA&ccb=7-5&oh=00_AfCaIJOItL-E39DGiRULpRY--8Qq4PKsRfZTksZwVV56Ug&oe=638E306D&_nc_sid=282b66,false
51771763912,ocean.woman16,ocean woman,https://instagram.fblr2-1.fna.fbcdn.net/v/t51.2885-19/274137788_1016628842396557_1816534481943710231_n.jpg?stp=dst-jpg_s150x150&_nc_ht=instagram.fblr2-1.fna.fbcdn.net&_nc_cat=101&_nc_ohc=1QD1t22YC7EAX_nqB_V&edm=AOG-cTkBAAAA&ccb=7-5&oh=00_AfDhaSwBUh9lpVEUoqVRqXJUaCAX7NOcFVD3BwkZIuD_tg&oe=638F87C2&_nc_sid=282b66,false
51221990865,thakorravi810,Ravi Thakor,https://instagram.fblr2-1.fna.fbcdn.net/v/t51.2885-19/311738223_191600406608043_4447777410541894447_n.jpg?stp=dst-jpg_s150x150&_nc_ht=instagram.fblr2-1.fna.fbcdn.net&_nc_cat=103&_nc_ohc=e-6jSWToh64AX96Ey5R&edm=AOG-cTkBAAAA&ccb=7-5&oh=00_AfDa35blIlgTk7FhquLydy70d9ep2uzNh7BEAkl5niDWyw&oe=638F61A1&_nc_sid=282b66,false
51029206740,itachi.0.7,itachi.🖤🚫,https://instagram.fblr2-2.fna.fbcdn.net/v/t51.2885-19/306905649_463156612528748_343234616415413645_n.jpg?stp=dst-jpg_s150x150&_nc_ht=instagram.fblr2-2.fna.fbcdn.net&_nc_cat=108&_nc_ohc=VxbKaclen-kAX9jDXOu&tn=DBNlXcUCKOf1RGaQ&edm=AOG-cTkBAAAA&ccb=7-5&oh=00_AfCbtE1i4bdfMevVX3ol4Nyuo_msXZmeAkY-cT3Ai5hlTg&oe=638F4E62&_nc_sid=282b66,false
50853669664,thatfoodbengaluru,That Food Bangalore,https://instagram.fblr2-2.fna.fbcdn.net/v/t51.2885-19/302057981_790559362142206_8780034240777709636_n.jpg?stp=dst-jpg_s150x150&_nc_ht=instagram.fblr2-2.fna.fbcdn.net&_nc_cat=110&_nc_ohc=E5jvi5r_EP4AX-80J1L&edm=AOG-cTkBAAAA&ccb=7-5&oh=00_AfBvl4dOpL6sZyzmCU-H78xkwdC15bSj_Qnl8X5ul4-OdA&oe=638EDEBF&_nc_sid=282b66,false
50805001415,satish_rai_01,SATISH,https://instagram.fblr2-2.fna.fbcdn.net/v/t51.2885-19/275973791_511152683727885_2226465223904407332_n.jpg?stp=dst-jpg_s150x150&_nc_ht=instagram.fblr2-2.fna.fbcdn.net&_nc_cat=109&_nc_ohc=SNqEN0eiA60AX_HQfDn&edm=AOG-cTkBAAAA&ccb=7-5&oh=00_AfAgEx9Xqyvb5C2JLWSuqPp8V83AEcpY_buhEnTFGplyyQ&oe=638EB9CC&_nc_sid=282b66,false
50290515006,varanasi__flames,,https://instagram.fblr2-2.fna.fbcdn.net/v/t51.2885-19/254801488_601447044431349_448757813175647744_n.jpg?stp=dst-jpg_s150x150&_nc_ht=instagram.fblr2-2.fna.fbcdn.net&_nc_cat=109&_nc_ohc=0O69niyfPTsAX9cbUkA&edm=AOG-cTkBAAAA&ccb=7-5&oh=00_AfBA6hJr9kFxCCkf8xOCfrvRuJQkyzCJsXq3_qXvGaF0dg&oe=638DA52B&_nc_sid=282b66,false
50365802925,s_k705033,,https://scontent-ssn1-1.cdninstagram.com/v/t51.2885-19/44884218_345707102882519_2446069589734326272_n.jpg?_nc_ht=scontent-ssn1-1.cdninstagram.com&_nc_cat=1&_nc_ohc=v6hG0j-H7LQAX_r-hv8&edm=AEF8tYYBAAAA&ccb=7-5&ig_cache_key=YW5vbnltb3VzX3Byb2ZpbGVfcGlj.2-ccb7-5&oh=00_AfACkMuQh1Y7ZbDbpjd4xGk3i5DthcHcuyhVba8U2pRofA&oe=638EA58F&_nc_sid=a9513d,false
49956749730,raisatish7157,Satish Kumar Rai,https://instagram.fblr2-1.fna.fbcdn.net/v/t51.2885-19/297292390_1415644425509775_1401012122935278143_n.jpg?stp=dst-jpg_s150x150&_nc_ht=instagram.fblr2-1.fna.fbcdn.net&_nc_cat=103&_nc_ohc=t1n5dTvzZjUAX88x47G&tn=DBNlXcUCKOf1RGaQ&edm=AOG-cTkBAAAA&ccb=7-5&oh=00_AfCtfu3N3zLYQeP3I_oDMr-8RLpuqaqLHBqf3Zom4_0M5A&oe=638F3D48&_nc_sid=282b66,false
49458230726,lakshmimehenthi,Lakshmi Mehenthi,https://instagram.fblr2-1.fna.fbcdn.net/v/t51.2885-19/296154249_144819428196205_1531383004371439175_n.jpg?stp=dst-jpg_s150x150&_nc_ht=instagram.fblr2-1.fna.fbcdn.net&_nc_cat=101&_nc_ohc=L845HLD_f-4AX9cnMzZ&edm=AOG-cTkBAAAA&ccb=7-5&oh=00_AfDUzwO071JSH9Ai40nx4GAXHLZtKRjYq4-5zJtExALFng&oe=638E0077&_nc_sid=282b66,false
48383134254,shanura_ravi,Ravi Sanora,https://instagram.fblr2-2.fna.fbcdn.net/v/t51.2885-19/272774687_701618357867758_3881756660119538350_n.jpg?stp=dst-jpg_s150x150&_nc_ht=instagram.fblr2-2.fna.fbcdn.net&_nc_cat=110&_nc_ohc=c30rphsyLQIAX_gPWA8&edm=AOG-cTkBAAAA&ccb=7-5&oh=00_AfCj04WZq3FeTbDZW0ePbYZTWXj3A7suu_P4blEMx7dSaw&oe=638EBCA4&_nc_sid=282b66,false
17389823370,ayushraj2071,Ayush Raj,https://instagram.fblr2-1.fna.fbcdn.net/v/t51.2885-19/315224823_521700889832271_8185825273497940522_n.jpg?stp=dst-jpg_s150x150&_nc_ht=instagram.fblr2-1.fna.fbcdn.net&_nc_cat=103&_nc_ohc=sM0OoOVW2a0AX-ZzSTV&edm=AOG-cTkBAAAA&ccb=7-5&oh=00_AfAHk4h982e8sekpnYxCCAtzxTpneF2xVSn2g3PDHZr4zw&oe=638EE750&_nc_sid=282b66,false
10835736045,artistic_manasvi_n_moms,Monalisa Sarkar,https://instagram.fblr2-2.fna.fbcdn.net/v/t51.2885-19/315872879_502805078470133_312958595626863524_n.jpg?stp=dst-jpg_s150x150&_nc_ht=instagram.fblr2-2.fna.fbcdn.net&_nc_cat=105&_nc_ohc=0yCpy1PZlPUAX9W7l5c&edm=AOG-cTkBAAAA&ccb=7-5&oh=00_AfCUOf1WIairLANNcHt0V-ftIpLR4Jl19inYgv72ktZ_Wg&oe=638E9D84&_nc_sid=282b66,false
7778714905,dilp6222,Yadav Dilip,https://instagram.fblr2-1.fna.fbcdn.net/v/t51.2885-19/316831654_193784853219578_8613106501615992237_n.jpg?stp=dst-jpg_s150x150&_nc_ht=instagram.fblr2-1.fna.fbcdn.net&_nc_cat=102&_nc_ohc=vuJHK7zk9J8AX9o12w6&edm=AOG-cTkBAAAA&ccb=7-5&oh=00_AfBcmcGRnwL1Qjs7CAUxEgrFjHIpN5gJgEZj4SqMm60_7Q&oe=638DED1F&_nc_sid=282b66,false
7593741378,p_k8089,Prahlad Kumar,https://instagram.fblr2-2.fna.fbcdn.net/v/t51.2885-19/310042006_433108462256244_1923839221492819443_n.jpg?stp=dst-jpg_s150x150&_nc_ht=instagram.fblr2-2.fna.fbcdn.net&_nc_cat=100&_nc_ohc=eQluiD7wYD4AX_bVyt3&edm=AOG-cTkBAAAA&ccb=7-5&oh=00_AfCT2dcdZC776F6WjT6ZWE_G8aNoHo5lItTe2bbrd83EkQ&oe=638E6337&_nc_sid=282b66,false
3422011510,who.piyushpandey,Prem Piyush Pandey,https://instagram.fblr2-2.fna.fbcdn.net/v/t51.2885-19/271765665_1446583679069299_2083481882859969346_n.jpg?stp=dst-jpg_s150x150&_nc_ht=instagram.fblr2-2.fna.fbcdn.net&_nc_cat=107&_nc_ohc=0pjsXXPJeeQAX_7rQYs&edm=AOG-cTkBAAAA&ccb=7-5&oh=00_AfC1RVLvyT6qNv1-v6ssxy1lJXslWFB7ep-UGb5v3j_D3Q&oe=638F2582&_nc_sid=282b66,false
3173712741,dhrubapada,Dhrubapada Sinha,https://instagram.fblr2-1.fna.fbcdn.net/v/t51.2885-19/315202115_1154311145200950_5391897608266283715_n.jpg?stp=dst-jpg_s150x150&_nc_ht=instagram.fblr2-1.fna.fbcdn.net&_nc_cat=106&_nc_ohc=-7gm_JQmL8oAX8JJpNW&edm=AOG-cTkBAAAA&ccb=7-5&oh=00_AfDTk33_9eR9cQjvZm6Z9hkB-OT0eo4IsLuFdP8fh4j1ig&oe=638EE3C9&_nc_sid=282b66,false
53928070299,jacks._.hut_,Jacks Hut,https://instagram.fblr2-1.fna.fbcdn.net/v/t51.2885-19/299552148_520406253187442_4692546092239945991_n.jpg?stp=dst-jpg_s150x150&_nc_ht=instagram.fblr2-1.fna.fbcdn.net&_nc_cat=102&_nc_ohc=IsBjpRRX92kAX-McG7g&edm=AOG-cTkBAAAA&ccb=7-5&oh=00_AfALm3Tip_qzvz3o-EU4Oz4OAPQ8QD2wUirxbtXiU4IPJQ&oe=638E8AA8&_nc_sid=282b66,false
4991727260,sumanth_b_sagar,Sumanth B,https://instagram.fblr2-1.fna.fbcdn.net/v/t51.2885-19/229215476_229619975736949_5650697675694493840_n.jpg?stp=dst-jpg_s150x150&_nc_ht=instagram.fblr2-1.fna.fbcdn.net&_nc_cat=101&_nc_ohc=KXZO0JqCa2gAX-TPhEA&tn=DBNlXcUCKOf1RGaQ&edm=AOG-cTkBAAAA&ccb=7-5&oh=00_AfDFBrCFHZ0t9Qt1qCeA9H1M9JLHVDrrvcTnN290J-u_RQ&oe=638F354E&_nc_sid=282b66,false
7675170557,_priyanjalisingh01_,Priyanjali Singh,https://instagram.fblr2-2.fna.fbcdn.net/v/t51.2885-19/301696076_428354299273368_2311971470401189272_n.jpg?stp=dst-jpg_s150x150&_nc_ht=instagram.fblr2-2.fna.fbcdn.net&_nc_cat=100&_nc_ohc=sxWsWd2O87sAX8gZO22&edm=AOG-cTkBAAAA&ccb=7-5&oh=00_AfBvni8-NGkLS26vc9acOe0JM1kDYSKdPoCK8z9Sdp_TGg&oe=638ECA9C&_nc_sid=282b66,false
55523100331,xx.nisha.n,Nikita singh,https://instagram.fblr2-1.fna.fbcdn.net/v/t51.2885-19/307795750_136504342448332_2977118736478252636_n.jpg?stp=dst-jpg_s150x150&_nc_ht=instagram.fblr2-1.fna.fbcdn.net&_nc_cat=104&_nc_ohc=qIspZpJcwIQAX92_tMC&edm=AOG-cTkBAAAA&ccb=7-5&oh=00_AfCBugiLuyrOHcTmknARO-0QPriSWYEOoVWszJUxTqsN7Q&oe=638E1690&_nc_sid=282b66,false
4410881213,kunalkishoreraja,Kunal Kishore Raja,https://instagram.fblr2-1.fna.fbcdn.net/v/t51.2885-19/316883757_1305792856920424_7098652758658519140_n.jpg?stp=dst-jpg_s150x150&_nc_ht=instagram.fblr2-1.fna.fbcdn.net&_nc_cat=104&_nc_ohc=htYlUZZqdBwAX_D6sdE&tn=DBNlXcUCKOf1RGaQ&edm=AOG-cTkBAAAA&ccb=7-5&oh=00_AfB1hiGjXeF0wDgjgoGWqovc05zRlPvLRaXrbzJKNEjkrg&oe=638F0CA0&_nc_sid=282b66,false
52715391562,kgt_001_official,Kishan G Tiwari,https://instagram.fblr2-1.fna.fbcdn.net/v/t51.2885-19/279391266_1241114700028950_2955927466064969955_n.jpg?stp=dst-jpg_s150x150&_nc_ht=instagram.fblr2-1.fna.fbcdn.net&_nc_cat=106&_nc_ohc=cFWqqxIKAqsAX-Gbkpm&edm=AOG-cTkBAAAA&ccb=7-5&oh=00_AfDVVyoiLVvpam4NjV6pRLIAxytx9AMtrwPK0foIBwi5EA&oe=638E8245&_nc_sid=282b66,false
20337752968,_shyam_premi_official_,❤हारे का सहारा बाबा श्याम हमारा❤,https://instagram.fblr2-1.fna.fbcdn.net/v/t51.2885-19/314859745_400537665511370_6602898286579258910_n.jpg?stp=dst-jpg_s150x150&_nc_ht=instagram.fblr2-1.fna.fbcdn.net&_nc_cat=102&_nc_ohc=FDFk1WwFDx0AX-CHPdX&edm=AOG-cTkBAAAA&ccb=7-5&oh=00_AfDOD5m2bdU6FB5umnMx_4DP6z_lcmI-3yuFm8OCXT34EA&oe=638DACB4&_nc_sid=282b66,false
19087980701,aditi_h6,Aditi Harish,https://instagram.fblr2-2.fna.fbcdn.net/v/t51.2885-19/251117308_610125983497224_1364380994001712618_n.jpg?stp=dst-jpg_s150x150&_nc_ht=instagram.fblr2-2.fna.fbcdn.net&_nc_cat=100&_nc_ohc=e39X7fY9PSAAX9DAUu1&tn=DBNlXcUCKOf1RGaQ&edm=AOG-cTkBAAAA&ccb=7-5&oh=00_AfDdKnwIaNyKs7UK4Djob7ICUR1sAJ-byD-mXFerYdKlAQ&oe=638F861E&_nc_sid=282b66,false
53109820816,adit.yasingh8873,Aaditya singh,https://instagram.fblr2-1.fna.fbcdn.net/v/t51.2885-19/279622704_988603381796994_8559024302420231286_n.jpg?stp=dst-jpg_s150x150&_nc_ht=instagram.fblr2-1.fna.fbcdn.net&_nc_cat=106&_nc_ohc=jYF0x-swoqUAX-7uTqg&tn=DBNlXcUCKOf1RGaQ&edm=AOG-cTkBAAAA&ccb=7-5&oh=00_AfB92cw0DD-qIzEb5-Df0Qfp9STao6gHfMkV74BUFl6ZCg&oe=638DBB8F&_nc_sid=282b66,false
47046701572,abhishekh14320,ABHISHEKH,https://instagram.fblr2-1.fna.fbcdn.net/v/t51.2885-19/278685811_1064503924160449_5181188006961717958_n.jpg?stp=dst-jpg_s150x150&_nc_ht=instagram.fblr2-1.fna.fbcdn.net&_nc_cat=101&_nc_ohc=xJajyA8A5PEAX9Ii-LC&edm=AOG-cTkBAAAA&ccb=7-5&oh=00_AfCIpJw_Gdpgvw1AKavjN4d6IZ3XIXhmk6dFAez5KhSw3w&oe=638E99BD&_nc_sid=282b66,false
4178551563,__deepakjoshi__,Deepak,https://instagram.fblr2-2.fna.fbcdn.net/v/t51.2885-19/271776354_644182243293896_6362709686117043934_n.jpg?stp=dst-jpg_s150x150&_nc_ht=instagram.fblr2-2.fna.fbcdn.net&_nc_cat=108&_nc_ohc=_KpH-oSUknEAX-t_wE1&tn=DBNlXcUCKOf1RGaQ&edm=AOG-cTkBAAAA&ccb=7-5&oh=00_AfBlj665adal7agb-Ps0hkLTsMaI24bhYwen9VNy0rrP-g&oe=638DEDE3&_nc_sid=282b66,false
51709324703,soulxjoy,soul×joy,https://instagram.fblr2-1.fna.fbcdn.net/v/t51.2885-19/273591158_656967668780294_8682517819937421888_n.jpg?stp=dst-jpg_s150x150&_nc_ht=instagram.fblr2-1.fna.fbcdn.net&_nc_cat=102&_nc_ohc=GhJQMuZ5hQ8AX9UWPQn&edm=AOG-cTkBAAAA&ccb=7-5&oh=00_AfD_WEKoUudv-cV1e6-wcuZSECyxKiTREsi8QnkIvDkiOQ&oe=638F02C0&_nc_sid=282b66,false
24895069060,call_me_aashi20,Aashi Arora,https://instagram.fblr2-2.fna.fbcdn.net/v/t51.2885-19/223595172_130950322520568_4598658025822333127_n.jpg?stp=dst-jpg_s150x150&_nc_ht=instagram.fblr2-2.fna.fbcdn.net&_nc_cat=100&_nc_ohc=ptEbAuzDKIYAX9-xkEW&edm=AOG-cTkBAAAA&ccb=7-5&oh=00_AfDWc6rCGUnRWHgjReXSE40_955T7iZGRf4OwD38U-xvJg&oe=638E649E&_nc_sid=282b66,false
45623183429,jun_wample,juno 🖤🌑🌌,https://instagram.fblr2-2.fna.fbcdn.net/v/t51.2885-19/315562143_593828742543012_1871258561789676515_n.jpg?stp=dst-jpg_s150x150&_nc_ht=instagram.fblr2-2.fna.fbcdn.net&_nc_cat=100&_nc_ohc=QF146i8jPswAX803mm2&edm=AOG-cTkBAAAA&ccb=7-5&oh=00_AfC3gGAmXQptpf7fTBWIfb_t4RwVnqR1TZ4xcqibt1zpjQ&oe=638DC258&_nc_sid=282b66,false
44842849790,allsval_03,💛Ale valZKY,https://instagram.fblr2-2.fna.fbcdn.net/v/t51.2885-19/158876553_259309889067189_6415411968220502365_n.jpg?stp=dst-jpg_s150x150&_nc_ht=instagram.fblr2-2.fna.fbcdn.net&_nc_cat=109&_nc_ohc=Nwvvw-h_C_wAX_HiNcI&tn=DBNlXcUCKOf1RGaQ&edm=AOG-cTkBAAAA&ccb=7-5&oh=00_AfBE_LNncNvItC8oUG-4p0uKYNpJ9OMIaVM6oVXTl9Et4A&oe=638E25C2&_nc_sid=282b66,false
52089937023,ayyan.anees24,ايان اننش,https://instagram.fblr2-2.fna.fbcdn.net/v/t51.2885-19/275676655_657059955407566_947576317232678494_n.jpg?stp=dst-jpg_s150x150&_nc_ht=instagram.fblr2-2.fna.fbcdn.net&_nc_cat=110&_nc_ohc=iHGpL7gq6uQAX9ueF5O&tn=DBNlXcUCKOf1RGaQ&edm=AOG-cTkBAAAA&ccb=7-5&oh=00_AfBzmbX9UgaGOPQOWrZm4Gt7MZQqH_cyCQlVEN-HCa2t4g&oe=638EBE23&_nc_sid=282b66,false
49560172835,sachinshrivasatva,Sachin Shrivastava,https://instagram.fblr2-1.fna.fbcdn.net/v/t51.2885-19/311463832_171054068849298_7446976455838572798_n.jpg?stp=dst-jpg_s150x150&_nc_ht=instagram.fblr2-1.fna.fbcdn.net&_nc_cat=106&_nc_ohc=bMbGyQpMh2MAX_HpmN9&tn=DBNlXcUCKOf1RGaQ&edm=AOG-cTkBAAAA&ccb=7-5&oh=00_AfDNvmlsMtlw4RVRFDtYhJwiifmlKw_S-VaX0vsEOHC99w&oe=638F59BD&_nc_sid=282b66,false
23351230304,ajay__adavinavar,ಅಜಯ್ ಅಡವಿನವರ್,https://instagram.fblr2-2.fna.fbcdn.net/v/t51.2885-19/299824321_187862190373373_457787865894802071_n.jpg?stp=dst-jpg_s150x150&_nc_ht=instagram.fblr2-2.fna.fbcdn.net&_nc_cat=105&_nc_ohc=vjbplZ8WwPMAX_cm2xO&tn=DBNlXcUCKOf1RGaQ&edm=AOG-cTkBAAAA&ccb=7-5&oh=00_AfAZOQlSyb6Cl4WqTp7xrcqah1N7K6prUDod70b1fGmM_g&oe=638E37FC&_nc_sid=282b66,false
51150409031,vishnunishad0710,Himanshu Tiwari,https://instagram.fblr2-1.fna.fbcdn.net/v/t51.2885-19/271762308_626316188519346_2328756076028214993_n.jpg?stp=dst-jpg_s150x150&_nc_ht=instagram.fblr2-1.fna.fbcdn.net&_nc_cat=106&_nc_ohc=cHdkTFoWn7sAX_Qh5o9&edm=AOG-cTkBAAAA&ccb=7-5&oh=00_AfC61TO35ti04iJt6IDfs2TYpZ9YWgHF--bNr-SwrdVInA&oe=638E9496&_nc_sid=282b66,false
50230015989,poonamtiwari4833,Poonam Tiwari,https://instagram.fblr2-1.fna.fbcdn.net/v/t51.2885-19/254539491_387943643029754_426244098027570777_n.jpg?stp=dst-jpg_s150x150&_nc_ht=instagram.fblr2-1.fna.fbcdn.net&_nc_cat=102&_nc_ohc=ntovWwvOM9QAX8OEHI7&edm=AOG-cTkBAAAA&ccb=7-5&oh=00_AfDWAic-MY9b7e1_OvU7c0c0a1wLmigjTmgvOC2QeS3vpg&oe=638F968A&_nc_sid=282b66,false
49120793614,pratyush9823,Pratyush choudhary,https://instagram.fblr2-2.fna.fbcdn.net/v/t51.2885-19/306838601_374429554748669_8057886967872236035_n.jpg?stp=dst-jpg_s150x150&_nc_ht=instagram.fblr2-2.fna.fbcdn.net&_nc_cat=105&_nc_ohc=2pEFDJox7nQAX_uhoTB&edm=AOG-cTkBAAAA&ccb=7-5&oh=00_AfBvyUh00lW6Wexcac7MBhMArdlDTbCMZP2slcDX9HXRgQ&oe=638E3283&_nc_sid=282b66,false
46729957500,innostudio_inc,InnoStudio Inc.,https://instagram.fblr2-2.fna.fbcdn.net/v/t51.2885-19/166497570_480236016345922_898426339793196320_n.jpg?stp=dst-jpg_s150x150&_nc_ht=instagram.fblr2-2.fna.fbcdn.net&_nc_cat=110&_nc_ohc=wmn0kGvDs7MAX-N2mxU&edm=AOG-cTkBAAAA&ccb=7-5&oh=00_AfD2umyo8TwFnPxnhQmhjuerbiTb0r7kk1TtENRnkS_bKA&oe=638E7CC9&_nc_sid=282b66,false
34391705643,flowchemistrysociety,Flowchemistrysociety,https://instagram.fblr2-2.fna.fbcdn.net/v/t51.2885-19/198362122_518158906297535_276563434752737701_n.jpg?stp=dst-jpg_s150x150&_nc_ht=instagram.fblr2-2.fna.fbcdn.net&_nc_cat=111&_nc_ohc=MRus_paALwsAX_-ToVi&edm=AOG-cTkBAAAA&ccb=7-5&oh=00_AfBCha9oQt3-NxQo3_1EAVI2_Evn6zmKtVICWJ_sFiX3Iw&oe=638F8B5D&_nc_sid=282b66,false
5870266596,rithikprasad20,Rithik Prasad,https://instagram.fblr2-2.fna.fbcdn.net/v/t51.2885-19/300832679_380778434235260_6784619811357826973_n.jpg?stp=dst-jpg_s150x150&_nc_ht=instagram.fblr2-2.fna.fbcdn.net&_nc_cat=108&_nc_ohc=6X5iLpc7mCMAX8nx46V&tn=DBNlXcUCKOf1RGaQ&edm=AOG-cTkBAAAA&ccb=7-5&oh=00_AfDaj4wLwIAaMQKd7LEg7U29wM_zKBRExGdO2pehAJ89oA&oe=638DB27E&_nc_sid=282b66,false
3953115108,robinsingh3098,Robin Singh,https://instagram.fblr2-1.fna.fbcdn.net/v/t51.2885-19/306471226_616740663190494_1885278158578808993_n.jpg?stp=dst-jpg_s150x150&_nc_ht=instagram.fblr2-1.fna.fbcdn.net&_nc_cat=106&_nc_ohc=1kkNO59CjKQAX-jjzpT&edm=AOG-cTkBAAAA&ccb=7-5&oh=00_AfD-hkpF6qfVSOSkbpp2yH0FFQJJFqu4WKie9jgOlNc5bg&oe=638F711E&_nc_sid=282b66,false
3998601145,__.kalyani.__,Kalyani Tekade,https://instagram.fblr2-2.fna.fbcdn.net/v/t51.2885-19/278343423_5205852896141279_1333234307479541154_n.jpg?stp=dst-jpg_s150x150&_nc_ht=instagram.fblr2-2.fna.fbcdn.net&_nc_cat=111&_nc_ohc=ljHJy1HquLwAX-2hQbj&edm=AOG-cTkBAAAA&ccb=7-5&oh=00_AfDJK9Gj1nBZUw-sp6Rf7-_AwZ5h3oXZZQ5aqWhus4IvUQ&oe=638ED1B4&_nc_sid=282b66,false
49854632531,_pon.nie_,Ponnie,https://instagram.fblr2-2.fna.fbcdn.net/v/t51.2885-19/316024954_864654854539183_2964247965688568879_n.jpg?stp=dst-jpg_s150x150&_nc_ht=instagram.fblr2-2.fna.fbcdn.net&_nc_cat=107&_nc_ohc=xFK0pAMFOAsAX9yvhbQ&tn=DBNlXcUCKOf1RGaQ&edm=AOG-cTkBAAAA&ccb=7-5&oh=00_AfC2_wWP1r815gZYU8wBUpLeOp6fl69XzyyOoOroT4TspQ&oe=638E6D4D&_nc_sid=282b66,false
18367061120,a_l_i_s_h_a___s,Alisha,https://instagram.fblr2-2.fna.fbcdn.net/v/t51.2885-19/317559495_144214951721613_6748503153249889262_n.jpg?stp=dst-jpg_s150x150&_nc_ht=instagram.fblr2-2.fna.fbcdn.net&_nc_cat=109&_nc_ohc=b6atyQo-_V0AX_bHAjA&edm=AOG-cTkBAAAA&ccb=7-5&oh=00_AfCgewk6n8ZyUXTE1JkQ0jwXdNXY199_VS7QVfRV6bNi5g&oe=638EA310&_nc_sid=282b66,false
22103883915,amisha_kumari20,Amisha Kumari,https://instagram.fblr2-2.fna.fbcdn.net/v/t51.2885-19/306050676_772047850767475_1477528680287456517_n.jpg?stp=dst-jpg_s150x150&_nc_ht=instagram.fblr2-2.fna.fbcdn.net&_nc_cat=107&_nc_ohc=7wZvPCYp0NoAX-9zXbx&edm=AOG-cTkBAAAA&ccb=7-5&oh=00_AfCc5z5odLoxOm2dXFDxoT41gm-NmZ-ZSBKdY1QdqOTBGg&oe=638F31D7&_nc_sid=282b66,false
5520127352,its_priyanshuraj,Priyanshu Raj,https://instagram.fblr2-2.fna.fbcdn.net/v/t51.2885-19/278523655_526998445500334_3682898372157931034_n.jpg?stp=dst-jpg_s150x150&_nc_ht=instagram.fblr2-2.fna.fbcdn.net&_nc_cat=110&_nc_ohc=c4RNBqsSqFYAX8F-o1k&tn=DBNlXcUCKOf1RGaQ&edm=AOG-cTkBAAAA&ccb=7-5&oh=00_AfD7y3CYmVYb3qvZBo_jNs_EPFrYghRWh7HBRYvUanccGw&oe=638F198C&_nc_sid=282b66,false
5647588612,rohithebbi,ROHIT HEBBI,https://instagram.fblr2-2.fna.fbcdn.net/v/t51.2885-19/302164706_110890048415926_7446324128322713470_n.jpg?stp=dst-jpg_s150x150&_nc_ht=instagram.fblr2-2.fna.fbcdn.net&_nc_cat=110&_nc_ohc=0PI_pZ-qVDgAX9cjeCi&edm=AOG-cTkBAAAA&ccb=7-5&oh=00_AfBKwXY4jkFZhQd7ic8hVdCVb18iukGPh4r54DiFH9OcmQ&oe=638F78F9&_nc_sid=282b66,false
38318235949,vashisth__aashish,,https://instagram.fblr2-2.fna.fbcdn.net/v/t51.2885-19/262402810_225934036338896_7543575181386460523_n.jpg?stp=dst-jpg_s150x150&_nc_ht=instagram.fblr2-2.fna.fbcdn.net&_nc_cat=108&_nc_ohc=ndkvES2gW3wAX_x5RQK&edm=AOG-cTkBAAAA&ccb=7-5&oh=00_AfAa-KVGVmXTQcxhIA1-g-BjLjxfncvCxFzdVj6oVvgk8Q&oe=638E52A0&_nc_sid=282b66,false
49567711599,durlabh_kashyap_oof_ujjain_83,Himashu Tiwari,https://instagram.fblr2-1.fna.fbcdn.net/v/t51.2885-19/263831994_5310710612279598_4177094181488304012_n.jpg?stp=dst-jpg_s150x150&_nc_ht=instagram.fblr2-1.fna.fbcdn.net&_nc_cat=106&_nc_ohc=BsV_XHqnYTQAX9FEKEn&edm=AOG-cTkBAAAA&ccb=7-5&oh=00_AfAtUUAZ8wgtzeV_U3US2llVEYAJEKeD7Lhfqw5jRtQ9sw&oe=638F1ACE&_nc_sid=282b66,false
45335533011,shivaajbhig,shiv guru,https://instagram.fblr2-2.fna.fbcdn.net/v/t51.2885-19/257931238_931077314508357_3500894605011724216_n.jpg?stp=dst-jpg_s150x150&_nc_ht=instagram.fblr2-2.fna.fbcdn.net&_nc_cat=109&_nc_ohc=W_Bz9ikVB3IAX8MEU4q&tn=DBNlXcUCKOf1RGaQ&edm=AOG-cTkBAAAA&ccb=7-5&oh=00_AfALjkNGo0bpGfqAjML90K308mdNexH5pDf3cDWeYK8g-g&oe=638E0ED0&_nc_sid=282b66,false
50244501661,preru_m_,Prerana M Malashetti,https://instagram.fblr2-1.fna.fbcdn.net/v/t51.2885-19/257519566_754881102579913_6113636888277004475_n.jpg?stp=dst-jpg_s150x150&_nc_ht=instagram.fblr2-1.fna.fbcdn.net&_nc_cat=101&_nc_ohc=IvS8wXLPUnIAX-QM8ZD&edm=AOG-cTkBAAAA&ccb=7-5&oh=00_AfAHGpUv6kZcJm2SXznmqUKpNdN15avDoQczUM5bl3ZaYg&oe=638E18DF&_nc_sid=282b66,false
4227177931,_hyperboli_,Madhuvanthi,https://instagram.fblr2-1.fna.fbcdn.net/v/t51.2885-19/254342229_1123294548497896_4596330989706046497_n.jpg?stp=dst-jpg_s150x150&_nc_ht=instagram.fblr2-1.fna.fbcdn.net&_nc_cat=104&_nc_ohc=dPBwbRm6Io8AX-ais6_&tn=DBNlXcUCKOf1RGaQ&edm=AOG-cTkBAAAA&ccb=7-5&oh=00_AfCBuybCv1JJZghINN23XNTTFe7stGLo4Ta8-fbmTiboeA&oe=638EB6B4&_nc_sid=282b66,false
50207085068,anjali_mishra3008,अंजली मिश्रा🦋,https://instagram.fblr2-1.fna.fbcdn.net/v/t51.2885-19/274090697_143077971508671_7134038824439827682_n.jpg?stp=dst-jpg_s150x150&_nc_ht=instagram.fblr2-1.fna.fbcdn.net&_nc_cat=103&_nc_ohc=6APmH0ZH4k0AX-yQqzL&edm=AOG-cTkBAAAA&ccb=7-5&oh=00_AfB7U3xdHOD94rn1hGqoCMlFkxbuO0MvGbC3U8uBvAgsXg&oe=638F94DA&_nc_sid=282b66,false
7238697721,sakia_malik,sakia malik,https://instagram.fblr2-2.fna.fbcdn.net/v/t51.2885-19/275389588_139238055260337_7902365775340439260_n.jpg?stp=dst-jpg_s150x150&_nc_ht=instagram.fblr2-2.fna.fbcdn.net&_nc_cat=109&_nc_ohc=zEqiESZfRkgAX9uKsio&edm=AOG-cTkBAAAA&ccb=7-5&oh=00_AfDeuiKMeSuQzdL5RYyUPUvcSgMhtgbKE7iza1Whsyd1Ew&oe=638EC8C7&_nc_sid=282b66,false
48445539728,benisha_01,benisha,https://instagram.fblr2-2.fna.fbcdn.net/v/t51.2885-19/241410633_1660841477455006_5826266721404738949_n.jpg?stp=dst-jpg_s150x150&_nc_ht=instagram.fblr2-2.fna.fbcdn.net&_nc_cat=110&_nc_ohc=u7A8Odxv4gMAX_lBj6Y&tn=DBNlXcUCKOf1RGaQ&edm=AOG-cTkBAAAA&ccb=7-5&oh=00_AfADHKVUIEetTAz1gIiQQmOUeybcd45nNu6lwJJTTnNwnQ&oe=638F7042&_nc_sid=282b66,false
49442955032,xx.ashish.ni,🅰🆂🅷🅸🆂🅷 🆂🅸🅽🅶🅷,https://instagram.fblr2-2.fna.fbcdn.net/v/t51.2885-19/299557857_1438875603206532_1092664909954227191_n.jpg?stp=dst-jpg_s150x150&_nc_ht=instagram.fblr2-2.fna.fbcdn.net&_nc_cat=100&_nc_ohc=5JOCiLIVMtwAX-SngMz&edm=AOG-cTkBAAAA&ccb=7-5&oh=00_AfA11DB4BwnPOoEvHNH8LcYwqMhU2bnPVgdO64pqTlTo0w&oe=638EA6A0&_nc_sid=282b66,false
49086168704,rajan91425,Rajan Kumar,https://instagram.fblr2-2.fna.fbcdn.net/v/t51.2885-19/253996322_949533669105715_6362046598640975885_n.jpg?stp=dst-jpg_s150x150&_nc_ht=instagram.fblr2-2.fna.fbcdn.net&_nc_cat=107&_nc_ohc=kxJFuMCVV6EAX_jnRlo&edm=AOG-cTkBAAAA&ccb=7-5&oh=00_AfCcA3lmfdroM6jLhYPHWqEI5-_Q2GaaaU9j4lQDm42meA&oe=638F6530&_nc_sid=282b66,false
48260782937,muskaan_27_11,❣️Muskaan❣️,https://instagram.fblr2-1.fna.fbcdn.net/v/t51.2885-19/313943241_513908277029764_2906566559797314191_n.jpg?stp=dst-jpg_s150x150&_nc_ht=instagram.fblr2-1.fna.fbcdn.net&_nc_cat=104&_nc_ohc=5U3tmc5mo4EAX8Fm-uN&tn=DBNlXcUCKOf1RGaQ&edm=AOG-cTkBAAAA&ccb=7-5&oh=00_AfCFYYnHFFxg2cZPyPQMiBWC5AmSQ6UpyyX5twGUHpmJpQ&oe=638DC331&_nc_sid=282b66,false
41154508596,_king_surya_14,Surya Surli,https://instagram.fblr2-2.fna.fbcdn.net/v/t51.2885-19/313216831_957131651912996_1363449738576853705_n.jpg?stp=dst-jpg_s150x150&_nc_ht=instagram.fblr2-2.fna.fbcdn.net&_nc_cat=108&_nc_ohc=D3RaC3n03HcAX-yScPt&edm=AOG-cTkBAAAA&ccb=7-5&oh=00_AfBxVvYMKeAO6wxwX67uB3AEuELRx_XZzsvv1wHN9u7B-A&oe=638F484A&_nc_sid=282b66,false
4535122035,cricket.101_,CRICKET 101,https://instagram.fblr2-1.fna.fbcdn.net/v/t51.2885-19/159316798_251623743366090_4981729470840190322_n.jpg?stp=dst-jpg_s150x150&_nc_ht=instagram.fblr2-1.fna.fbcdn.net&_nc_cat=106&_nc_ohc=yml8hqAO66YAX--tNz4&edm=AOG-cTkBAAAA&ccb=7-5&oh=00_AfAPzVuTPjNFRJE2LKET2RGFX06qnafuuN08goyY8rjplA&oe=638F1E5B&_nc_sid=282b66,false
45438781651,tristyngeorgina,aarohi,https://instagram.fblr2-2.fna.fbcdn.net/v/t51.2885-19/317125390_709969170182445_7759344701152745789_n.jpg?stp=dst-jpg_s150x150&_nc_ht=instagram.fblr2-2.fna.fbcdn.net&_nc_cat=109&_nc_ohc=LyxrkEAbnGUAX-85rCl&edm=AOG-cTkBAAAA&ccb=7-5&oh=00_AfABQ_efqia1fZg_3VzAJOv4kdg0UFm47_qMUqsNZM8uPw&oe=638EF47C&_nc_sid=282b66,false
37220647729,rksharma8252,Rk Sharma 8252,https://instagram.fblr2-1.fna.fbcdn.net/v/t51.2885-19/292163412_825573978411978_797889942811007266_n.jpg?stp=dst-jpg_s150x150&_nc_ht=instagram.fblr2-1.fna.fbcdn.net&_nc_cat=106&_nc_ohc=6G0tEIi0CKIAX_N4kRJ&edm=AOG-cTkBAAAA&ccb=7-5&oh=00_AfCs89SybhPAtnzgnNuZ6HC5Qdb5uqmmreXQR6d_icKaSw&oe=638F105E&_nc_sid=282b66,false
8011108667,mr_dhakarwal,Abhimanyu Dhakarwal,https://instagram.fblr2-2.fna.fbcdn.net/v/t51.2885-19/269452096_452950959723321_6567005717053309484_n.jpg?stp=dst-jpg_s150x150&_nc_ht=instagram.fblr2-2.fna.fbcdn.net&_nc_cat=109&_nc_ohc=n2RjlO5T6zoAX-_n-Qg&edm=AOG-cTkBAAAA&ccb=7-5&oh=00_AfDo7h0GaSiT4sg7BvAudINiYF3o9DH_jJVVrrt66JH1fQ&oe=638E9431&_nc_sid=282b66,false
8310848587,pankajkrtiwary,Pankaj Tiwary,https://instagram.fblr2-1.fna.fbcdn.net/v/t51.2885-19/270442845_695383998515438_7962793504728542695_n.jpg?stp=dst-jpg_s150x150&_nc_ht=instagram.fblr2-1.fna.fbcdn.net&_nc_cat=102&_nc_ohc=2lxzDm7kfkQAX9gNa9d&edm=AOG-cTkBAAAA&ccb=7-5&oh=00_AfDhlIF_S4RJOySJnaXF3B8ZWGU3cBXITFb9lTaT7PBZvQ&oe=638E2C34&_nc_sid=282b66,false
34393521640,kishangamerz733,ROCK KISHAN,https://instagram.fblr2-1.fna.fbcdn.net/v/t51.2885-19/161680250_266547351789471_8295052436484453432_n.jpg?stp=dst-jpg_s150x150&_nc_ht=instagram.fblr2-1.fna.fbcdn.net&_nc_cat=103&_nc_ohc=VG2G_zYUuvIAX9bf43x&edm=AOG-cTkBAAAA&ccb=7-5&oh=00_AfBnHzRSqmX31gMoTERlivfPlxQ7OFUA3HWvomgFxm6srg&oe=638F7FA3&_nc_sid=282b66,false
18043255159,dutt___,Dutt,https://instagram.fblr2-2.fna.fbcdn.net/v/t51.2885-19/228764649_1126029887921563_6027854664511922528_n.jpg?stp=dst-jpg_s150x150&_nc_ht=instagram.fblr2-2.fna.fbcdn.net&_nc_cat=107&_nc_ohc=8NzOa_LsooUAX-HI3Yt&edm=AOG-cTkBAAAA&ccb=7-5&oh=00_AfDqbpRqMYNnRLGdwgR4xbtVVvLfuJtSCkliww25XROk8w&oe=638F8E16&_nc_sid=282b66,false
15654722532,roxstiyar,yash,https://instagram.fblr2-2.fna.fbcdn.net/v/t51.2885-19/317463164_854738569060212_7847171954574099533_n.jpg?stp=dst-jpg_s150x150&_nc_ht=instagram.fblr2-2.fna.fbcdn.net&_nc_cat=100&_nc_ohc=xSpGqt7-nvQAX896Akk&edm=AOG-cTkBAAAA&ccb=7-5&oh=00_AfAPMgr0GYTSSsvfnPRYUKHOWXNOUzX8yHbJqF2PIUZRmw&oe=638F75AD&_nc_sid=282b66,false
48044629209,itzrajrani,,https://instagram.fblr2-1.fna.fbcdn.net/v/t51.2885-19/44884218_345707102882519_2446069589734326272_n.jpg?_nc_ht=instagram.fblr2-1.fna.fbcdn.net&_nc_cat=1&_nc_ohc=v6hG0j-H7LQAX-AxOst&edm=AOG-cTkBAAAA&ccb=7-5&ig_cache_key=YW5vbnltb3VzX3Byb2ZpbGVfcGlj.2-ccb7-5&oh=00_AfCS6_ek8ZWm3waZGlKs63p2i9y01zNWJc1KRALcCtuMnQ&oe=638EA58F&_nc_sid=282b66,false
14068542409,champgyangautam,Gyan gautam,https://instagram.fblr2-1.fna.fbcdn.net/v/t51.2885-19/283288114_391642666225878_4828228518764850600_n.jpg?stp=dst-jpg_s150x150&_nc_ht=instagram.fblr2-1.fna.fbcdn.net&_nc_cat=106&_nc_ohc=grcevlP5WoAAX9Gbvkh&edm=AOG-cTkBAAAA&ccb=7-5&oh=00_AfByTMAI4ezULoPoNbrLPt5fylQHci5XQ5f_ndqGEkLYEg&oe=638EC730&_nc_sid=282b66,false
47855329612,krishabhindar,Krisha bhindar,https://instagram.fblr2-1.fna.fbcdn.net/v/t51.2885-19/44884218_345707102882519_2446069589734326272_n.jpg?_nc_ht=instagram.fblr2-1.fna.fbcdn.net&_nc_cat=1&_nc_ohc=v6hG0j-H7LQAX-AxOst&edm=AOG-cTkBAAAA&ccb=7-5&ig_cache_key=YW5vbnltb3VzX3Byb2ZpbGVfcGlj.2-ccb7-5&oh=00_AfCS6_ek8ZWm3waZGlKs63p2i9y01zNWJc1KRALcCtuMnQ&oe=638EA58F&_nc_sid=282b66,false
37016334688,kishangt001,KISHAN.G.T,https://instagram.fblr2-1.fna.fbcdn.net/v/t51.2885-19/240851246_4328115823962987_2366232555995853311_n.jpg?stp=dst-jpg_s150x150&_nc_ht=instagram.fblr2-1.fna.fbcdn.net&_nc_cat=103&_nc_ohc=cvCSnIKq_24AX9_0nFW&edm=AOG-cTkBAAAA&ccb=7-5&oh=00_AfCCz_klj2yBANYa8h3E69q-TfoQFbqG5C652FtX0vIUYQ&oe=638E86EC&_nc_sid=282b66,false
8222146275,indiancombatant,Martha Prakash,https://instagram.fblr2-2.fna.fbcdn.net/v/t51.2885-19/294294570_179069817908276_3176377760945462036_n.jpg?stp=dst-jpg_s150x150&_nc_ht=instagram.fblr2-2.fna.fbcdn.net&_nc_cat=108&_nc_ohc=HTvdobxwG5YAX-g0BJq&edm=AOG-cTkBAAAA&ccb=7-5&oh=00_AfBSFME4GN-51q-Fjs8B49Hfx04AAnrZ6_2MuHlkpQ07Gw&oe=638F8BCF&_nc_sid=282b66,false
6197413809,_.anky._1,🍯 |Honey| 🍯,https://instagram.fblr2-1.fna.fbcdn.net/v/t51.2885-19/277605196_873884603992502_7409382708835651209_n.jpg?stp=dst-jpg_s150x150&_nc_ht=instagram.fblr2-1.fna.fbcdn.net&_nc_cat=102&_nc_ohc=3dqm1ZAYA7QAX8zJ0UA&edm=AOG-cTkBAAAA&ccb=7-5&oh=00_AfCuaFsw0DRgadZr0FXMK3hWLrc4AwiaUkqe6fKzv5BIEA&oe=638DBE5F&_nc_sid=282b66,false
45407989892,itsishujaiswal,Ishu Jaiswal,https://instagram.fblr2-1.fna.fbcdn.net/v/t51.2885-19/146289175_253340679662078_547592106714799620_n.jpg?stp=dst-jpg_s150x150&_nc_ht=instagram.fblr2-1.fna.fbcdn.net&_nc_cat=102&_nc_ohc=9VMzXtR0z_wAX9kQnpw&edm=AOG-cTkBAAAA&ccb=7-5&oh=00_AfBz2CczCy_CLrwirqwdTOHfjAA3uhg30FvWzafqy5P8nw&oe=638F7C92&_nc_sid=282b66,false
47229980274,youth_corona_rakshak,Youth corona  rakshak,https://instagram.fblr2-2.fna.fbcdn.net/v/t51.2885-19/176337319_363582905034216_8130639989478659008_n.jpg?stp=dst-jpg_s150x150&_nc_ht=instagram.fblr2-2.fna.fbcdn.net&_nc_cat=100&_nc_ohc=YCUTEnlR0nsAX-yjRG4&edm=AOG-cTkBAAAA&ccb=7-5&oh=00_AfA_v-zaQzEZYn2-xmiv8xwicaSyf0jXhBOfiZeLCYIG0A&oe=638EAD3B&_nc_sid=282b66,false
47577424266,ideology_corner,IDEOLOGY CALIBRATOR,https://instagram.fblr2-1.fna.fbcdn.net/v/t51.2885-19/174222650_484846006197014_1399454695798753948_n.jpg?stp=dst-jpg_s150x150&_nc_ht=instagram.fblr2-1.fna.fbcdn.net&_nc_cat=102&_nc_ohc=ysgCwBcexV8AX8buWqk&edm=AOG-cTkBAAAA&ccb=7-5&oh=00_AfD71bGQxGIO3YZUMiyYxC5T9mnsS-pG4MqbycOHBh-jnA&oe=638EE9A9&_nc_sid=282b66,false
47362171415,xx_nisha.__aa,🅽🅸🅺🅸🆃🅰 🆂🅸🅽🅶🅷,https://instagram.fblr2-2.fna.fbcdn.net/v/t51.2885-19/307876288_475210121060170_1290593534536622816_n.jpg?stp=dst-jpg_s150x150&_nc_ht=instagram.fblr2-2.fna.fbcdn.net&_nc_cat=110&_nc_ohc=P24EbkUGr8IAX_QRi-2&edm=AOG-cTkBAAAA&ccb=7-5&oh=00_AfBGtgfNkIdUWPlbWqSjgmCXMazb3S5OcCcDfrB3lGVzCA&oe=638E6BCA&_nc_sid=282b66,false
9060117038,sagarmehraaa,SAGAR MEHRA,https://instagram.fblr2-2.fna.fbcdn.net/v/t51.2885-19/128596019_708872010054787_4993765669343393144_n.jpg?stp=dst-jpg_s150x150&_nc_ht=instagram.fblr2-2.fna.fbcdn.net&_nc_cat=107&_nc_ohc=ErpQ4uo6ExEAX8QRwm1&edm=AOG-cTkBAAAA&ccb=7-5&oh=00_AfDSFeqYvZLPAWLS5EVF1V9ldGnCnJFG4RKATWuPr-sSyw&oe=638EAC1C&_nc_sid=282b66,false
3911648871,in.the.matrixx,Prakhar  Awasthi,https://instagram.fblr2-1.fna.fbcdn.net/v/t51.2885-19/92343712_2692653590963718_6933179188388036608_n.jpg?stp=dst-jpg_s150x150&_nc_ht=instagram.fblr2-1.fna.fbcdn.net&_nc_cat=106&_nc_ohc=kiGbnEHESGoAX-92a6l&tn=DBNlXcUCKOf1RGaQ&edm=AOG-cTkBAAAA&ccb=7-5&oh=00_AfC-F189pr0WdBQFmJpoCs7b-w2U4sBmi-wpsMrHBBqkdg&oe=638DF1C9&_nc_sid=282b66,false
9502947424,pranshu8069,pranshu katiyar,https://instagram.fblr2-1.fna.fbcdn.net/v/t51.2885-19/282791134_6520707944647902_3374482029091921395_n.jpg?stp=dst-jpg_s150x150&_nc_ht=instagram.fblr2-1.fna.fbcdn.net&_nc_cat=106&_nc_ohc=LuxP9s-1HasAX-QaAcO&edm=AOG-cTkBAAAA&ccb=7-5&oh=00_AfB2pUD4QDkfCihY1suc0OW6JxlvUeSjvNCHHX0Rx2ToaA&oe=638DFF9E&_nc_sid=282b66,false
42726439370,zamezrodrigo123,zamezrodrigo,https://instagram.fblr2-2.fna.fbcdn.net/v/t51.2885-19/132969524_387396209236375_772788382533810293_n.jpg?stp=dst-jpg_s150x150&_nc_ht=instagram.fblr2-2.fna.fbcdn.net&_nc_cat=107&_nc_ohc=4-CeXJmSC0cAX--TgtR&tn=DBNlXcUCKOf1RGaQ&edm=AOG-cTkBAAAA&ccb=7-5&oh=00_AfB3EZkJjKAMcIDtEx5e9Eq39aXBRG8DQSDVCgMLVHze0Q&oe=638E4C1F&_nc_sid=282b66,false
45653675139,om1997prakash,Om Prakash,https://instagram.fblr2-1.fna.fbcdn.net/v/t51.2885-19/142912077_253233396329989_5702813483769289447_n.jpg?stp=dst-jpg_s150x150&_nc_ht=instagram.fblr2-1.fna.fbcdn.net&_nc_cat=101&_nc_ohc=NqR_LEVzlsYAX_28JqK&tn=DBNlXcUCKOf1RGaQ&edm=AOG-cTkBAAAA&ccb=7-5&oh=00_AfB9_S2htfq8w___gbgvUqfqKx9g3fhEXDEQLJbO9-P8Zw&oe=638E19C7&_nc_sid=282b66,false
5843796743,singh_khushi23,,https://instagram.fblr2-2.fna.fbcdn.net/v/t51.2885-19/290904144_450760619775631_3719904773995987309_n.jpg?stp=dst-jpg_s150x150&_nc_ht=instagram.fblr2-2.fna.fbcdn.net&_nc_cat=107&_nc_ohc=wsc7vnJon5kAX-TxwFw&edm=AOG-cTkBAAAA&ccb=7-5&oh=00_AfBeumqq5pXcEBxQZRlZZghXcmYJscXLaSR0q55wW7si-Q&oe=638ECDB0&_nc_sid=282b66,false
28356055602,winkblinkbite,CARlose,https://instagram.fblr2-1.fna.fbcdn.net/v/t51.2885-19/280438565_3202488739973010_7695729990154769298_n.jpg?stp=dst-jpg_s150x150&_nc_ht=instagram.fblr2-1.fna.fbcdn.net&_nc_cat=106&_nc_ohc=PceTetrU18kAX-ZC3Fi&edm=AOG-cTkBAAAA&ccb=7-5&oh=00_AfC7QHCnMxu7uyJiQT2iIi24sema5a0PAQB6BGNXysXsQA&oe=638ED7DE&_nc_sid=282b66,false
17396288253,yashsinghmural_,Yash Singh Mural,https://instagram.fblr2-2.fna.fbcdn.net/v/t51.2885-19/311337705_633696938282805_428306128175779303_n.jpg?stp=dst-jpg_s150x150&_nc_ht=instagram.fblr2-2.fna.fbcdn.net&_nc_cat=109&_nc_ohc=CLoACxfQqBEAX_HK4ov&edm=AOG-cTkBAAAA&ccb=7-5&oh=00_AfBgyfz7fHbfUrYrU_b2J_Eu_rirnbklTmQhsH2XArgGwA&oe=638EEE35&_nc_sid=282b66,false
45228529916,amit_kr._abc,Amit Kumar,https://instagram.fblr2-2.fna.fbcdn.net/v/t51.2885-19/135053431_400961034688224_8526046118732461255_n.jpg?stp=dst-jpg_s150x150&_nc_ht=instagram.fblr2-2.fna.fbcdn.net&_nc_cat=100&_nc_ohc=Rt9bd0JjAGgAX9MixDP&tn=DBNlXcUCKOf1RGaQ&edm=AOG-cTkBAAAA&ccb=7-5&oh=00_AfDJoKiaOhbEy_QgOcaI1_nqQldPmgVJ4Wkqa0KVAJOvDw&oe=638DE02D&_nc_sid=282b66,false
44109801473,raja_tiwari_bihar,Raja Tiwari,https://instagram.fblr2-2.fna.fbcdn.net/v/t51.2885-19/316247293_504703334929844_2155565184826265621_n.jpg?stp=dst-jpg_s150x150&_nc_ht=instagram.fblr2-2.fna.fbcdn.net&_nc_cat=108&_nc_ohc=eI6BI0P1wVAAX_Lgkiz&edm=AOG-cTkBAAAA&ccb=7-5&oh=00_AfAQ1GK3QB1rxDz7ctUbcF2K0Uqs_jHEWnNK-PRQHOq6aA&oe=638E2104&_nc_sid=282b66,false
27434654185,vinayakk_pooja,Pooja Vinayak,https://instagram.fblr2-2.fna.fbcdn.net/v/t51.2885-19/272715186_303738135056075_2015096231181341249_n.jpg?stp=dst-jpg_s150x150&_nc_ht=instagram.fblr2-2.fna.fbcdn.net&_nc_cat=111&_nc_ohc=A53LGTkM7RUAX_ZxdMp&edm=AOG-cTkBAAAA&ccb=7-5&oh=00_AfAYXhREPksyKdp5p6Ton9A_wfH2ae4yh7SifUP7xvsgtw&oe=638F0E7F&_nc_sid=282b66,false
16597416119,harshit_raj_1222,हर्षित राज,https://instagram.fblr2-2.fna.fbcdn.net/v/t51.2885-19/296727753_149404571026003_6539308535599949382_n.jpg?stp=dst-jpg_s150x150&_nc_ht=instagram.fblr2-2.fna.fbcdn.net&_nc_cat=107&_nc_ohc=0bfOMjdrC5AAX_FtK9F&edm=AOG-cTkBAAAA&ccb=7-5&oh=00_AfAgxoKgZn7XNvNDzAWvvcp0XUSOdaByf2Zu611_--GlYg&oe=638EE1E9&_nc_sid=282b66,false
37495855343,notfromcamera,,https://instagram.fblr2-2.fna.fbcdn.net/v/t51.2885-19/167597857_834165953799547_3203764343196925601_n.jpg?stp=dst-jpg_s150x150&_nc_ht=instagram.fblr2-2.fna.fbcdn.net&_nc_cat=107&_nc_ohc=2HDNC0b1u9cAX9-D18X&tn=DBNlXcUCKOf1RGaQ&edm=AOG-cTkBAAAA&ccb=7-5&oh=00_AfCQ7_1a-ntuv1t--gZjZ6_gyhPdZXVAREHqCv99f_bX-w&oe=638EC39B&_nc_sid=282b66,false
2961561171,singh_atul001,ATul Rajput,https://instagram.fblr2-2.fna.fbcdn.net/v/t51.2885-19/299884918_153808847254258_1180300643420257271_n.jpg?stp=dst-jpg_s150x150&_nc_ht=instagram.fblr2-2.fna.fbcdn.net&_nc_cat=110&_nc_ohc=2yE_0t2Ea44AX8mI8bt&edm=AOG-cTkBAAAA&ccb=7-5&oh=00_AfBzJyGg4d0NBeFsMSQkzvNW5XqCwHVrndfIKxsSkc-8RQ&oe=638E5608&_nc_sid=282b66,false
11119069255,harsha._.hvg7,Harsha⚡,https://instagram.fblr2-2.fna.fbcdn.net/v/t51.2885-19/272698536_1326582141175414_544817651497066601_n.jpg?stp=dst-jpg_s150x150&_nc_ht=instagram.fblr2-2.fna.fbcdn.net&_nc_cat=110&_nc_ohc=lRH9IDToWKMAX_wsEAI&edm=AOG-cTkBAAAA&ccb=7-5&oh=00_AfCtWM7G9Q6gEr1Dv8RIpfnAv1SlaW1nF0QlQtOMSjvXVw&oe=638F061B&_nc_sid=282b66,false
32555174263,rohit_raj1701,Rohit Raj,https://instagram.fblr2-2.fna.fbcdn.net/v/t51.2885-19/278787264_401895328078991_7958219367980848342_n.jpg?stp=dst-jpg_s150x150&_nc_ht=instagram.fblr2-2.fna.fbcdn.net&_nc_cat=111&_nc_ohc=1SYUkffruGwAX_97XoR&edm=AOG-cTkBAAAA&ccb=7-5&oh=00_AfAic8_EnzFMowDrRwyT77AYtSqX_fhTR4QQkQCLagqhXA&oe=638DD88F&_nc_sid=282b66,false
43226396860,sadguru_education_consultant,sadguru education consultancy,https://instagram.fblr2-2.fna.fbcdn.net/v/t51.2885-19/120342925_1733764316773523_8354640208652734776_n.jpg?stp=dst-jpg_s150x150&_nc_ht=instagram.fblr2-2.fna.fbcdn.net&_nc_cat=111&_nc_ohc=v1BSlyLtvrsAX8EcFmz&edm=AOG-cTkBAAAA&ccb=7-5&oh=00_AfDvxzscDuwS1YUWoe3cPIR-KtGeVahu4w58BLJVGoK0iA&oe=638F35FA&_nc_sid=282b66,false
41332251141,lakshan._.s._.patil,,https://instagram.fblr2-2.fna.fbcdn.net/v/t51.2885-19/312980039_5921855654544907_4584431981724173099_n.jpg?stp=dst-jpg_s150x150&_nc_ht=instagram.fblr2-2.fna.fbcdn.net&_nc_cat=107&_nc_ohc=SRZFVmtwrNIAX-7UU6-&tn=DBNlXcUCKOf1RGaQ&edm=AOG-cTkBAAAA&ccb=7-5&oh=00_AfB417zqluJB3iElqylc5IEHaVzZUf6j1hzmy0DZFpPoEw&oe=638EEB7E&_nc_sid=282b66,false
4285635578,bangalore.boi_,YAASHWANTH DAYALAN,https://instagram.fblr2-2.fna.fbcdn.net/v/t51.2885-19/128214128_2730599010525192_7561573635795036343_n.jpg?stp=dst-jpg_s150x150&_nc_ht=instagram.fblr2-2.fna.fbcdn.net&_nc_cat=100&_nc_ohc=E94sQVbpHmIAX-cz46s&edm=AOG-cTkBAAAA&ccb=7-5&oh=00_AfCAgLI5TVHf5c8ATp2dQ8wh5LeqXBaXXZDe-Cjjo7TW8w&oe=638DF765&_nc_sid=282b66,false
32642922289,harshitha_sl,Harshitha Gowda,https://instagram.frpr1-1.fna.fbcdn.net/v/t51.2885-19/44884218_345707102882519_2446069589734326272_n.jpg?efg=eyJybWQiOiJpZ19hbmRyb2lkX21vYmlsZV9uZXR3b3JrX3N0YWNrX2JhY2t0ZXN0X3YyNTlfMjpjb250cm9sIn0&_nc_ht=instagram.frpr1-1.fna.fbcdn.net&_nc_cat=1&_nc_ohc=v6hG0j-H7LQAX-Srz6y&edm=AB11_MABAAAA&ccb=7-5&ig_cache_key=YW5vbnltb3VzX3Byb2ZpbGVfcGlj.2-ccb7-5&oh=00_AfA8HhDHhMpfaQ54VxBXp82JMuINy-vIsK2R4NFt4zITYA&oe=638EA58F&_nc_sid=ccd4cc,false
5486433160,amishasaxena_4734,Amisha saxena🌹,https://instagram.fblr2-1.fna.fbcdn.net/v/t51.2885-19/317260635_1407507419779563_1064062737346023002_n.jpg?stp=dst-jpg_s150x150&_nc_ht=instagram.fblr2-1.fna.fbcdn.net&_nc_cat=103&_nc_ohc=uzYuWr96Gq8AX8bO7Nn&edm=AOG-cTkBAAAA&ccb=7-5&oh=00_AfBYmTc7D_o75MNDZW5zxTj7-8Dhr0HhPK7mld3cfA-Vyg&oe=638F5D78&_nc_sid=282b66,false
40945341488,i_aryan_singh_123,As As,https://instagram.fblr2-1.fna.fbcdn.net/v/t51.2885-19/118694999_113525280351543_5824647826498672672_n.jpg?stp=dst-jpg_s150x150&_nc_ht=instagram.fblr2-1.fna.fbcdn.net&_nc_cat=103&_nc_ohc=B0COZB2IRqUAX-f7GZI&tn=DBNlXcUCKOf1RGaQ&edm=AOG-cTkBAAAA&ccb=7-5&oh=00_AfCML3Kt7RWmNCg2iHt_xz0x27Osjz4p1JtD5zR5jSmTXA&oe=638E8593&_nc_sid=282b66,false
4914941863,iamdevbhushan,Dev.,https://instagram.fblr2-2.fna.fbcdn.net/v/t51.2885-19/314901629_1469519866876145_1546906624654661881_n.jpg?stp=dst-jpg_s150x150&_nc_ht=instagram.fblr2-2.fna.fbcdn.net&_nc_cat=105&_nc_ohc=B3mr-FO5UOoAX8KXyLB&edm=AOG-cTkBAAAA&ccb=7-5&oh=00_AfCCI5Vl2JAWccLKUe3HN3p8ohXzL8qjVmFnML35H3zFKg&oe=638DCB61&_nc_sid=282b66,false
39477671089,ayush_ranjan_11,Ayush Ranjan,https://instagram.fblr2-2.fna.fbcdn.net/v/t51.2885-19/306625079_1072159583438813_1735567412857351048_n.jpg?stp=dst-jpg_s150x150&_nc_ht=instagram.fblr2-2.fna.fbcdn.net&_nc_cat=105&_nc_ohc=6IxxKJg6Z9IAX9l4W7N&edm=AOG-cTkBAAAA&ccb=7-5&oh=00_AfAABEKlJnWmjaRFQvnQwQlE_7NwSX34rSJLNJalmy_1jw&oe=638DF114&_nc_sid=282b66,false
39684620506,electronicshop02,Electronics good,https://instagram.fblr2-2.fna.fbcdn.net/v/t51.2885-19/116527275_142186727538667_6834689726210666053_n.jpg?stp=dst-jpg_s150x150&_nc_ht=instagram.fblr2-2.fna.fbcdn.net&_nc_cat=107&_nc_ohc=xfZj0iWDlZoAX_yaE45&edm=AOG-cTkBAAAA&ccb=7-5&oh=00_AfCjZBYFrkSEJIeQ-yT2POdS799qAMLvapJ52riWwzcT2Q&oe=638DB904&_nc_sid=282b66,false
39026521456,dimpi_ssingh,dimpissingh,https://instagram.fblr2-2.fna.fbcdn.net/v/t51.2885-19/267679482_1487168964989903_8991090991705060781_n.jpg?stp=dst-jpg_s150x150&_nc_ht=instagram.fblr2-2.fna.fbcdn.net&_nc_cat=111&_nc_ohc=Uo-qsmTqPw8AX-RkyKF&tn=DBNlXcUCKOf1RGaQ&edm=AOG-cTkBAAAA&ccb=7-5&oh=00_AfCqnyRy-kxcOA_I66sRwHQ5jtNJC58sZ2U1swJj-NIeQQ&oe=638F436E&_nc_sid=282b66,false
17789180122,somokanti.de,SOUMYA KANTI DE,https://instagram.fblr2-1.fna.fbcdn.net/v/t51.2885-19/79443699_590871598328005_2987979134027694080_n.jpg?stp=dst-jpg_s150x150&_nc_ht=instagram.fblr2-1.fna.fbcdn.net&_nc_cat=101&_nc_ohc=5u-EIO70lAIAX8gUzyq&tn=DBNlXcUCKOf1RGaQ&edm=AOG-cTkBAAAA&ccb=7-5&oh=00_AfCaPRqxnutYgP4DnjpGKvyU2nnpt_Ai_6hQGphr37w2wg&oe=638DBB9C&_nc_sid=282b66,false
39385692837,sacred_banaras,Varanasi||Banaras,https://instagram.fblr2-1.fna.fbcdn.net/v/t51.2885-19/109820095_289053345861591_8918050158820798367_n.jpg?stp=dst-jpg_s150x150&_nc_ht=instagram.fblr2-1.fna.fbcdn.net&_nc_cat=103&_nc_ohc=wUtR8urLgOMAX-wcxQL&edm=AOG-cTkBAAAA&ccb=7-5&oh=00_AfDbH7Pk8kB48sFem7RhtH_G6doVjkjzwU6e9_B_saXzkA&oe=638E3C2D&_nc_sid=282b66,false
38544087115,bikersworldlife,,https://instagram.fblr2-2.fna.fbcdn.net/v/t51.2885-19/107841279_299152298118249_1079233566686844652_n.jpg?stp=dst-jpg_s150x150&_nc_ht=instagram.fblr2-2.fna.fbcdn.net&_nc_cat=109&_nc_ohc=Yt8qaRLiCnMAX_2IQy8&edm=AOG-cTkBAAAA&ccb=7-5&oh=00_AfCmPLwWCpWCrTmh0ikJKGwvhAoqkjrG4Me58-7PhGk-VA&oe=638EFAE2&_nc_sid=282b66,false
34465309457,bihar_youth_for_new_bihar_,bihar youth for newbihar,https://instagram.fblr2-2.fna.fbcdn.net/v/t51.2885-19/96382252_230500775036842_3201348629642084352_n.jpg?stp=dst-jpg_s150x150&_nc_ht=instagram.fblr2-2.fna.fbcdn.net&_nc_cat=110&_nc_ohc=HLLQtInrMZAAX_9pckw&edm=AOG-cTkBAAAA&ccb=7-5&oh=00_AfDauRUz8yg0vvE5Dl2-_6X-_OSh-if331SgcrvbtTOz5A&oe=638F1660&_nc_sid=282b66,false
8671232127,__neha_prasad__,Neha Prasad,https://instagram.fblr2-2.fna.fbcdn.net/v/t51.2885-19/313484519_1283198885799382_2857848188122442009_n.jpg?stp=dst-jpg_s150x150&_nc_ht=instagram.fblr2-2.fna.fbcdn.net&_nc_cat=110&_nc_ohc=oK9_ZTP42CYAX8G7bkK&edm=AOG-cTkBAAAA&ccb=7-5&oh=00_AfCb-ouo5WV2cVlC_pTD0pqFGLhdOdq5NAYXmfXVu_oftA&oe=638E0DF5&_nc_sid=282b66,false
6499939166,_mrsiddharth,Siddharth Gupta,https://instagram.fblr2-2.fna.fbcdn.net/v/t51.2885-19/314459567_501170805391099_1756496613146521614_n.jpg?stp=dst-jpg_s150x150&_nc_ht=instagram.fblr2-2.fna.fbcdn.net&_nc_cat=107&_nc_ohc=ajrL7RwKBEwAX90372k&tn=DBNlXcUCKOf1RGaQ&edm=AOG-cTkBAAAA&ccb=7-5&oh=00_AfBs11nK7hWJYMhXDdmRmDc_RZ7aRbEx6eEUNambpcYJ_A&oe=638EE040&_nc_sid=282b66,false
1901937602,aditya._.10_,Aditya Mazumdar,https://instagram.fblr2-1.fna.fbcdn.net/v/t51.2885-19/299669442_760502581874466_5960723175126232444_n.jpg?stp=dst-jpg_s150x150&_nc_ht=instagram.fblr2-1.fna.fbcdn.net&_nc_cat=106&_nc_ohc=d4-em1glnwEAX8KdZ7Z&edm=AOG-cTkBAAAA&ccb=7-5&oh=00_AfDdR5trrgLIecjWpYtCiO31aVPpBdBDUtPuVp_A5BP97A&oe=638EB72D&_nc_sid=282b66,false
3298050897,_rishav_nagbanshi,-𓂀 ℝ𝕚𝕤𝕙𝕒𝕧 𓂀 -,https://instagram.fblr2-2.fna.fbcdn.net/v/t51.2885-19/308036922_1205677273341598_8905896339208266377_n.jpg?stp=dst-jpg_s150x150&_nc_ht=instagram.fblr2-2.fna.fbcdn.net&_nc_cat=110&_nc_ohc=n0l5U0eb_hwAX-f544D&edm=AOG-cTkBAAAA&ccb=7-5&oh=00_AfDG7XTnFGCavRPShGSAmykbLMhj4OEflGJ9Ee4O2h5LUQ&oe=638DABF6&_nc_sid=282b66,false
35898187396,_theraghuvanshi_,Gaurav Singh,https://instagram.fblr2-1.fna.fbcdn.net/v/t51.2885-19/316120833_1309193056495646_8784428431543958509_n.jpg?stp=dst-jpg_s150x150&_nc_ht=instagram.fblr2-1.fna.fbcdn.net&_nc_cat=102&_nc_ohc=C4AzN73XcjUAX9xM4Yz&tn=DBNlXcUCKOf1RGaQ&edm=AOG-cTkBAAAA&ccb=7-5&oh=00_AfA-YRmN-pWG0gx2-KHHt26GMO6y9QRG8Q38sfAegC5ClQ&oe=638EC832&_nc_sid=282b66,false
13386225165,lakshmi_h_m_,ಲಕ್ಷ್ಮೀ ☆,https://instagram.fblr2-2.fna.fbcdn.net/v/t51.2885-19/316466251_1383032662104479_1672955547766292239_n.jpg?stp=dst-jpg_s150x150&_nc_ht=instagram.fblr2-2.fna.fbcdn.net&_nc_cat=111&_nc_ohc=BQiKPu1tpTgAX_w3glq&edm=AOG-cTkBAAAA&ccb=7-5&oh=00_AfCEnWkxtaQ11eGmpFBzEHwlZAGlbH9jCgXad32n8xFbcQ&oe=638DDF76&_nc_sid=282b66,false
17590176509,a.d_ambasta,Aayush Deep Ambasta,https://instagram.fblr2-2.fna.fbcdn.net/v/t51.2885-19/316118991_130153949641853_2594134057373148250_n.jpg?stp=dst-jpg_s150x150&_nc_ht=instagram.fblr2-2.fna.fbcdn.net&_nc_cat=105&_nc_ohc=4sDqULBXZfgAX_PSezv&edm=AOG-cTkBAAAA&ccb=7-5&oh=00_AfC0Oj_Q2obyuz-P1dhH_RuDSxZvwrLwgnJhuF_zC1DjBw&oe=638DD5CF&_nc_sid=282b66,false
34101457407,i_am.rajeev,Rajeev Ranjan,https://instagram.fblr2-2.fna.fbcdn.net/v/t51.2885-19/293011115_1025026354814935_4938142624380668652_n.jpg?stp=dst-jpg_s150x150&_nc_ht=instagram.fblr2-2.fna.fbcdn.net&_nc_cat=107&_nc_ohc=g3KIXVQ2YFEAX8le_-a&edm=AOG-cTkBAAAA&ccb=7-5&oh=00_AfBNExi8xDy0T7Mjwl0Xu2P1IJwHoFNFmusqc3JH3H5SBQ&oe=638E547C&_nc_sid=282b66,false
35409937172,__abhiixek,kanhaiya!,https://instagram.fblr2-2.fna.fbcdn.net/v/t51.2885-19/97291462_669777503571560_2473638838778462208_n.jpg?stp=dst-jpg_s150x150&_nc_ht=instagram.fblr2-2.fna.fbcdn.net&_nc_cat=108&_nc_ohc=KZMv672x73cAX_nbTm1&edm=AOG-cTkBAAAA&ccb=7-5&oh=00_AfBiDaEPRmtbzQfpg-UBRIPsqitHQVpdMQf7Ga8HVcASpw&oe=638DBA77&_nc_sid=282b66,false
4928547263,jayesh_goyal03,Jayesh Goyal,https://instagram.fblr2-1.fna.fbcdn.net/v/t51.2885-19/311833760_1080242209319188_5928456082364581160_n.jpg?stp=dst-jpg_s150x150&_nc_ht=instagram.fblr2-1.fna.fbcdn.net&_nc_cat=104&_nc_ohc=RngU3cfIyusAX8Jswbj&edm=AOG-cTkBAAAA&ccb=7-5&oh=00_AfCZVnNKvuUZB8NydaDjnPJ2UftRc7Skw9ytkAPPqV5e6A&oe=638E9747&_nc_sid=282b66,false
5319811055,kaushalkishore16raj,Kaushal Kishore,https://instagram.fblr2-2.fna.fbcdn.net/v/t51.2885-19/94528953_162248045166512_8447195610230030336_n.jpg?stp=dst-jpg_s150x150&_nc_ht=instagram.fblr2-2.fna.fbcdn.net&_nc_cat=108&_nc_ohc=7CTIDPSbe7sAX8tjsrG&edm=AOG-cTkBAAAA&ccb=7-5&oh=00_AfD-oL9cKh_Vl4PTXROOyqObj3o_slmTDPqDXCfifPYBZg&oe=638EADC1&_nc_sid=282b66,false
7401946438,eerav_sam,Eerav,https://instagram.fblr2-2.fna.fbcdn.net/v/t51.2885-19/315203768_250288487559922_7381295174854018242_n.jpg?stp=dst-jpg_s150x150&_nc_ht=instagram.fblr2-2.fna.fbcdn.net&_nc_cat=110&_nc_ohc=mu9vD8XZ-dYAX8VDIjG&edm=AOG-cTkBAAAA&ccb=7-5&oh=00_AfDaC3pVQt_FAB8xE8-KUtx7hzw_4oMBto27kEXbwSafhw&oe=638F1FC1&_nc_sid=282b66,false
6808057072,shrutii_kashyap_,Shruti,https://instagram.fblr2-2.fna.fbcdn.net/v/t51.2885-19/315444090_859828528484387_4612642357071192302_n.jpg?stp=dst-jpg_s150x150&_nc_ht=instagram.fblr2-2.fna.fbcdn.net&_nc_cat=111&_nc_ohc=fTCVtjtWfLMAX-Wn5L1&edm=AOG-cTkBAAAA&ccb=7-5&oh=00_AfBMFMEBMFhdaouqiREAg5I_1BLHAjz9z5dBRFyZ4le9Kw&oe=638EDDBF&_nc_sid=282b66,false
17226083558,ivaishnavisingh,Vaishnavi,https://instagram.fblr2-2.fna.fbcdn.net/v/t51.2885-19/243058091_2900762900179824_2505063874319600943_n.jpg?stp=dst-jpg_s150x150&_nc_ht=instagram.fblr2-2.fna.fbcdn.net&_nc_cat=100&_nc_ohc=FGj0K7F_Q9QAX8zcsvm&tn=DBNlXcUCKOf1RGaQ&edm=AOG-cTkBAAAA&ccb=7-5&oh=00_AfB-c62c9HVGxmyRJyzJqvpc-HwBNIM9QUjseHgdSy784Q&oe=638DE110&_nc_sid=282b66,false
1812304985,ankitsharma5612,Ankit Sharma,https://instagram.fblr2-1.fna.fbcdn.net/v/t51.2885-19/297071797_1423503394799307_4221668887039834391_n.jpg?stp=dst-jpg_s150x150&_nc_ht=instagram.fblr2-1.fna.fbcdn.net&_nc_cat=103&_nc_ohc=xoVDmNayLYAAX9ktKjP&edm=AOG-cTkBAAAA&ccb=7-5&oh=00_AfARASyEejok5Q73TPCshNHbg0RYa6ZwYgNqZLSyOa27vw&oe=638EE2ED&_nc_sid=282b66,false
23454320419,karan_raj.29,Karan,https://instagram.fblr2-2.fna.fbcdn.net/v/t51.2885-19/71547690_428457634740982_7777509581994852352_n.jpg?stp=dst-jpg_s150x150&_nc_ht=instagram.fblr2-2.fna.fbcdn.net&_nc_cat=110&_nc_ohc=Ftt6eXpUyucAX8JhojB&edm=AOG-cTkBAAAA&ccb=7-5&oh=00_AfDitvhpWvs_uXOU04yP-nSmLOh3v9ZyAf8_Xn7FdddM5Q&oe=638DE4AC&_nc_sid=282b66,false
3196886526,shehbazprinc,shehbaz prince,https://instagram.fblr2-2.fna.fbcdn.net/v/t51.2885-19/90758064_2552911181692186_8424270642467045376_n.jpg?stp=dst-jpg_s150x150&_nc_ht=instagram.fblr2-2.fna.fbcdn.net&_nc_cat=110&_nc_ohc=zFgAK7RXCPIAX9kjmze&edm=AOG-cTkBAAAA&ccb=7-5&oh=00_AfDXFotpRLw1VujQmhh986rsjNNOQ0gFj6RLgWHp9KmrZQ&oe=638E99B4&_nc_sid=282b66,false
14021718144,follower_kingbhai,follower_king,https://instagram.frpr1-1.fna.fbcdn.net/v/t51.2885-19/44884218_345707102882519_2446069589734326272_n.jpg?efg=eyJybWQiOiJpZ19hbmRyb2lkX21vYmlsZV9uZXR3b3JrX3N0YWNrX2JhY2t0ZXN0X3YyNTlfMjpjb250cm9sIn0&_nc_ht=instagram.frpr1-1.fna.fbcdn.net&_nc_cat=1&_nc_ohc=v6hG0j-H7LQAX-Srz6y&edm=AB11_MABAAAA&ccb=7-5&ig_cache_key=YW5vbnltb3VzX3Byb2ZpbGVfcGlj.2-ccb7-5&oh=00_AfA8HhDHhMpfaQ54VxBXp82JMuINy-vIsK2R4NFt4zITYA&oe=638EA58F&_nc_sid=ccd4cc,false
4657211336,shishupal420,Shishupal Singh,https://instagram.fblr2-2.fna.fbcdn.net/v/t51.2885-19/280294617_164666076013496_7232465315223039037_n.jpg?stp=dst-jpg_s150x150&_nc_ht=instagram.fblr2-2.fna.fbcdn.net&_nc_cat=108&_nc_ohc=LNY2e0m0rxcAX8atu2z&edm=AOG-cTkBAAAA&ccb=7-5&oh=00_AfDW_QMQL75RxIDR_Srj-ozZdtmpADtUPxj5yoibHPbZ4Q&oe=638E5B95&_nc_sid=282b66,false
6753091132,__rk__sharma___,Ravikant,https://instagram.fblr2-2.fna.fbcdn.net/v/t51.2885-19/316584575_194126376477935_6705375687137702379_n.jpg?stp=dst-jpg_s150x150&_nc_ht=instagram.fblr2-2.fna.fbcdn.net&_nc_cat=111&_nc_ohc=6OwYpT8IgZ4AX-Q5U4Z&tn=DBNlXcUCKOf1RGaQ&edm=AOG-cTkBAAAA&ccb=7-5&oh=00_AfCvNOS1Ei6gZamLceKinqSD0OWXZlLKZqWG_WWgDfR-rw&oe=638F8F09&_nc_sid=282b66,false
32694276362,im_singhanu_,Anu Singh,https://instagram.fblr2-2.fna.fbcdn.net/v/t51.2885-19/315085199_1142761216342930_2243196449977387016_n.jpg?stp=dst-jpg_s150x150&_nc_ht=instagram.fblr2-2.fna.fbcdn.net&_nc_cat=110&_nc_ohc=GQ3vSOMRkU8AX_ZHw8x&edm=AOG-cTkBAAAA&ccb=7-5&oh=00_AfCVb-_gmD-dD0Knnd7g6KVtYFNOiSoxtlD_Kj4lDJHh7A&oe=638E13B4&_nc_sid=282b66,false
5527968284,jai._.sharma2,Jai Sharma,https://instagram.fblr2-2.fna.fbcdn.net/v/t51.2885-19/316331437_3328813500781037_3600237036874347492_n.jpg?stp=dst-jpg_s150x150&_nc_ht=instagram.fblr2-2.fna.fbcdn.net&_nc_cat=105&_nc_ohc=HrVMPnQt6WEAX9fu4NA&edm=AOG-cTkBAAAA&ccb=7-5&oh=00_AfCPT-h2xZJGIfI98qQdlksUj4yTGxQ-F62XQeEbYR83Qg&oe=638F7004&_nc_sid=282b66,false
2316807206,ansh_pasari,Ansh Pasari,https://instagram.fblr2-2.fna.fbcdn.net/v/t51.2885-19/314922225_657046095977729_8257124902282708600_n.jpg?stp=dst-jpg_s150x150&_nc_ht=instagram.fblr2-2.fna.fbcdn.net&_nc_cat=105&_nc_ohc=hwcSvqotuqIAX8yefJE&edm=AOG-cTkBAAAA&ccb=7-5&oh=00_AfDGxoeR_XD1hc3ryPXbq4f4C4yFL23GwUj3f2cexevuyg&oe=638E96B0&_nc_sid=282b66,false
3213999521,__manishapandey__,Manisha Pandey,https://instagram.fblr2-2.fna.fbcdn.net/v/t51.2885-19/315229520_817604992782945_3496497253734999080_n.jpg?stp=dst-jpg_s150x150&_nc_ht=instagram.fblr2-2.fna.fbcdn.net&_nc_cat=109&_nc_ohc=KnjGfodsA0wAX-uT2XU&tn=DBNlXcUCKOf1RGaQ&edm=AOG-cTkBAAAA&ccb=7-5&oh=00_AfDRx-NqBkdKZW4djwo3FGiR893ruugmrE8XiQatgMJXGw&oe=638DB220&_nc_sid=282b66,false
6999291967,mahiima.aa,𝑴.,https://instagram.fblr2-1.fna.fbcdn.net/v/t51.2885-19/306366162_624236105725482_5881944034154140864_n.jpg?stp=dst-jpg_s150x150&_nc_ht=instagram.fblr2-1.fna.fbcdn.net&_nc_cat=106&_nc_ohc=5y_zYvHxtOUAX9Ioa_z&edm=AOG-cTkBAAAA&ccb=7-5&oh=00_AfCCp5Oq0jXlIsUsjgYoE8FZ1zPvxdh1MHRoLlNmgl6m8Q&oe=638ED137&_nc_sid=282b66,false
20420960903,pho2.wale,pho2.wale,https://instagram.fblr2-1.fna.fbcdn.net/v/t51.2885-19/174870293_828317127764438_8293314327321128208_n.jpg?stp=dst-jpg_s150x150&_nc_ht=instagram.fblr2-1.fna.fbcdn.net&_nc_cat=102&_nc_ohc=ajIEha1ZscUAX-7g1ua&edm=AOG-cTkBAAAA&ccb=7-5&oh=00_AfD5ao8p_JGR0ykcgHi-qUNqLFiJ-QQDOs30223rccTenQ&oe=638DA330&_nc_sid=282b66,false
5376519201,this_is_bhaski_,_Bh∆skår_Göwdá_,https://instagram.fblr2-1.fna.fbcdn.net/v/t51.2885-19/317145799_893191835386827_8070934349360177810_n.jpg?stp=dst-jpg_s150x150&_nc_ht=instagram.fblr2-1.fna.fbcdn.net&_nc_cat=103&_nc_ohc=C7Rs82HfHn0AX-6gFeQ&edm=AOG-cTkBAAAA&ccb=7-5&oh=00_AfD_l4ffd65e1mfGGHmJ8lv0R4UP4XBiPQfPqG3spYelMg&oe=638E042D&_nc_sid=282b66,false
31444254271,_vivek._007,VIVEK,https://instagram.fblr2-1.fna.fbcdn.net/v/t51.2885-19/312700668_541858631097879_5675633248500566868_n.jpg?stp=dst-jpg_s150x150&_nc_ht=instagram.fblr2-1.fna.fbcdn.net&_nc_cat=103&_nc_ohc=PK68M4TiHgQAX_C2g14&tn=DBNlXcUCKOf1RGaQ&edm=AOG-cTkBAAAA&ccb=7-5&oh=00_AfCFFiQ12laDBvKETrp-9ON_ZDts3qgl3QgOAhNn6qA1Rg&oe=638E1CF0&_nc_sid=282b66,false
30030918788,tejaswi_sidhanthi,Tejaswi Sidhanthi,https://instagram.fblr2-1.fna.fbcdn.net/v/t51.2885-19/287084886_106667925366711_8798462430331461908_n.jpg?stp=dst-jpg_s150x150&_nc_ht=instagram.fblr2-1.fna.fbcdn.net&_nc_cat=103&_nc_ohc=SbUBp3oE_aAAX89u9qq&edm=AOG-cTkBAAAA&ccb=7-5&oh=00_AfB9lAGK9I2Te8oI6lNZvBu7_Z6IE3h2tNiU-rWAQ2IIXg&oe=638F92B0&_nc_sid=282b66,false
10243872857,shubhamjain25_,Shubham Jain,https://instagram.fblr2-2.fna.fbcdn.net/v/t51.2885-19/120188189_705245133668435_1674535513347095305_n.jpg?stp=dst-jpg_s150x150&_nc_ht=instagram.fblr2-2.fna.fbcdn.net&_nc_cat=111&_nc_ohc=Cl7LN-XzqWMAX_sr6yR&edm=AOG-cTkBAAAA&ccb=7-5&oh=00_AfBtQMGrC2nI2U6ns1k9v_uYpnfVI8y4sRD6JQR5h9T9Ww&oe=638E6AD1&_nc_sid=282b66,false
29628012463,shubhamkumar_rr,Shubham Kumar,https://instagram.fblr2-1.fna.fbcdn.net/v/t51.2885-19/296238024_471893551424882_8397623705939886847_n.jpg?stp=dst-jpg_s150x150&_nc_ht=instagram.fblr2-1.fna.fbcdn.net&_nc_cat=102&_nc_ohc=UNVytVXv5SsAX_-6oyS&edm=AOG-cTkBAAAA&ccb=7-5&oh=00_AfCzEd5fTak5JNopAzIR8Fmj3PfvHhuwa-cy1XfG_DVxUg&oe=638E2FE5&_nc_sid=282b66,false
25595317045,shivamrajpoot218,Shivam Rajpoot 🤫,https://instagram.fblr2-2.fna.fbcdn.net/v/t51.2885-19/103673029_264857268265160_690871099225478928_n.jpg?stp=dst-jpg_s150x150&_nc_ht=instagram.fblr2-2.fna.fbcdn.net&_nc_cat=108&_nc_ohc=c9EDrbsNA1AAX_EOTcB&edm=AOG-cTkBAAAA&ccb=7-5&oh=00_AfCGdRZy2v1sKgMMpBai7Z--lea-jC02mAO57mDTKr5g2Q&oe=638E4A86&_nc_sid=282b66,false
7569844348,shubhammishra2505,❤Mähâdèv_kà_laādla😎,https://instagram.fblr2-2.fna.fbcdn.net/v/t51.2885-19/316989323_3232255993754088_2652185729397098713_n.jpg?stp=dst-jpg_s150x150&_nc_ht=instagram.fblr2-2.fna.fbcdn.net&_nc_cat=100&_nc_ohc=7jJ5LawaKCkAX8LDyW_&edm=AOG-cTkBAAAA&ccb=7-5&oh=00_AfCcCfZnGiaTEdqqd2EBVDK1TLJAXXriNvLwBm907wqE5A&oe=638DF576&_nc_sid=282b66,false
25601504670,prakash195kumar,PRAKASH KUMAR,https://instagram.fblr2-2.fna.fbcdn.net/v/t51.2885-19/73002455_445965769670542_6883150902518087680_n.jpg?stp=dst-jpg_s150x150&_nc_ht=instagram.fblr2-2.fna.fbcdn.net&_nc_cat=110&_nc_ohc=Z4wQosH5AWoAX-lumpI&tn=DBNlXcUCKOf1RGaQ&edm=AOG-cTkBAAAA&ccb=7-5&oh=00_AfCGurXdJyit357GqUO_jWxv_0hS3VnP9FWOsDBJ_fm0VQ&oe=638F7F1C&_nc_sid=282b66,false
26227140102,aditya82269736singh,Aditya singh,https://instagram.fblr2-2.fna.fbcdn.net/v/t51.2885-19/78790068_839441536489956_2231485735066664960_n.jpg?stp=dst-jpg_s150x150&_nc_ht=instagram.fblr2-2.fna.fbcdn.net&_nc_cat=100&_nc_ohc=TDXqZVYkJusAX_xItHN&edm=AOG-cTkBAAAA&ccb=7-5&oh=00_AfDVlRl_0Bahh7gk-am6jvX0YJZyRYEqjhqrThkK-S5b-A&oe=638F4E62&_nc_sid=282b66,false
15885716235,fashion_planet_2019,Fashion Planet,https://instagram.fblr2-2.fna.fbcdn.net/v/t51.2885-19/65822711_2410953089185546_8699010938658881536_n.jpg?stp=dst-jpg_s150x150&_nc_ht=instagram.fblr2-2.fna.fbcdn.net&_nc_cat=110&_nc_ohc=yqaSG_LlSrsAX8fugkp&edm=AOG-cTkBAAAA&ccb=7-5&oh=00_AfAt-JNiLxtMvac39LXXlwhEcUTtndrSTQDXfzmNGPiyLg&oe=638F83A1&_nc_sid=282b66,false
14183105135,theclassyindiastore,the classy india store,https://instagram.fblr2-2.fna.fbcdn.net/v/t51.2885-19/61489161_702052340253032_6545291247253192704_n.jpg?stp=dst-jpg_s150x150&_nc_ht=instagram.fblr2-2.fna.fbcdn.net&_nc_cat=108&_nc_ohc=m4g_aMPURp0AX9m5_ab&tn=DBNlXcUCKOf1RGaQ&edm=AOG-cTkBAAAA&ccb=7-5&oh=00_AfAr2DHIpj7GZHtHK5uxAn4ppr5LosI4ypUcBTrG5T277g&oe=638F2239&_nc_sid=282b66,false
3605979097,_.rohit.mg._,Rohit MG,https://instagram.fblr2-2.fna.fbcdn.net/v/t51.2885-19/56391701_2187087778037135_8886503492538073088_n.jpg?stp=dst-jpg_s150x150&_nc_ht=instagram.fblr2-2.fna.fbcdn.net&_nc_cat=111&_nc_ohc=9yRNia6P5-EAX-r7tq3&tn=DBNlXcUCKOf1RGaQ&edm=AOG-cTkBAAAA&ccb=7-5&oh=00_AfC-2oPrCV8F6uKlCk_MmGoTigmIPUDH4CcL6SqcfsU0_w&oe=638E87AE&_nc_sid=282b66,false
3279760991,ravicii_,Ravi,https://instagram.fblr2-2.fna.fbcdn.net/v/t51.2885-19/292751123_463015475652274_7338647449468547120_n.jpg?stp=dst-jpg_s150x150&_nc_ht=instagram.fblr2-2.fna.fbcdn.net&_nc_cat=110&_nc_ohc=YORDzQ_IpCMAX_pUooJ&tn=DBNlXcUCKOf1RGaQ&edm=AOG-cTkBAAAA&ccb=7-5&oh=00_AfDOttf55o1LGSizNo-tJsQXTsebW45v75qZ_j2Lv0yj6g&oe=638DDDF4&_nc_sid=282b66,false
18511081828,__mike__0fficial,Kumar Mandeep,https://instagram.fblr2-2.fna.fbcdn.net/v/t51.2885-19/316559328_1798450200501552_1207749355152816840_n.jpg?stp=dst-jpg_s150x150&_nc_ht=instagram.fblr2-2.fna.fbcdn.net&_nc_cat=100&_nc_ohc=96On8zGe7ioAX_-FVqQ&edm=AOG-cTkBAAAA&ccb=7-5&oh=00_AfCDny_VoI3HC-wCtF4jXjP3VX7ouSL32ad3FivIWZ6fdw&oe=638F4F91&_nc_sid=282b66,false
26021527880,aakashr_1811,Aakash Ranjan,https://instagram.fblr2-2.fna.fbcdn.net/v/t51.2885-19/282862770_415847920408855_4199162483721524756_n.jpg?stp=dst-jpg_s150x150&_nc_ht=instagram.fblr2-2.fna.fbcdn.net&_nc_cat=107&_nc_ohc=82OCiACg9y0AX-pgvLz&tn=DBNlXcUCKOf1RGaQ&edm=AOG-cTkBAAAA&ccb=7-5&oh=00_AfA-MhZ8Jgdw42v0BeoNr8Tcy2B8lwfCJqi9PLmdfRmUVA&oe=638DCBC1&_nc_sid=282b66,false
3488432945,nilesh.nx,Nilesh Singh,https://instagram.fblr2-1.fna.fbcdn.net/v/t51.2885-19/271799946_347961796859236_2949001907284068357_n.jpg?stp=dst-jpg_s150x150&_nc_ht=instagram.fblr2-1.fna.fbcdn.net&_nc_cat=104&_nc_ohc=KUilCCaV_p0AX-vesoh&edm=AOG-cTkBAAAA&ccb=7-5&oh=00_AfDRVMkzLWeU2EOb52_1s7EW4zKXWLzb0-DRSbA-QTlSSw&oe=638DC3E8&_nc_sid=282b66,false
26271657859,aayush_agrwl06,Aayush Agarwal,https://instagram.fblr2-1.fna.fbcdn.net/v/t51.2885-19/316458364_1225346585078058_9213252345278393970_n.jpg?stp=dst-jpg_s150x150&_nc_ht=instagram.fblr2-1.fna.fbcdn.net&_nc_cat=106&_nc_ohc=Rj1RvOchg5UAX-l_-bE&edm=AOG-cTkBAAAA&ccb=7-5&oh=00_AfA-WKn6PQfpoN0MuU-xsdHsJTwnrXMhqbmP2BbvS7AlbQ&oe=638DA211&_nc_sid=282b66,false
27735991970,vedyaaaaa,Vedya,https://scontent-itm1-1.cdninstagram.com/v/t51.2885-19/44884218_345707102882519_2446069589734326272_n.jpg?_nc_ht=scontent-itm1-1.cdninstagram.com&_nc_cat=1&_nc_ohc=v6hG0j-H7LQAX8KrP2w&edm=AMKDjl4BAAAA&ccb=7-5&ig_cache_key=YW5vbnltb3VzX3Byb2ZpbGVfcGlj.2-ccb7-5&oh=00_AfAxFjb8ON3i1X8vXF18a3cNKKly7xC42OdSZRDXjIY4IQ&oe=638EA58F&_nc_sid=1fe099,false
13325179433,bhandhavyar,Bhandhavya R,https://instagram.fblr2-2.fna.fbcdn.net/v/t51.2885-19/295696343_586742516360771_3943242362146512563_n.jpg?stp=dst-jpg_s150x150&_nc_ht=instagram.fblr2-2.fna.fbcdn.net&_nc_cat=111&_nc_ohc=Y0Hc5NFe0VQAX8dx1bQ&edm=AOG-cTkBAAAA&ccb=7-5&oh=00_AfAUJdGS9sc8ymxa3ntAlceUXW0wVT786yoJ8cJh0V5q0Q&oe=638DFC5B&_nc_sid=282b66,false
7445469018,ash_wath_4_7_2_9,🅰️⚡♓🔱🅰️🌴♓,https://instagram.fblr2-1.fna.fbcdn.net/v/t51.2885-19/294022362_765504358057297_815068152501204703_n.jpg?stp=dst-jpg_s150x150&_nc_ht=instagram.fblr2-1.fna.fbcdn.net&_nc_cat=101&_nc_ohc=1QJZCW05aGUAX9uq960&tn=DBNlXcUCKOf1RGaQ&edm=AOG-cTkBAAAA&ccb=7-5&oh=00_AfBCEI4c9p5rPZvJuosd8SSAH3yQDKJl74djgl4EMsllfg&oe=638DAE5F&_nc_sid=282b66,false
8497495666,surajsingh_0,Suraj Singh,https://instagram.fblr2-1.fna.fbcdn.net/v/t51.2885-19/302733281_428583472450696_6897299841905576314_n.jpg?stp=dst-jpg_s150x150&_nc_ht=instagram.fblr2-1.fna.fbcdn.net&_nc_cat=104&_nc_ohc=2k92CAOETXoAX8lj1dU&edm=AOG-cTkBAAAA&ccb=7-5&oh=00_AfBr2e4okicY6VSxY2rzWoQPNA8emsPn7s3wjC_l_mStgQ&oe=638F887E&_nc_sid=282b66,false
17889908290,bhuvana.guna.manjunath,ಭುವನ ಗುಣ ಮಂಜುನಾಥ್,https://instagram.fblr2-2.fna.fbcdn.net/v/t51.2885-19/314722344_459668902728128_1739692267239614523_n.jpg?stp=dst-jpg_s150x150&_nc_ht=instagram.fblr2-2.fna.fbcdn.net&_nc_cat=108&_nc_ohc=zg6FkcRvOBQAX8j8Ydv&edm=AOG-cTkBAAAA&ccb=7-5&oh=00_AfATFfrfe7GszunOBh1FPbKpI8ZhcBhMbISYIbm0pbdbBA&oe=638E9860&_nc_sid=282b66,false
18378106765,_xlatan_12,r@ğhū,https://instagram.fblr2-1.fna.fbcdn.net/v/t51.2885-19/316935007_5953230424756923_2592144720082577956_n.jpg?stp=dst-jpg_s150x150&_nc_ht=instagram.fblr2-1.fna.fbcdn.net&_nc_cat=103&_nc_ohc=ncJ3usKZB84AX-jW0rP&edm=AOG-cTkBAAAA&ccb=7-5&oh=00_AfDPYhtFiW-VcgtJ9oi6571FHAQK2q46V4R-h32ydaac2Q&oe=638F01B1&_nc_sid=282b66,false
17856119219,harshsrivastava_7,Harsh Srivastava,https://instagram.fblr2-2.fna.fbcdn.net/v/t51.2885-19/296783639_398963252220527_3977387633111521630_n.jpg?stp=dst-jpg_s150x150&_nc_ht=instagram.fblr2-2.fna.fbcdn.net&_nc_cat=111&_nc_ohc=pMcu5kFbfBEAX_fs67G&edm=AOG-cTkBAAAA&ccb=7-5&oh=00_AfBPeG5LzNAAZnIKlm7lOorY3Ch3a_0YZKLiXnhwxMnlJQ&oe=638E525E&_nc_sid=282b66,false
6855764369,oyehiman,Himanshu,https://instagram.fblr2-2.fna.fbcdn.net/v/t51.2885-19/310479791_112534738291127_1387652224428905694_n.jpg?stp=dst-jpg_s150x150&_nc_ht=instagram.fblr2-2.fna.fbcdn.net&_nc_cat=111&_nc_ohc=S1XL6JCJqgwAX-rXlPx&tn=DBNlXcUCKOf1RGaQ&edm=AOG-cTkBAAAA&ccb=7-5&oh=00_AfBkvPMsVE-Va9SDa3zMZj8l-NglxNflnJ_Ze2yMs777Yw&oe=638E16F0&_nc_sid=282b66,false
1689818093,aayush.avinav01,Aayush Avinav,https://instagram.fblr2-1.fna.fbcdn.net/v/t51.2885-19/316024562_483069326986239_6232954265008460643_n.jpg?stp=dst-jpg_s150x150&_nc_ht=instagram.fblr2-1.fna.fbcdn.net&_nc_cat=103&_nc_ohc=3-ADgTfwGHMAX_8BeLZ&edm=AOG-cTkBAAAA&ccb=7-5&oh=00_AfDg1d1CUByUWqSMfXFyVuybkzb8VS1CN6pAF2SqHPGpaQ&oe=638F836E&_nc_sid=282b66,false
21740146445,ambika_pandit_,H R Ambika Pandit,https://instagram.fblr2-2.fna.fbcdn.net/v/t51.2885-19/308842542_624789492387680_7493115324922643797_n.jpg?stp=dst-jpg_s150x150&_nc_ht=instagram.fblr2-2.fna.fbcdn.net&_nc_cat=108&_nc_ohc=49sbwDa5tDIAX-EDMWV&edm=AOG-cTkBAAAA&ccb=7-5&oh=00_AfAO4fhYIwU2KtqRRDNftMe-hlrEDuDFdJggOXV-8aw_iw&oe=638DE866&_nc_sid=282b66,false
6125264410,unnithanashwin,Ashwin Unnithan,https://instagram.fblr2-2.fna.fbcdn.net/v/t51.2885-19/128551920_3626231200749643_3634083407951690934_n.jpg?stp=dst-jpg_s150x150&_nc_ht=instagram.fblr2-2.fna.fbcdn.net&_nc_cat=107&_nc_ohc=OzKhg-jUFHkAX9UvV7v&edm=AOG-cTkBAAAA&ccb=7-5&oh=00_AfCvIwt96wB7SNqkT5HN4F5J5rTLTDyBWqmRKldD2ptsBw&oe=638DEDF1&_nc_sid=282b66,false
4222762977,_sunday_ko_aana_,Chirag Sinha,https://instagram.fblr2-1.fna.fbcdn.net/v/t51.2885-19/316120930_5648492118553850_8880948975596522557_n.jpg?stp=dst-jpg_s150x150&_nc_ht=instagram.fblr2-1.fna.fbcdn.net&_nc_cat=102&_nc_ohc=rCgdZd67e18AX8l2TBU&edm=AOG-cTkBAAAA&ccb=7-5&oh=00_AfC49hbXq7DsXDcKdWeX7Ror4kBTWwUDxNE66m7fBQXi8A&oe=638ED7D1&_nc_sid=282b66,false
7660678452,__mr._racer046,__..sachin..🖤,https://instagram.fblr2-1.fna.fbcdn.net/v/t51.2885-19/297059338_1093214854651069_137952645098395864_n.jpg?stp=dst-jpg_s150x150&_nc_ht=instagram.fblr2-1.fna.fbcdn.net&_nc_cat=101&_nc_ohc=jLROZvzXcI4AX_Uy2eu&edm=AOG-cTkBAAAA&ccb=7-5&oh=00_AfCyoc95w-YrQj6SowFele8RjaaGKzuZdOPCZTDXYXRdYw&oe=638ED6B9&_nc_sid=282b66,false
14655478699,shambhavi.singh01,Shambhavi Singh,https://instagram.fblr2-2.fna.fbcdn.net/v/t51.2885-19/287747611_128593189611341_8726442226118678052_n.jpg?stp=dst-jpg_s150x150&_nc_ht=instagram.fblr2-2.fna.fbcdn.net&_nc_cat=105&_nc_ohc=fSocf5MZVDMAX_MzrW0&edm=AOG-cTkBAAAA&ccb=7-5&oh=00_AfBzfBY9bAj-rKVAkSIPXTktmXhzqJI4jcYyID7jk5wHZQ&oe=638DFBB3&_nc_sid=282b66,false
17533301648,_prerana_m__,Prerana Malashetti,https://instagram.fblr2-1.fna.fbcdn.net/v/t51.2885-19/306709148_168963705715382_8425624268017828516_n.jpg?stp=dst-jpg_s150x150&_nc_ht=instagram.fblr2-1.fna.fbcdn.net&_nc_cat=102&_nc_ohc=Vdy8LKz_Lo4AX_y7bJv&edm=AOG-cTkBAAAA&ccb=7-5&oh=00_AfBC1tpliB5j2n0uRjaOoo4K-zDrLSQNyTFMJWR5IEohcg&oe=638EDB46&_nc_sid=282b66,false
14066711393,_ananth_r_s,Ananth Somayaji,https://instagram.fblr2-1.fna.fbcdn.net/v/t51.2885-19/301582794_411065600923864_4234448742105829306_n.jpg?stp=dst-jpg_s150x150&_nc_ht=instagram.fblr2-1.fna.fbcdn.net&_nc_cat=104&_nc_ohc=IAjJpvwMx7gAX-jRIbE&edm=AOG-cTkBAAAA&ccb=7-5&oh=00_AfDt7L28UmzBu9nqCHdiW8PdDjdboJzeHbOdM2u_Hwb3iw&oe=638EDC7B&_nc_sid=282b66,false
7393177097,_aman_av,Aman Verma,https://instagram.fblr2-2.fna.fbcdn.net/v/t51.2885-19/316477131_829264095077875_2574323714923973879_n.jpg?stp=dst-jpg_s150x150&_nc_ht=instagram.fblr2-2.fna.fbcdn.net&_nc_cat=107&_nc_ohc=hGMjfXcTNjgAX95Wbl9&edm=AOG-cTkBAAAA&ccb=7-5&oh=00_AfATE2NsnfFozb4Qrq-VcSzKZLXo8-NP1zb2UfTaNfWyVw&oe=638EE7BC&_nc_sid=282b66,false
3161069018,ssharma.08,Sarvan Sharma,https://instagram.fblr2-1.fna.fbcdn.net/v/t51.2885-19/306774499_1289753511766850_5625297602484883678_n.jpg?stp=dst-jpg_s150x150&_nc_ht=instagram.fblr2-1.fna.fbcdn.net&_nc_cat=102&_nc_ohc=-1buP_VAUGgAX_OeB_W&edm=AOG-cTkBAAAA&ccb=7-5&oh=00_AfCSwcS5QZBGSFdgQl15iVduqw4XMBQdR8z1WVtN7d4YcQ&oe=638ED58A&_nc_sid=282b66,false
1568182069,abhinav_singh256,Abhinav singh,https://instagram.fblr2-2.fna.fbcdn.net/v/t51.2885-19/278567470_7959469324078688_7693892794769134081_n.jpg?stp=dst-jpg_s150x150&_nc_ht=instagram.fblr2-2.fna.fbcdn.net&_nc_cat=108&_nc_ohc=qHhpBYIGyZcAX8Pa_oq&edm=AOG-cTkBAAAA&ccb=7-5&oh=00_AfB_K4U_p0x3oSswZeJ3i6y26diskhvpaRMfqU6NFRqCSA&oe=638E3172&_nc_sid=282b66,false
18555681583,guru.01_,Guru Manglam Siddhe,https://instagram.fblr2-2.fna.fbcdn.net/v/t51.2885-19/284391293_1442337292906437_2846710014833941698_n.jpg?stp=dst-jpg_s150x150&_nc_ht=instagram.fblr2-2.fna.fbcdn.net&_nc_cat=109&_nc_ohc=-qd75gxSvvAAX_xM7XV&edm=AOG-cTkBAAAA&ccb=7-5&oh=00_AfB_yI8axflLxWWzjiGnTIPvO4WH2ht25p4VJLB-sUzDSA&oe=638E0FC7&_nc_sid=282b66,false
2919200563,__hharshhhh,Harsh Vardhan,https://instagram.fblr2-2.fna.fbcdn.net/v/t51.2885-19/317376351_3279050802371057_1038127133294424403_n.jpg?stp=dst-jpg_s150x150&_nc_ht=instagram.fblr2-2.fna.fbcdn.net&_nc_cat=105&_nc_ohc=hIzAIZtEIh8AX-WzChQ&edm=AOG-cTkBAAAA&ccb=7-5&oh=00_AfD_T7vXAmNSFwUErBXpNJYJE5pMX67fk0yKZBBOxIGfng&oe=638ECE58&_nc_sid=282b66,false
3976546906,sonalsh250,Sonal Singh,https://instagram.fblr2-2.fna.fbcdn.net/v/t51.2885-19/311721630_1075722446464937_7018192584624263943_n.jpg?stp=dst-jpg_s150x150&_nc_ht=instagram.fblr2-2.fna.fbcdn.net&_nc_cat=105&_nc_ohc=F2ExpRJxZOUAX_y-P5w&tn=DBNlXcUCKOf1RGaQ&edm=AOG-cTkBAAAA&ccb=7-5&oh=00_AfBR3iNVjSWDJFkahgH2JBmahoOAvegtU1aJl-45t3yklA&oe=638DC9E0&_nc_sid=282b66,false
4915915002,ayyan_anees,عيان اننش,https://instagram.fblr2-1.fna.fbcdn.net/v/t51.2885-19/122942622_397254621279649_153852542588313850_n.jpg?stp=dst-jpg_s150x150&_nc_ht=instagram.fblr2-1.fna.fbcdn.net&_nc_cat=101&_nc_ohc=XO12j_TEp6MAX_Ygfij&tn=DBNlXcUCKOf1RGaQ&edm=AOG-cTkBAAAA&ccb=7-5&oh=00_AfB6deXFE28NBYCHjYOvUDIuu6Vn9r-iqNQb5TkZwcEjlw&oe=638E82D0&_nc_sid=282b66,false
3306523933,tyagigopal,Gopal Tyagi,https://instagram.fblr2-1.fna.fbcdn.net/v/t51.2885-19/219960831_178127357635012_4874223279454559122_n.jpg?stp=dst-jpg_s150x150&_nc_ht=instagram.fblr2-1.fna.fbcdn.net&_nc_cat=104&_nc_ohc=koJf0MKjIGkAX9QYIc5&tn=DBNlXcUCKOf1RGaQ&edm=AOG-cTkBAAAA&ccb=7-5&oh=00_AfAdTaogpfBO1vUILDkv2LGr5uNuX64lIgFIOwFMGGZ8dg&oe=638F8DCC&_nc_sid=282b66,false
19370843989,thearyankr81,Aryan Kumar,https://instagram.fblr2-1.fna.fbcdn.net/v/t51.2885-19/306951994_1116107785967356_8442943769601372849_n.jpg?stp=dst-jpg_s150x150&_nc_ht=instagram.fblr2-1.fna.fbcdn.net&_nc_cat=104&_nc_ohc=Yrh-rzrAuYsAX-3yV4o&edm=AOG-cTkBAAAA&ccb=7-5&oh=00_AfDBJYnAUwCW1yDQGk9sL_LGr1pp4digSIwUe4B5mY7r1g&oe=638F6031&_nc_sid=282b66,false
5849025529,daksh63_,Daksh Anand,https://instagram.fblr2-1.fna.fbcdn.net/v/t51.2885-19/160456416_245588997207988_8311877759636266237_n.jpg?stp=dst-jpg_s150x150&_nc_ht=instagram.fblr2-1.fna.fbcdn.net&_nc_cat=104&_nc_ohc=HoHhMRqsU0IAX9k2V4X&edm=AOG-cTkBAAAA&ccb=7-5&oh=00_AfBs1hGGAa12GChduPHNbijpVCN-ZtOWsF1pEO6PkbArbQ&oe=638F95D5&_nc_sid=282b66,false
13390944547,sami__siddique,SAMI,https://instagram.fblr2-2.fna.fbcdn.net/v/t51.2885-19/310845153_5647425368630124_4675969355551944882_n.jpg?stp=dst-jpg_s150x150&_nc_ht=instagram.fblr2-2.fna.fbcdn.net&_nc_cat=100&_nc_ohc=EVoU4fagMgkAX9bN2qd&edm=AOG-cTkBAAAA&ccb=7-5&oh=00_AfDaZ92d6SLyGIFHQ00HBo3q0NCEohef1rSM5AkRwudQcA&oe=638F0E51&_nc_sid=282b66,false
2541392068,rahul_ranjan_3009,Rahul Ranjan,https://instagram.fblr2-2.fna.fbcdn.net/v/t51.2885-19/247470986_220919346653732_8761195797060702663_n.jpg?stp=dst-jpg_s150x150&_nc_ht=instagram.fblr2-2.fna.fbcdn.net&_nc_cat=108&_nc_ohc=-T1rHAXCrrAAX8hDxl9&edm=AOG-cTkBAAAA&ccb=7-5&oh=00_AfAE-kYG0r9jgLUDqZskqsn0sqgdO_gIFP373ND5j5iO9A&oe=638DDD7A&_nc_sid=282b66,false
4762209315,_.shantanu9_,Shantanu Singh,https://instagram.fdel65-1.fna.fbcdn.net/v/t51.2885-19/44884218_345707102882519_2446069589734326272_n.jpg?_nc_ht=instagram.fdel65-1.fna.fbcdn.net&_nc_cat=1&_nc_ohc=v6hG0j-H7LQAX_zNkQ8&edm=ACaJ6XgBAAAA&ccb=7-5&ig_cache_key=YW5vbnltb3VzX3Byb2ZpbGVfcGlj.2-ccb7-5&oh=00_AfDQBTAsTJAdCm5010yUma7H8m9jSq2YAZTTNCoYNSP3Cg&oe=638EA58F&_nc_sid=0cc1b1,false
14711756275,shivamsingh13793,Shivam Singh,https://instagram.fblr2-2.fna.fbcdn.net/v/t51.2885-19/71825933_1065370020464645_562556908079153152_n.jpg?stp=dst-jpg_s150x150&_nc_ht=instagram.fblr2-2.fna.fbcdn.net&_nc_cat=105&_nc_ohc=zRB92846sBoAX_Ms7wa&edm=AOG-cTkBAAAA&ccb=7-5&oh=00_AfD0u2RT4tdQLWImHEOhbFpAcbHYGLFiR5oJx8UX4xFQGg&oe=638EA00C&_nc_sid=282b66,false
11304724613,yrajeff,Yash Raj,https://instagram.fblr2-2.fna.fbcdn.net/v/t51.2885-19/312505353_1780548312290027_3126414295775414619_n.jpg?stp=dst-jpg_s150x150&_nc_ht=instagram.fblr2-2.fna.fbcdn.net&_nc_cat=111&_nc_ohc=v6_D2m0-oXkAX_FTYd1&edm=AOG-cTkBAAAA&ccb=7-5&oh=00_AfBpoxmL9lrcEFVgDoAi31oO20Kkr5v7dKCxONDfsMpS2Q&oe=638E7D06&_nc_sid=282b66,false
16586101859,chetna3653,chetna chouhan,https://instagram.fblr2-2.fna.fbcdn.net/v/t51.2885-19/302507226_398435752449261_4803565167016368061_n.jpg?stp=dst-jpg_s150x150&_nc_ht=instagram.fblr2-2.fna.fbcdn.net&_nc_cat=109&_nc_ohc=rA6tutkqu-sAX9DHEsg&tn=DBNlXcUCKOf1RGaQ&edm=AOG-cTkBAAAA&ccb=7-5&oh=00_AfATeX7psIdSZMqlNv9kRW7UXf03FBOqkPQROxNrMw2lAg&oe=638EA481&_nc_sid=282b66,false
13959643926,shubh._singh_,Shubham Singh,https://instagram.fblr2-1.fna.fbcdn.net/v/t51.2885-19/275119572_2826559844311023_6487562288756290940_n.jpg?stp=dst-jpg_s150x150&_nc_ht=instagram.fblr2-1.fna.fbcdn.net&_nc_cat=103&_nc_ohc=CmD2_qk1a78AX9bsInh&tn=DBNlXcUCKOf1RGaQ&edm=AOG-cTkBAAAA&ccb=7-5&oh=00_AfAUQsD5QgF8a_-NxeplC3qsZWCN48_WEg6JAhae8zwV8w&oe=638E19F6&_nc_sid=282b66,false
6207243514,manish_official._,Manish Kumar,https://instagram.fblr2-1.fna.fbcdn.net/v/t51.2885-19/299815975_109780895179491_2821515814748889592_n.jpg?stp=dst-jpg_s150x150&_nc_ht=instagram.fblr2-1.fna.fbcdn.net&_nc_cat=103&_nc_ohc=_6jDMmch9OoAX_z2Ep6&edm=AOG-cTkBAAAA&ccb=7-5&oh=00_AfBbAt_LcqDF8_-wwZfS3GDfeGZ2raarNucMduexyABg8Q&oe=638E172D&_nc_sid=282b66,false
5648858512,pk93518,Avt Pankaj Kumar,https://instagram.fblr2-2.fna.fbcdn.net/v/t51.2885-19/277627004_3225014187727977_6496708691756944879_n.jpg?stp=dst-jpg_s150x150&_nc_ht=instagram.fblr2-2.fna.fbcdn.net&_nc_cat=109&_nc_ohc=FkvfVor9yVoAX9X1QmJ&edm=AOG-cTkBAAAA&ccb=7-5&oh=00_AfBXOdzL3EKgqpnjAoUfbC-auZzxUQ-wygye_mL1YlATMA&oe=638F968A&_nc_sid=282b66,false
9937260383,shubham.3_7,Shubham,https://instagram.fblr2-1.fna.fbcdn.net/v/t51.2885-19/210479322_923476591837117_2308549490017580405_n.jpg?stp=dst-jpg_s150x150&_nc_ht=instagram.fblr2-1.fna.fbcdn.net&_nc_cat=101&_nc_ohc=IeJrLUCmuOcAX_5Nil2&edm=AOG-cTkBAAAA&ccb=7-5&oh=00_AfBZmTuKhXTYMjVx5FgkWRNgEg7SALzEEXnKVcM6-339pA&oe=638EB7C5&_nc_sid=282b66,false
8568487947,ksimpi8969824,ambraan di queen,https://instagram.fblr2-1.fna.fbcdn.net/v/t51.2885-19/311765505_1057154978307483_8757604452459453215_n.jpg?stp=dst-jpg_s150x150&_nc_ht=instagram.fblr2-1.fna.fbcdn.net&_nc_cat=103&_nc_ohc=gmgnsssl06IAX_kBO26&tn=DBNlXcUCKOf1RGaQ&edm=AOG-cTkBAAAA&ccb=7-5&oh=00_AfDbzBand83-7Qkdl7cnb1fOiDUHeQNMnIVdetJbgqfFpg&oe=638F772F&_nc_sid=282b66,false
10816669797,chem.and_phy_world,chem and phy world,https://instagram.fblr2-2.fna.fbcdn.net/v/t51.2885-19/51305186_238325063780829_1425060334812528640_n.jpg?stp=dst-jpg_s150x150&_nc_ht=instagram.fblr2-2.fna.fbcdn.net&_nc_cat=109&_nc_ohc=5hal3gsWgkQAX_5YRUE&edm=AOG-cTkBAAAA&ccb=7-5&oh=00_AfAvxm3InDpkGnkWGSjNL-0ouoli26SCaoyyIx35UDofmw&oe=638E3E74&_nc_sid=282b66,false
7116617698,ankit_._singh_____rajput___,𝙰𝚗𝚔𝚒𝚝 𝚂𝚒𝚗𝚐𝚑 𝚁𝚊𝚓𝚙𝚞𝚝,https://instagram.fblr2-1.fna.fbcdn.net/v/t51.2885-19/274738393_350966927007014_3969838884403653621_n.jpg?stp=dst-jpg_s150x150&_nc_ht=instagram.fblr2-1.fna.fbcdn.net&_nc_cat=102&_nc_ohc=vazemNwnygwAX__R-op&edm=AOG-cTkBAAAA&ccb=7-5&oh=00_AfDZcqbWR9rFftkyJWEAKiPqMncljdBtFUFra0f1D5JCTA&oe=638DABA9&_nc_sid=282b66,false
6781069493,mr._calculus,Abhishek Kumar,https://instagram.fblr2-2.fna.fbcdn.net/v/t51.2885-19/171507190_498368448202760_4009027055022992046_n.jpg?stp=dst-jpg_s150x150&_nc_ht=instagram.fblr2-2.fna.fbcdn.net&_nc_cat=108&_nc_ohc=XTZMjHnYGwAAX_tvpdA&edm=AOG-cTkBAAAA&ccb=7-5&oh=00_AfAOIe4MhRKGeLXjOSZQxqFy3_seA7H6y2o5sghQqNaCTg&oe=638F0299&_nc_sid=282b66,false
9294050347,pranavpratap.pranav,Pranav Pratap Singh,https://instagram.fdel65-1.fna.fbcdn.net/v/t51.2885-19/44884218_345707102882519_2446069589734326272_n.jpg?_nc_ht=instagram.fdel65-1.fna.fbcdn.net&_nc_cat=1&_nc_ohc=v6hG0j-H7LQAX_zNkQ8&edm=ACaJ6XgBAAAA&ccb=7-5&ig_cache_key=YW5vbnltb3VzX3Byb2ZpbGVfcGlj.2-ccb7-5&oh=00_AfDQBTAsTJAdCm5010yUma7H8m9jSq2YAZTTNCoYNSP3Cg&oe=638EA58F&_nc_sid=0cc1b1,false
5368486966,ankit_singh0112,🅰nkit,https://instagram.fblr2-2.fna.fbcdn.net/v/t51.2885-19/309450747_201329162407776_7839562449841474001_n.jpg?stp=dst-jpg_s150x150&_nc_ht=instagram.fblr2-2.fna.fbcdn.net&_nc_cat=100&_nc_ohc=oI12t87p5gUAX-nHeXq&edm=AOG-cTkBAAAA&ccb=7-5&oh=00_AfA_JQYSgaXzKrxVc-tJb_4LGqMcYAffdQuPQ_wA6q6XOw&oe=638E09F0&_nc_sid=282b66,false
2380625434,aayushraj03,Aayush Raj,https://instagram.fblr2-1.fna.fbcdn.net/v/t51.2885-19/317553006_539780451387714_6553695065965577153_n.jpg?stp=dst-jpg_s150x150&_nc_ht=instagram.fblr2-1.fna.fbcdn.net&_nc_cat=106&_nc_ohc=uuT9RKWg8AgAX9p9yrd&edm=AOG-cTkBAAAA&ccb=7-5&oh=00_AfAwEgobevN-rK8djV7tNwOfNKnpIn4VpSeODlcYOwnxsw&oe=638DCC36&_nc_sid=282b66,false
1906218663,siddddharth._,Siddharth Shrivastava,https://instagram.fblr2-1.fna.fbcdn.net/v/t51.2885-19/300036230_743925453547454_3537491583932250522_n.jpg?stp=dst-jpg_s150x150&_nc_ht=instagram.fblr2-1.fna.fbcdn.net&_nc_cat=102&_nc_ohc=IPMdlH5XY20AX_upX7a&tn=DBNlXcUCKOf1RGaQ&edm=AOG-cTkBAAAA&ccb=7-5&oh=00_AfCrDFxmig_M3v4lTjd_wbSWo1WzfTNW_xnwrWKXl7w7cA&oe=638E414C&_nc_sid=282b66,false
5759357185,quimica_org,Café_com_SínteseOrgânica🇧🇷,https://instagram.fblr2-2.fna.fbcdn.net/v/t51.2885-19/52857282_336853513613983_2835810607393931264_n.jpg?stp=dst-jpg_s150x150&_nc_ht=instagram.fblr2-2.fna.fbcdn.net&_nc_cat=107&_nc_ohc=jXETlutfsxEAX-a3WDj&tn=DBNlXcUCKOf1RGaQ&edm=AOG-cTkBAAAA&ccb=7-5&oh=00_AfDeFVc0iClRswoFGQiSOsyIQBHdvxXxbmlx5Z6t4Yv_Lg&oe=638E4EE9&_nc_sid=282b66,false
4964206577,priyesh.shrivastava,Priyesh Shrivastava,https://instagram.fblr2-2.fna.fbcdn.net/v/t51.2885-19/305818602_411339401111407_5545315872900287991_n.jpg?stp=dst-jpg_s150x150&_nc_ht=instagram.fblr2-2.fna.fbcdn.net&_nc_cat=107&_nc_ohc=e1yfoMwFAsYAX9wjaSJ&edm=AOG-cTkBAAAA&ccb=7-5&oh=00_AfDHFk9YV2j7EKxPhyxrk4cbRRyNQnEQqdbjyjHQubVq-g&oe=638F0241&_nc_sid=282b66,false
4532007836,its.h_raj790,❄︋ℍЯî✞ℍîƘ ЯДʝ❄,https://instagram.fblr2-1.fna.fbcdn.net/v/t51.2885-19/311774406_647146453668207_260575666258143073_n.jpg?stp=dst-jpg_s150x150&_nc_ht=instagram.fblr2-1.fna.fbcdn.net&_nc_cat=103&_nc_ohc=B0QyFrBasJcAX8fFO53&tn=DBNlXcUCKOf1RGaQ&edm=AOG-cTkBAAAA&ccb=7-5&oh=00_AfABWpkLZNAtgE0aLSzLPzrRAixCpy16nXcZWH9Reg_NBQ&oe=638DEB18&_nc_sid=282b66,false
3666772272,ankit_kumar06,Ankit kumar,https://instagram.fblr2-2.fna.fbcdn.net/v/t51.2885-19/269835163_478074330326708_7393564725078795018_n.jpg?stp=dst-jpg_s150x150&_nc_ht=instagram.fblr2-2.fna.fbcdn.net&_nc_cat=108&_nc_ohc=zLt3sh3CJ40AX_qEVWe&edm=AOG-cTkBAAAA&ccb=7-5&oh=00_AfCHO3g3jg5sAA5bDA9DibrIWZkXWfpPD_2ov5EX1t-dnQ&oe=638F9772&_nc_sid=282b66,false
3208109565,yash_anupam,Yash Äñūpåm,https://instagram.fblr2-1.fna.fbcdn.net/v/t51.2885-19/248085405_423168986048186_9058182396339755736_n.jpg?stp=dst-jpg_s150x150&_nc_ht=instagram.fblr2-1.fna.fbcdn.net&_nc_cat=102&_nc_ohc=QDyvPsZnyFIAX_EjWUy&edm=AOG-cTkBAAAA&ccb=7-5&oh=00_AfCcnfwysY1htsKsGBHatHQSvpLfZCevuyNJIvkkiM97Vw&oe=638E2705&_nc_sid=282b66,false
6103418685,_aman_raj_,Âmâñ Ráj,https://instagram.fblr2-2.fna.fbcdn.net/v/t51.2885-19/293164481_178364161233635_7890716761783310657_n.jpg?stp=dst-jpg_s150x150&_nc_ht=instagram.fblr2-2.fna.fbcdn.net&_nc_cat=111&_nc_ohc=JK4yXZjiLPoAX_jHnqz&edm=AOG-cTkBAAAA&ccb=7-5&oh=00_AfAUCzXPiXA7wj6mYv8KLDxUnrG7WQdUXp21O4dNbDV5IA&oe=638EB5FE&_nc_sid=282b66,false
2324727957,sobo002,Sohaib🌟,https://instagram.fblr2-2.fna.fbcdn.net/v/t51.2885-19/304410012_174573735085092_9163008949767766224_n.jpg?stp=dst-jpg_s150x150&_nc_ht=instagram.fblr2-2.fna.fbcdn.net&_nc_cat=100&_nc_ohc=CXTJGtRZccUAX_SjQJb&edm=AOG-cTkBAAAA&ccb=7-5&oh=00_AfBnfmMl_45q-nMwGUjai9weG-N26b5SRbUnfnyjzWTdzg&oe=638F30C5&_nc_sid=282b66,false
7855003164,astik_akela,Mahadev Bhai,https://instagram.fblr2-1.fna.fbcdn.net/v/t51.2885-19/258883699_114005954295301_4745102482241366647_n.jpg?stp=dst-jpg_s150x150&_nc_ht=instagram.fblr2-1.fna.fbcdn.net&_nc_cat=101&_nc_ohc=9v0gMBKQ_2oAX8glYr9&edm=AOG-cTkBAAAA&ccb=7-5&oh=00_AfDl0yJTPZCXya1z0d0lf_kibAKUmCk8udN1KLOl6ouwAw&oe=638F0D48&_nc_sid=282b66,false
5582578272,vishnu5851,Kumar Vishnu,https://instagram.fblr2-2.fna.fbcdn.net/v/t51.2885-19/304858701_513887073880223_136489496204894476_n.jpg?stp=dst-jpg_s150x150&_nc_ht=instagram.fblr2-2.fna.fbcdn.net&_nc_cat=111&_nc_ohc=K2ucAKi5xy0AX86pdw_&edm=AOG-cTkBAAAA&ccb=7-5&oh=00_AfCwVL45ByeHN3UEiMB9PW_k3I3vJ1s2iI-0givXcYus5Q&oe=638DC498&_nc_sid=282b66,false
7723822981,ayushchaudhary1032,<। AKC ।>,https://instagram.fblr2-2.fna.fbcdn.net/v/t51.2885-19/308965510_5491914007562961_8414324442313800582_n.jpg?stp=dst-jpg_s150x150&_nc_ht=instagram.fblr2-2.fna.fbcdn.net&_nc_cat=109&_nc_ohc=0PwHMbb-0YMAX_R3NNl&edm=AOG-cTkBAAAA&ccb=7-5&oh=00_AfCOINDbTmv1WEylkoo9e9nFvTWiqI2IEh9gJW9Jl2mLLw&oe=638EAC47&_nc_sid=282b66,false
3286858603,minhazuddinfarhan,Minhazuddin Farhan,https://instagram.fblr2-2.fna.fbcdn.net/v/t51.2885-19/269784285_1061011981129675_6358568395749149758_n.jpg?stp=dst-jpg_s150x150&_nc_ht=instagram.fblr2-2.fna.fbcdn.net&_nc_cat=107&_nc_ohc=UhEx_26GyHwAX-X27FX&tn=DBNlXcUCKOf1RGaQ&edm=AOG-cTkBAAAA&ccb=7-5&oh=00_AfBlyO27ucJmUiHFloGvOwFoKxdW3OJjuHT_FxKt0JZorw&oe=638F6A34&_nc_sid=282b66,false
4486616292,_.singh_muskan._,🦋 | M U S K A N | 🦋,https://instagram.fblr2-1.fna.fbcdn.net/v/t51.2885-19/276273466_1416469315457630_4471489165562179537_n.jpg?stp=dst-jpg_s150x150&_nc_ht=instagram.fblr2-1.fna.fbcdn.net&_nc_cat=102&_nc_ohc=cbVY1vpHhkQAX_mzXbu&edm=AOG-cTkBAAAA&ccb=7-5&oh=00_AfAJmgT1HVC62NbALexrqfa4Q55VAg_NmlvUdYAhPlQWwA&oe=638EF8F7&_nc_sid=282b66,false
5990540296,mr_saurav.sharma,Saurav sharma,https://instagram.fblr2-1.fna.fbcdn.net/v/t51.2885-19/77213405_2349863301971739_2814288105366880256_n.jpg?stp=dst-jpg_s150x150&_nc_ht=instagram.fblr2-1.fna.fbcdn.net&_nc_cat=103&_nc_ohc=vHC0onHPAvEAX-glh3x&edm=AOG-cTkBAAAA&ccb=7-5&oh=00_AfBXOkZ0I1Wgu6Ja0T7yiTWT_4whDEpLZw4Z9XQKxIuj5A&oe=638EF048&_nc_sid=282b66,false
5355717350,lavanya_.____,लावण्या,https://instagram.fblr2-1.fna.fbcdn.net/v/t51.2885-19/124685571_688743471749498_6132933156569188345_n.jpg?stp=dst-jpg_s150x150&_nc_ht=instagram.fblr2-1.fna.fbcdn.net&_nc_cat=102&_nc_ohc=h9kq8K46C28AX-7WWQP&edm=AOG-cTkBAAAA&ccb=7-5&oh=00_AfDXq26xv47ZxCY1dLxBDb-7JPjmaB6LD73S76JZrfmk0Q&oe=638E9E1C&_nc_sid=282b66,false
4234605285,_viprya_,Prateek Viprya,https://instagram.fblr2-2.fna.fbcdn.net/v/t51.2885-19/309253778_996794688382845_7056214836940947852_n.jpg?stp=dst-jpg_s150x150&_nc_ht=instagram.fblr2-2.fna.fbcdn.net&_nc_cat=109&_nc_ohc=xJVSdH8eG-EAX_BHLOL&tn=DBNlXcUCKOf1RGaQ&edm=AOG-cTkBAAAA&ccb=7-5&oh=00_AfAAkuJGYZUivcjAWS-aLGwsdZt3i5cacJWCRvdE1jPHyg&oe=638F7A37&_nc_sid=282b66,false
4111847195,_iamvkc_,Vikash Kumar,https://instagram.fblr2-2.fna.fbcdn.net/v/t51.2885-19/299362216_435692825250029_3444217217774866504_n.jpg?stp=dst-jpg_s150x150&_nc_ht=instagram.fblr2-2.fna.fbcdn.net&_nc_cat=105&_nc_ohc=q9zh4OnSdg8AX8EMHG4&edm=AOG-cTkBAAAA&ccb=7-5&oh=00_AfBGJU3MZNY7msa0nc1emGQ6B6xE6fJXBjSyGSxztLOJHQ&oe=638E6320&_nc_sid=282b66,false
5909427307,rishusr,Rishu Kr Raj @,https://instagram.fblr2-1.fna.fbcdn.net/v/t51.2885-19/225120298_347285503546983_6998780854858359397_n.jpg?stp=dst-jpg_s150x150&_nc_ht=instagram.fblr2-1.fna.fbcdn.net&_nc_cat=103&_nc_ohc=06-JbM_1GewAX8ZPf9-&tn=DBNlXcUCKOf1RGaQ&edm=AOG-cTkBAAAA&ccb=7-5&oh=00_AfDRXCyNeYo5hjZeENqzsKXVSrETDG1IIWYo13rrNWJGeg&oe=638DA79B&_nc_sid=282b66,false
6772084675,nirajroyindian,Niraj Raj,https://instagram.fblr2-1.fna.fbcdn.net/v/t51.2885-19/117508864_298290821587806_973564022969983386_n.jpg?stp=dst-jpg_s150x150&_nc_ht=instagram.fblr2-1.fna.fbcdn.net&_nc_cat=106&_nc_ohc=wtjwdV1Zin4AX_6tQH0&edm=AOG-cTkBAAAA&ccb=7-5&oh=00_AfAWDlZ39kxwwJB1wSdafrAGu_CZ4UDzISuJKggscx-dKA&oe=638F95A4&_nc_sid=282b66,false
7061990649,manishkaumarj,Manish Kumar Jaiswal,https://instagram.fblr2-2.fna.fbcdn.net/v/t51.2885-19/262576170_284746413667883_5241419545011689051_n.jpg?stp=dst-jpg_s150x150&_nc_ht=instagram.fblr2-2.fna.fbcdn.net&_nc_cat=111&_nc_ohc=QJhtkeQ15AcAX-utrPn&tn=DBNlXcUCKOf1RGaQ&edm=AOG-cTkBAAAA&ccb=7-5&oh=00_AfDNTjdFQsf8bPOs7T1PzbGKQ0qJXHM-a93U2eGczrK_MA&oe=638F4E7A&_nc_sid=282b66,false
5413890898,saurrabhh.__,SAURABH BHATT ✨,https://instagram.fblr2-2.fna.fbcdn.net/v/t51.2885-19/219504543_105929701688769_405447227648408378_n.jpg?stp=dst-jpg_s150x150&_nc_ht=instagram.fblr2-2.fna.fbcdn.net&_nc_cat=109&_nc_ohc=Bgb-KlKdTkQAX_Egyhx&edm=AOG-cTkBAAAA&ccb=7-5&oh=00_AfD8o-sv8tJRo65y9CPweyxzUbqcbMp5c6NNyMybPSIn_g&oe=638ED69F&_nc_sid=282b66,false
6188928245,ajju_988,Ajju_7,https://instagram.fblr2-2.fna.fbcdn.net/v/t51.2885-19/317409876_508927717857455_1635399842703884275_n.jpg?stp=dst-jpg_s150x150&_nc_ht=instagram.fblr2-2.fna.fbcdn.net&_nc_cat=111&_nc_ohc=iUFsbbFqsl0AX9esaVH&tn=DBNlXcUCKOf1RGaQ&edm=AOG-cTkBAAAA&ccb=7-5&oh=00_AfCtWOtIRDEjGvPZ8n6a5wl076HXjUcIcBaCa20nXAF-2Q&oe=638F76C9&_nc_sid=282b66,false
6736641567,surajsony1767,Suraj Sony,https://instagram.fblr2-2.fna.fbcdn.net/v/t51.2885-19/25038143_1210264275741427_1372041252760977408_n.jpg?stp=dst-jpg_s150x150&_nc_ht=instagram.fblr2-2.fna.fbcdn.net&_nc_cat=107&_nc_ohc=w_2Q57zw0rAAX9isd3A&edm=AOG-cTkBAAAA&ccb=7-5&oh=00_AfDGt-FL8lN55j0dfg_9TKnkhs7bO6MkoigH0pn38z6R-A&oe=638F7741&_nc_sid=282b66,false
4702683415,mukesh_munnaji,Mukesh Munna Ji,https://instagram.fblr2-1.fna.fbcdn.net/v/t51.2885-19/317328755_1580537902384371_5767747875974133245_n.jpg?stp=dst-jpg_s150x150&_nc_ht=instagram.fblr2-1.fna.fbcdn.net&_nc_cat=103&_nc_ohc=RvT00h6zG5IAX9cFyMy&edm=AOG-cTkBAAAA&ccb=7-5&oh=00_AfDelvNjUCerW6Cd8WO_-XI82wyXpEmZaZHha4FJqw0y9A&oe=638EAD76&_nc_sid=282b66,false
6298208129,pallavisingh1812,Pallavi Chauhan,https://instagram.fblr2-2.fna.fbcdn.net/v/t51.2885-19/312493409_184251534137242_1156055718764299864_n.jpg?stp=dst-jpg_s150x150&_nc_ht=instagram.fblr2-2.fna.fbcdn.net&_nc_cat=110&_nc_ohc=7MwjZih9rTcAX-nbKu3&tn=DBNlXcUCKOf1RGaQ&edm=AOG-cTkBAAAA&ccb=7-5&oh=00_AfDbqRtems0lc_HagDUOFZ2Zm5vsqn1XLQt8Bn_iLjjaIw&oe=638F4231&_nc_sid=282b66,false
6980199971,raviroy4083,Ravi Roy,https://instagram.fblr2-2.fna.fbcdn.net/v/t51.2885-19/307290791_771541727232453_4062786112551404415_n.jpg?stp=dst-jpg_s150x150&_nc_ht=instagram.fblr2-2.fna.fbcdn.net&_nc_cat=109&_nc_ohc=B97FKlNii0kAX8duatw&edm=AOG-cTkBAAAA&ccb=7-5&oh=00_AfBSBrTa3jlC2fKtrTcSjAinyC0V58cNh4Xx5uD_3vS9rw&oe=638E4A01&_nc_sid=282b66,false
5501069350,online_shopping__toy__gift_hub,Online Shopping  Store,https://instagram.fblr2-2.fna.fbcdn.net/v/t51.2885-19/26866567_2128724394013772_6182843097492226048_n.jpg?stp=dst-jpg_s150x150&_nc_ht=instagram.fblr2-2.fna.fbcdn.net&_nc_cat=108&_nc_ohc=RcGIfPC8Wq4AX_jTtcf&edm=AOG-cTkBAAAA&ccb=7-5&oh=00_AfA8eacH2PpSb2TY9BAZ8o1oNbuewdESiSjVhWg_bGT3wg&oe=638F8E0F&_nc_sid=282b66,false
6184871691,gauravsingh.chauhan.58323,Gaurav Kumar Singh,https://instagram.fblr2-1.fna.fbcdn.net/v/t51.2885-19/44749285_2188406168115567_2493604011433787392_n.jpg?stp=dst-jpg_s150x150&_nc_ht=instagram.fblr2-1.fna.fbcdn.net&_nc_cat=103&_nc_ohc=giSSZx92xF0AX-f1tkj&edm=AOG-cTkBAAAA&ccb=7-5&oh=00_AfAJHVSgUqri2Gkvkkjb7BKSNIHZd7INseGlsRvvO5p9Sw&oe=638E0127&_nc_sid=282b66,false
3616240272,ravi_ranjan762,Ravi Ranjan,https://instagram.fblr2-2.fna.fbcdn.net/v/t51.2885-19/313972774_5575388105863895_2294957883050138142_n.jpg?stp=dst-jpg_s150x150&_nc_ht=instagram.fblr2-2.fna.fbcdn.net&_nc_cat=111&_nc_ohc=ebjZv0nmfD4AX9j4qMJ&tn=DBNlXcUCKOf1RGaQ&edm=AOG-cTkBAAAA&ccb=7-5&oh=00_AfAQGVIc6O1KeGvmzvcDepSarWc3QFDPl39ZiSvG7L3uMA&oe=638E2610&_nc_sid=282b66,false
5457942464,ishu.jaiz,🅸🆂🅷🆄,https://instagram.fblr2-1.fna.fbcdn.net/v/t51.2885-19/311585610_839805247453974_3825150296658718267_n.jpg?stp=dst-jpg_s150x150&_nc_ht=instagram.fblr2-1.fna.fbcdn.net&_nc_cat=106&_nc_ohc=PjEac_i4J7EAX-699Gj&edm=AOG-cTkBAAAA&ccb=7-5&oh=00_AfByjrnWEeozFP-f1aK1150ZhbDxu8nCEyjYvB3U6G9B-g&oe=638EB94D&_nc_sid=282b66,false
4260379002,__ayush_rai__,Ayush rai,https://instagram.fblr2-1.fna.fbcdn.net/v/t51.2885-19/311918096_1046145096020056_4754138480894716445_n.jpg?stp=dst-jpg_s150x150&_nc_ht=instagram.fblr2-1.fna.fbcdn.net&_nc_cat=104&_nc_ohc=Ic63b5rmORMAX8jXvsR&edm=AOG-cTkBAAAA&ccb=7-5&oh=00_AfCtYKaH327L2uQ2WmtA765y7t24OnYhoFLdi-JVXzhURg&oe=638E644D&_nc_sid=282b66,false
6098229021,puja060900,Puja Raj,https://instagram.fdel65-1.fna.fbcdn.net/v/t51.2885-19/44884218_345707102882519_2446069589734326272_n.jpg?_nc_ht=instagram.fdel65-1.fna.fbcdn.net&_nc_cat=1&_nc_ohc=v6hG0j-H7LQAX_zNkQ8&edm=ACaJ6XgBAAAA&ccb=7-5&ig_cache_key=YW5vbnltb3VzX3Byb2ZpbGVfcGlj.2-ccb7-5&oh=00_AfDQBTAsTJAdCm5010yUma7H8m9jSq2YAZTTNCoYNSP3Cg&oe=638EA58F&_nc_sid=0cc1b1,false
4470691150,ashishpathak_13_,Ashish Pathak,https://instagram.fblr2-2.fna.fbcdn.net/v/t51.2885-19/75676764_1184737235053508_3868113921202192384_n.jpg?stp=dst-jpg_s150x150&_nc_ht=instagram.fblr2-2.fna.fbcdn.net&_nc_cat=108&_nc_ohc=RbC6FYlUZ-YAX-MwTvE&edm=AOG-cTkBAAAA&ccb=7-5&oh=00_AfBivrNZKMxHnOfeo4EYuTkkY8pj4uXFq3HsecuydkBSWA&oe=638EDF81&_nc_sid=282b66,false
